Client: Synchrony,,,,,,,,,,,,,,,,,,,,,,,,,,,,,,
Program: Synchrony CCB2B - HIA incremental 8_2026 (ID: 132959),,,,,,,,,,,,,,,,,,,,,,,,,,,,,,
,,,,,,,,,,,,,,,,,,,,,,,,,,,,,,
Date,Account Name,Account Domain,Job Title,Country,Asset Name,Account Reached by Display(Y / N),Account Reached by Audio(Y / N),Account Reached by CTV(Y / N),Refunded,Top MLI Topic (Average Over Last 7 Weeks),# Trending MLI Topics (Over Last 7 weeks),MLI Topic 1,MLI Topic 2,MLI Topic 3,MLI Topic 4,MLI Topic 5,MLI Topic 6,MLI Topic 7,MLI Topic 8,MLI Topic 9,MLI Topic 10,MLI Topic 11,MLI Topic 12,MLI Topic 13,MLI Topic 14,MLI Topic 15,MLI Topic 16,MLI Topic 17,MLI Topic 18,MLI Topic 19
10-01-26,Acadia Healthcare,acadiahealthcare.com,Chief Financial Officer,United States,How Cost Impacts the Patient and Provider Journey,N,N,N,No,patient payments,9,patient payments,paypal (pypl),,,,klarna,,,afterpay,affirm,,,,medical billing,Affirm,paypal credit,paypal pay in 4,,
10-01-26,Akron Children's,akronchildrens.org,Nurse Practitioner,United States,The Role of Third-Party  Financing in the Health and  Wellness Payment Landscape,N,N,N,No,medical billing,11,patient payments,,,,,klarna,sezzle,,afterpay,affirm,,credit Management,payment solutions,medical billing,Affirm,paypal credit,,,wells fargo (wfc)
10-01-26,Akron Children's,akronchildrens.org,Nurse Practitioner,United States,The Role of Third-Party  Financing in the Health and  Wellness Payment Landscape,N,N,N,No,medical billing,11,patient payments,,,,,klarna,sezzle,,afterpay,affirm,,credit Management,payment solutions,medical billing,Affirm,paypal credit,,,wells fargo (wfc)
10-01-26,Akron Children's,akronchildrens.org,Nurse Practitioner,United States,Lifetime of Healthcare Costs in the U.S.,N,N,N,No,medical billing,11,patient payments,,,,,klarna,sezzle,,afterpay,affirm,,credit Management,payment solutions,medical billing,Affirm,paypal credit,,,wells fargo (wfc)
10-01-26,Akron Children's,akronchildrens.org,"Revenue Cycle Leader (VP, Director, Manager)",United States,How Cost Impacts the Patient and Provider Journey,N,N,N,No,medical billing,11,patient payments,,,,,klarna,sezzle,,afterpay,affirm,,credit Management,payment solutions,medical billing,Affirm,paypal credit,,,wells fargo (wfc)
10-01-26,Aspirus Health,aspirus.org,Physician Assistant,United States,Recognizing Burnout in Healthcare Staff and Ideas for Addressing It,N,N,N,No,medical billing,4,patient payments,,,,,,,,afterpay,,,,,medical billing,,,,,wells fargo (wfc)
10-01-26,Atlanticare,atlanticare.org,Physician Assistant,United States,Recognizing Burnout in Healthcare Staff and Ideas for Addressing It,N,N,N,No,patient payments,6,patient payments,paypal (pypl),,,,,,,afterpay,,,,,medical billing,,,paypal pay in 4,,wells fargo (wfc)
10-01-26,Atlantic Health,atlantichealth.org,Physician Assistant,United States,Lifetime of Healthcare Costs in the U.S.,N,N,N,No,paypal pay in 4,9,patient payments,paypal (pypl),,,,,sezzle,paypal pay later,afterpay,,payment plan,,payment solutions,medical billing,,,paypal pay in 4,,
10-01-26,Atrium Health,atriumhealth.org,Nurse Practitioner,United States,The Role of Third-Party  Financing in the Health and  Wellness Payment Landscape,N,N,N,No,medical billing,6,patient payments,paypal (pypl),,,,,sezzle,,afterpay,,,,,medical billing,,,,,wells fargo (wfc)
10-01-26,Bayhealth,bayhealth.org,Physician Assistant,United States,How Cost Impacts the Patient and Provider Journey,N,N,N,No,patient payments,5,patient payments,paypal (pypl),,,,,,,,affirm,,,,medical billing,Affirm,,,,
10-01-26,Bayhealth,bayhealth.org,Physician Assistant,United States,Recognizing Burnout in Healthcare Staff and Ideas for Addressing It,N,N,N,No,patient payments,5,patient payments,paypal (pypl),,,,,,,,affirm,,,,medical billing,Affirm,,,,
10-01-26,Baystate Health,baystatehealth.org,Nurse Practitioner,United States,The Role of Third-Party  Financing in the Health and  Wellness Payment Landscape,N,N,N,No,patient payments,7,patient payments,,,,,,sezzle,paypal pay later,afterpay,,,credit Management,payment solutions,medical billing,,,,,
10-01-26,Baystate Health,baystatehealth.org,Physician Assistant,United States,How Cost Impacts the Patient and Provider Journey,N,N,N,No,patient payments,7,patient payments,,,,,,sezzle,paypal pay later,afterpay,,,credit Management,payment solutions,medical billing,,,,,
10-01-26,Baystate Health,baystatehealth.org,Physician Assistant,United States,Recognizing Burnout in Healthcare Staff and Ideas for Addressing It,N,N,N,No,patient payments,7,patient payments,,,,,,sezzle,paypal pay later,afterpay,,,credit Management,payment solutions,medical billing,,,,,
10-01-26,Baystate Health,baystatehealth.org,Physician Assistant,United States,The Role of Third-Party  Financing in the Health and  Wellness Payment Landscape,N,N,N,No,patient payments,7,patient payments,,,,,,sezzle,paypal pay later,afterpay,,,credit Management,payment solutions,medical billing,,,,,
10-01-26,"Behavioral Health Network, Inc (Bhn)",bhninc.org,Nurse Practitioner,United States,Recognizing Burnout in Healthcare Staff and Ideas for Addressing It,N,N,N,No,patient payments,4,patient payments,,,,,,,paypal pay later,,,payment plan,,,,,,,,wells fargo (wfc)
10-01-26,Broward Health,browardhealth.org,Nurse Practitioner,United States,Recognizing Burnout in Healthcare Staff and Ideas for Addressing It,N,N,N,No,patient payments,9,patient payments,paypal (pypl),,debt relief,,klarna,,,afterpay,,,,payment solutions,medical billing,,,paypal pay in 4,,wells fargo (wfc)
10-01-26,Cano Health,canohealth.com,Nurse Practitioner,United States,The Role of Third-Party  Financing in the Health and  Wellness Payment Landscape,N,N,N,No,paypal (pypl),2,,paypal (pypl),,,,,,,,,,,,,,,,,wells fargo (wfc)
10-01-26,Cape Fear Valley Health,capefearvalley.com,Nurse Practitioner,United States,The Role of Third-Party  Financing in the Health and  Wellness Payment Landscape,N,N,N,No,payment solutions,7,patient payments,paypal (pypl),,debt relief,,klarna,,,,,,,payment solutions,medical billing,,paypal credit,,,
10-01-26,Caromont Health,caromonthealth.org,Nurse Practitioner,United States,Recognizing Burnout in Healthcare Staff and Ideas for Addressing It,N,N,N,No,patient payments,10,patient payments,,,debt relief,,,,paypal pay later,afterpay,affirm,,credit Management,payment solutions,medical billing,Affirm,,paypal pay in 4,,
10-01-26,Caromont Health,caromonthealth.org,Physician Assistant,United States,Lifetime of Healthcare Costs in the U.S.,N,N,N,No,patient payments,10,patient payments,,,debt relief,,,,paypal pay later,afterpay,affirm,,credit Management,payment solutions,medical billing,Affirm,,paypal pay in 4,,
10-01-26,Cambridge Health Alliance,challiance.org,Physician Assistant,United States,The Role of Third-Party  Financing in the Health and  Wellness Payment Landscape,N,N,N,No,patient payments,7,patient payments,paypal (pypl),,,,klarna,,,afterpay,,payment plan,,payment solutions,medical billing,,,,,
10-01-26,Cambridge Health Alliance,challiance.org,Physician Assistant,United States,The Role of Third-Party  Financing in the Health and  Wellness Payment Landscape,N,N,N,No,patient payments,7,patient payments,paypal (pypl),,,,klarna,,,afterpay,,payment plan,,payment solutions,medical billing,,,,,
10-01-26,Community Health Center,chc1.com,Physician Assistant,United States,Recognizing Burnout in Healthcare Staff and Ideas for Addressing It,N,N,N,No,klarna,5,,paypal (pypl),,,,klarna,,,,,payment plan,,,,,,paypal pay in 4,,wells fargo (wfc)
10-01-26,Dayton Children's Hospital,childrensdayton.org,Physician Assistant,United States,Recognizing Burnout in Healthcare Staff and Ideas for Addressing It,N,N,N,No,afterpay,7,patient payments,paypal (pypl),,,zippay,,,,afterpay,,payment plan,credit Management,,medical billing,,,,,
10-01-26,Children's Hospital Of The King's Daughters,chkd.org,Physician Assistant,United States,Lifetime of Healthcare Costs in the U.S.,N,N,N,No,medical billing,5,patient payments,paypal (pypl),,,,,,,,,payment plan,,,medical billing,,,paypal pay in 4,,
10-01-26,Children's Hospital Of The King's Daughters,chkd.org,Physician Assistant,United States,Lifetime of Healthcare Costs in the U.S.,N,N,N,No,medical billing,5,patient payments,paypal (pypl),,,,,,,,,payment plan,,,medical billing,,,paypal pay in 4,,
10-01-26,Children's Hospital Of The King's Daughters,chkd.org,Nurse Practitioner,United States,Lifetime of Healthcare Costs in the U.S.,N,N,N,No,medical billing,5,patient payments,paypal (pypl),,,,,,,,,payment plan,,,medical billing,,,paypal pay in 4,,
10-01-26,Christianacare,christianacare.org,Nurse Practitioner,United States,Lifetime of Healthcare Costs in the U.S.,N,N,N,No,afterpay,9,patient payments,,,debt relief,,,,,afterpay,,payment plan,credit Management,payment solutions,medical billing,,,paypal pay in 4,,wells fargo (wfc)
10-01-26,Christianacare,christianacare.org,Nurse Practitioner,United States,Lifetime of Healthcare Costs in the U.S.,N,N,N,No,afterpay,9,patient payments,,,debt relief,,,,,afterpay,,payment plan,credit Management,payment solutions,medical billing,,,paypal pay in 4,,wells fargo (wfc)
10-01-26,Cleveland Clinic,clevelandclinic.org,Physician Assistant,United States,Recognizing Burnout in Healthcare Staff and Ideas for Addressing It,N,N,N,No,medical billing,4,patient payments,,,,,,sezzle,,afterpay,,,,,medical billing,,,,,
10-01-26,"Conemaugh Health System, Duke Lifepoint Healthcare",conemaugh.org,Nurse Practitioner,United States,Lifetime of Healthcare Costs in the U.S.,N,N,N,No,paypal credit,9,patient payments,paypal (pypl),,debt relief,,,,,afterpay,,payment plan,,payment solutions,medical billing,,paypal credit,paypal pay in 4,,
10-01-26,Deaconess Health System,deaconess.com,Nurse Practitioner,United States,Recognizing Burnout in Healthcare Staff and Ideas for Addressing It,N,N,N,No,medical billing,11,patient payments,paypal (pypl),,,,klarna,,,afterpay,affirm,payment plan,,payment solutions,medical billing,Affirm,paypal credit,,,wells fargo (wfc)
10-01-26,Deaconess Health System,deaconess.com,Nurse Practitioner,United States,Recognizing Burnout in Healthcare Staff and Ideas for Addressing It,N,N,N,No,medical billing,11,patient payments,paypal (pypl),,,,klarna,,,afterpay,affirm,payment plan,,payment solutions,medical billing,Affirm,paypal credit,,,wells fargo (wfc)
10-01-26,Vidant Health,ecuhealth.org,Physician Assistant,United States,Recognizing Burnout in Healthcare Staff and Ideas for Addressing It,N,N,N,No,medical billing,1,,,,,,,,,,,,,,medical billing,,,,,
10-01-26,Emory Healthcare,emoryhealthcare.org,Physician Assistant,United States,How Cost Impacts the Patient and Provider Journey,N,N,N,No,patient payments,7,patient payments,,,,,,sezzle,paypal pay later,afterpay,,payment plan,,payment solutions,medical billing,,,,,
10-01-26,Emory Healthcare,emoryhealthcare.org,Nurse Practitioner,United States,Recognizing Burnout in Healthcare Staff and Ideas for Addressing It,N,N,N,No,patient payments,7,patient payments,,,,,,sezzle,paypal pay later,afterpay,,payment plan,,payment solutions,medical billing,,,,,
10-01-26,Ensemble Health Partners,ensemblehp.com,"Revenue Cycle Leader (VP, Director, Manager)",United States,Lifetime of Healthcare Costs in the U.S.,N,N,N,No,patient payments,4,patient payments,,,,,klarna,,,,,,,,medical billing,,,paypal pay in 4,,
10-01-26,Fair Haven Community Health Care,fhchc.org,Chief Financial Officer,United States,How Cost Impacts the Patient and Provider Journey,N,N,N,No,wells fargo (wfc),2,,,,debt relief,,,,,,,,,,,,,,,wells fargo (wfc)
10-01-26,Florida Cancer Specialists & Research Institute,flcancer.com,Nurse Practitioner,United States,The Role of Third-Party  Financing in the Health and  Wellness Payment Landscape,N,N,N,No,patient payments,9,patient payments,paypal (pypl),,debt relief,,klarna,sezzle,,afterpay,,payment plan,,,medical billing,,paypal credit,,,
10-01-26,Freedomcare,freedomcare.com,Chief Executive Officer,United States,How Cost Impacts the Patient and Provider Journey,N,N,N,No,wells fargo (wfc),3,,paypal (pypl),,,,,,,,,,,,,,,paypal pay in 4,,wells fargo (wfc)
10-01-26,Geisinger,geisinger.org,Physician Assistant,United States,Recognizing Burnout in Healthcare Staff and Ideas for Addressing It,N,N,N,No,medical billing,6,,paypal (pypl),,,,,,,afterpay,,payment plan,,,medical billing,,,paypal pay in 4,,wells fargo (wfc)
10-01-26,Hca Healthcare,hcahealthcare.com,"Patient Access Leader (Director, Specialist)",United States,Lifetime of Healthcare Costs in the U.S.,N,N,N,No,medical billing,6,patient payments,paypal (pypl),,,,,,,afterpay,,,credit Management,,medical billing,,,paypal pay in 4,,
10-01-26,redeemer health,holyredeemer.com,Nurse Practitioner,United States,Recognizing Burnout in Healthcare Staff and Ideas for Addressing It,N,N,N,No,afterpay,5,patient payments,,,debt relief,,,,,afterpay,,,,,medical billing,,,,,wells fargo (wfc)
10-01-26,redeemer health,holyredeemer.com,Chief Executive Officer,United States,Recognizing Burnout in Healthcare Staff and Ideas for Addressing It,N,N,N,No,afterpay,5,patient payments,,,debt relief,,,,,afterpay,,,,,medical billing,,,,,wells fargo (wfc)
10-01-26,Inova Health,inova.org,Nurse Practitioner,United States,The Role of Third-Party  Financing in the Health and  Wellness Payment Landscape,N,N,N,No,medical billing,10,patient payments,paypal (pypl),,,,,sezzle,paypal pay later,afterpay,,,credit Management,payment solutions,medical billing,,,paypal pay in 4,,wells fargo (wfc)
10-01-26,Inova Health,inova.org,Nurse Practitioner,United States,The Role of Third-Party  Financing in the Health and  Wellness Payment Landscape,N,N,N,No,medical billing,10,patient payments,paypal (pypl),,,,,sezzle,paypal pay later,afterpay,,,credit Management,payment solutions,medical billing,,,paypal pay in 4,,wells fargo (wfc)
10-01-26,Kaleida Health,kaleidahealth.org,"Patient Access Leader (Director, Specialist)",United States,How Cost Impacts the Patient and Provider Journey,N,N,N,No,afterpay,6,patient payments,paypal (pypl),,,,,,,afterpay,,payment plan,,,medical billing,,,paypal pay in 4,,
10-01-26,Kennedy Krieger Institute,kennedykrieger.org,Nurse Practitioner,United States,Lifetime of Healthcare Costs in the U.S.,N,N,N,No,afterpay,6,,,,,,,sezzle,paypal pay later,afterpay,,,,payment solutions,medical billing,,,paypal pay in 4,,
10-01-26,Kennedy Krieger Institute,kennedykrieger.org,Nurse Practitioner,United States,How Cost Impacts the Patient and Provider Journey,N,N,N,No,afterpay,6,,,,,,,sezzle,paypal pay later,afterpay,,,,payment solutions,medical billing,,,paypal pay in 4,,
10-01-26,Maimonides Medical Center,maimonidesmed.org,Nurse Practitioner,United States,The Role of Third-Party  Financing in the Health and  Wellness Payment Landscape,N,N,N,No,medical billing,5,patient payments,paypal (pypl),,,,,,,,,payment plan,,payment solutions,medical billing,,,,,
10-01-26,Memorial Healthcare,memorialhealthcare.org,Physician Assistant,United States,How Cost Impacts the Patient and Provider Journey,N,N,N,No,medical billing,4,patient payments,paypal (pypl),,debt relief,,,,,,,,,,medical billing,,,,,
10-01-26,Memorial Healthcare,memorialhealthcare.org,Nurse Practitioner,United States,Recognizing Burnout in Healthcare Staff and Ideas for Addressing It,N,N,N,No,medical billing,4,patient payments,paypal (pypl),,debt relief,,,,,,,,,,medical billing,,,,,
10-01-26,Mercy Health,mercy.com,Physician Assistant,United States,Recognizing Burnout in Healthcare Staff and Ideas for Addressing It,N,N,N,No,paypal (pypl),6,patient payments,paypal (pypl),,,,,,,afterpay,,,,payment solutions,medical billing,,,,,wells fargo (wfc)
10-01-26,Mount Sinai Health System,mountsinai.org,Physician Assistant,United States,Lifetime of Healthcare Costs in the U.S.,N,N,N,No,paypal (pypl),11,patient payments,paypal (pypl),,,,,sezzle,,afterpay,affirm,payment plan,credit Management,,medical billing,Affirm,,paypal pay in 4,greensky,
10-01-26,Nationwide Children's Hospital,nationwidechildrens.org,Nurse Practitioner,United States,How Cost Impacts the Patient and Provider Journey,N,N,N,No,afterpay,9,patient payments,paypal (pypl),,,,klarna,sezzle,,afterpay,,,,payment solutions,medical billing,,paypal credit,paypal pay in 4,,
10-01-26,Nationwide Children's Hospital,nationwidechildrens.org,Nurse Practitioner,United States,The Role of Third-Party  Financing in the Health and  Wellness Payment Landscape,N,N,N,No,afterpay,9,patient payments,paypal (pypl),,,,klarna,sezzle,,afterpay,,,,payment solutions,medical billing,,paypal credit,paypal pay in 4,,
10-01-26,Nemours Children's Health,nemours.org,Physician Assistant,United States,Lifetime of Healthcare Costs in the U.S.,N,N,N,No,sezzle,9,patient payments,paypal (pypl),,,,,sezzle,,afterpay,,,,payment solutions,medical billing,,paypal credit,paypal pay in 4,,wells fargo (wfc)
10-01-26,Nemours Children's Health,nemours.org,Physician Assistant,United States,The Role of Third-Party  Financing in the Health and  Wellness Payment Landscape,N,N,N,No,sezzle,9,patient payments,paypal (pypl),,,,,sezzle,,afterpay,,,,payment solutions,medical billing,,paypal credit,paypal pay in 4,,wells fargo (wfc)
10-01-26,Nemours Children's Health,nemours.org,Nurse Practitioner,United States,The Role of Third-Party  Financing in the Health and  Wellness Payment Landscape,N,N,N,No,sezzle,9,patient payments,paypal (pypl),,,,,sezzle,,afterpay,,,,payment solutions,medical billing,,paypal credit,paypal pay in 4,,wells fargo (wfc)
10-01-26,Nemours Children's Health,nemours.org,Physician Assistant,United States,Lifetime of Healthcare Costs in the U.S.,N,N,N,No,sezzle,9,patient payments,paypal (pypl),,,,,sezzle,,afterpay,,,,payment solutions,medical billing,,paypal credit,paypal pay in 4,,wells fargo (wfc)
10-01-26,Northeast Georgia Health System,nghs.com,Nurse Practitioner,United States,How Cost Impacts the Patient and Provider Journey,N,N,N,No,patient payments,9,patient payments,,,debt relief,,,sezzle,,afterpay,,payment plan,,,medical billing,,paypal credit,paypal pay in 4,,wells fargo (wfc)
10-01-26,Northeast Georgia Health System,nghs.com,Physician Assistant,United States,Recognizing Burnout in Healthcare Staff and Ideas for Addressing It,N,N,N,No,patient payments,9,patient payments,,,debt relief,,,sezzle,,afterpay,,payment plan,,,medical billing,,paypal credit,paypal pay in 4,,wells fargo (wfc)
10-01-26,Northeast Georgia Health System,nghs.com,Nurse Practitioner,United States,Lifetime of Healthcare Costs in the U.S.,N,N,N,No,patient payments,9,patient payments,,,debt relief,,,sezzle,,afterpay,,payment plan,,,medical billing,,paypal credit,paypal pay in 4,,wells fargo (wfc)
10-01-26,Northwestern Medicine,nm.org,Physician Assistant,United States,How Cost Impacts the Patient and Provider Journey,N,N,N,No,patient payments,8,patient payments,paypal (pypl),,,,,,,afterpay,,payment plan,credit Management,payment solutions,medical billing,,,paypal pay in 4,,
10-01-26,Northside Hospital,northside.com,Nurse Practitioner,United States,The Role of Third-Party  Financing in the Health and  Wellness Payment Landscape,N,N,N,No,paypal (pypl),8,patient payments,paypal (pypl),,,,,,paypal pay later,afterpay,,,,payment solutions,medical billing,,paypal credit,,,wells fargo (wfc)
10-01-26,Nyu Langone Health,nyulangone.org,Nurse Practitioner,United States,Recognizing Burnout in Healthcare Staff and Ideas for Addressing It,N,N,N,No,medical billing,12,patient payments,paypal (pypl),,,,klarna,sezzle,paypal pay later,afterpay,affirm,,credit Management,,medical billing,Affirm,,paypal pay in 4,,wells fargo (wfc)
10-01-26,Rochester Regional Health,rochesterregional.org,Physician Assistant,United States,The Role of Third-Party  Financing in the Health and  Wellness Payment Landscape,N,N,N,No,afterpay,6,,paypal (pypl),,,,klarna,,,afterpay,,,credit Management,,medical billing,,paypal credit,,,
10-01-26,Rochester Regional Health,rochesterregional.org,Physician Assistant,United States,The Role of Third-Party  Financing in the Health and  Wellness Payment Landscape,N,N,N,No,afterpay,6,,paypal (pypl),,,,klarna,,,afterpay,,,credit Management,,medical billing,,paypal credit,,,
10-01-26,Rochester Regional Health,rochesterregional.org,Nurse Practitioner,United States,Lifetime of Healthcare Costs in the U.S.,N,N,N,No,afterpay,6,,paypal (pypl),,,,klarna,,,afterpay,,,credit Management,,medical billing,,paypal credit,,,
10-01-26,Richmond University Medical Center,rumcsi.org,Physician Assistant,United States,Recognizing Burnout in Healthcare Staff and Ideas for Addressing It,N,N,N,No,medical billing,6,patient payments,,,,,,,paypal pay later,afterpay,,,,,medical billing,,,paypal pay in 4,,wells fargo (wfc)
10-01-26,Sgmc Health,sgmc.org,Nurse Practitioner,United States,Recognizing Burnout in Healthcare Staff and Ideas for Addressing It,N,N,N,No,medical billing,8,patient payments,paypal (pypl),,,,klarna,,paypal pay later,,,payment plan,,,medical billing,,,paypal pay in 4,,wells fargo (wfc)
10-01-26,Sparrow Health System,sparrow.org,Physician Assistant,United States,How Cost Impacts the Patient and Provider Journey,N,N,N,No,medical billing,5,patient payments,paypal (pypl),,debt relief,,,,,,,,,,medical billing,,,,,wells fargo (wfc)
10-01-26,Saint Francis Hospital,trinityhealthofne.org,Physician Assistant,United States,Lifetime of Healthcare Costs in the U.S.,N,N,N,No,wells fargo (wfc),8,patient payments,paypal (pypl),,debt relief,,,,,afterpay,,payment plan,,,,,paypal credit,paypal pay in 4,,wells fargo (wfc)
10-01-26,Tufts Medical Center,tuftsmedicalcenter.org,Nurse Practitioner,United States,The Role of Third-Party  Financing in the Health and  Wellness Payment Landscape,N,N,N,No,patient payments,7,patient payments,,,debt relief,,klarna,,,afterpay,,payment plan,,,medical billing,,paypal credit,,,
10-01-26,Tufts Medical Center,tuftsmedicalcenter.org,Physician Assistant,United States,Lifetime of Healthcare Costs in the U.S.,N,N,N,No,patient payments,7,patient payments,,,debt relief,,klarna,,,afterpay,,payment plan,,,medical billing,,paypal credit,,,
10-01-26,Tufts Medical Center,tuftsmedicalcenter.org,Physician Assistant,United States,How Cost Impacts the Patient and Provider Journey,N,N,N,No,patient payments,7,patient payments,,,debt relief,,klarna,,,afterpay,,payment plan,,,medical billing,,paypal credit,,,
10-01-26,Tufts Medical Center,tuftsmedicalcenter.org,Nurse Practitioner,United States,Recognizing Burnout in Healthcare Staff and Ideas for Addressing It,N,N,N,No,patient payments,7,patient payments,,,debt relief,,klarna,,,afterpay,,payment plan,,,medical billing,,paypal credit,,,
10-01-26,Umass Memorial Medical Center,umassmemorial.org,Nurse Practitioner,United States,Recognizing Burnout in Healthcare Staff and Ideas for Addressing It,N,N,N,No,afterpay,7,patient payments,paypal (pypl),,,,klarna,,,afterpay,,,,payment solutions,medical billing,,paypal credit,,,
10-01-26,Umass Memorial Medical Center,umassmemorial.org,Nurse Practitioner,United States,Lifetime of Healthcare Costs in the U.S.,N,N,N,No,afterpay,7,patient payments,paypal (pypl),,,,klarna,,,afterpay,,,,payment solutions,medical billing,,paypal credit,,,
10-01-26,United Digestive,uniteddigestive.com,Physician Assistant,United States,How Cost Impacts the Patient and Provider Journey,N,N,N,No,debt relief,1,,,,debt relief,,,,,,,,,,,,,,,
10-01-26,"Urban Health Plan, Inc.",urbanhealthplan.org,Chief Financial Officer,United States,Recognizing Burnout in Healthcare Staff and Ideas for Addressing It,N,N,N,No,patient payments,5,patient payments,paypal (pypl),,,,klarna,,,,,payment plan,,,,,,,,wells fargo (wfc)
10-01-26,Valley Health System,valleyhealth.com,Nurse Practitioner,United States,Recognizing Burnout in Healthcare Staff and Ideas for Addressing It,N,N,N,No,patient payments,6,patient payments,paypal (pypl),,,,,,paypal pay later,,,payment plan,,,medical billing,,,,,wells fargo (wfc)
10-01-26,Valley Health System,valleyhealth.com,Physician Assistant,United States,Recognizing Burnout in Healthcare Staff and Ideas for Addressing It,N,N,N,No,patient payments,6,patient payments,paypal (pypl),,,,,,paypal pay later,,,payment plan,,,medical billing,,,,,wells fargo (wfc)
10-01-26,Vcu Health,vcuhealth.org,Physician Assistant,United States,The Role of Third-Party  Financing in the Health and  Wellness Payment Landscape,N,N,N,No,medical billing,7,patient payments,paypal (pypl),,,,,,,afterpay,,payment plan,,payment solutions,medical billing,,,,,wells fargo (wfc)
10-01-26,Vcu Health,vcuhealth.org,Nurse Practitioner,United States,Lifetime of Healthcare Costs in the U.S.,N,N,N,No,medical billing,7,patient payments,paypal (pypl),,,,,,,afterpay,,payment plan,,payment solutions,medical billing,,,,,wells fargo (wfc)
10-01-26,Women's Care,womenscarefl.com,Physician Assistant,United States,Lifetime of Healthcare Costs in the U.S.,N,N,N,No,paypal (pypl),2,,paypal (pypl),,,,,,,,,payment plan,,,,,,,,
10-01-26,Women's Care,womenscarefl.com,Nurse Practitioner,United States,Recognizing Burnout in Healthcare Staff and Ideas for Addressing It,N,N,N,No,paypal (pypl),2,,paypal (pypl),,,,,,,,,payment plan,,,,,,,,
10-01-26,Women's Care,womenscarefl.com,Chief Executive Officer,United States,The Role of Third-Party  Financing in the Health and  Wellness Payment Landscape,N,N,N,No,paypal (pypl),2,,paypal (pypl),,,,,,,,,payment plan,,,,,,,,
19-01-26,Broward Health,browardhealth.org,Chief Executive Officer,United States,Recognizing Burnout in Healthcare Staff and Ideas for Addressing It,N,N,N,No,patient payments,9,patient payments,paypal (pypl),,debt relief,,klarna,,,afterpay,,,,payment solutions,medical billing,,,paypal pay in 4,,wells fargo (wfc)
19-01-26,Children's Hospital Of The King's Daughters,chkd.org,Physician Assistant,United States,How Cost Impacts the Patient and Provider Journey,N,N,N,No,medical billing,5,patient payments,paypal (pypl),,,,,,,,,payment plan,,,medical billing,,,paypal pay in 4,,
19-01-26,Northeast Georgia Health System,nghs.com,Nurse Practitioner,United States,Recognizing Burnout in Healthcare Staff and Ideas for Addressing It,N,N,N,No,patient payments,9,patient payments,,,debt relief,,,sezzle,,afterpay,,payment plan,,,medical billing,,paypal credit,paypal pay in 4,,wells fargo (wfc)
19-01-26,Rochester Regional Health,rochesterregional.org,Physician Assistant,United States,How Cost Impacts the Patient and Provider Journey,N,N,N,No,afterpay,6,,paypal (pypl),,,,klarna,,,afterpay,,,credit Management,,medical billing,,paypal credit,,,
19-01-26,Sutter Health,sutterhealth.org,Chief Executive Officer,United States,How Cost Impacts the Patient and Provider Journey,N,N,N,No,medical billing,5,patient payments,,,,,,,,,,,,payment solutions,medical billing,,,paypal pay in 4,,wells fargo (wfc)
19-01-26,Trinity Health,trinity-health.org,"Financial Leader (VP, Analyst, Counselor)",United States,How Cost Impacts the Patient and Provider Journey,N,N,N,No,medical billing,8,patient payments,,,,,klarna,sezzle,,,,,,payment solutions,medical billing,,paypal credit,paypal pay in 4,,wells fargo (wfc)
20-01-26,Arkansas Children's,archildrens.org,"Financial Leader (VP, Analyst, Counselor)",United States,The Role of Third-Party  Financing in the Health and  Wellness Payment Landscape,N,N,N,No,medical billing,6,patient payments,paypal (pypl),,,zippay,klarna,,,,,payment plan,,,medical billing,,,,,
20-01-26,Aspirus Health,aspirus.org,Nurse Practitioner,United States,The Role of Third-Party  Financing in the Health and  Wellness Payment Landscape,N,N,N,No,medical billing,4,patient payments,,,,,,,,afterpay,,,,,medical billing,,,,,wells fargo (wfc)
20-01-26,Aspirus Health,aspirus.org,Nurse Practitioner,United States,The Role of Third-Party  Financing in the Health and  Wellness Payment Landscape,N,N,N,No,medical billing,4,patient payments,,,,,,,,afterpay,,,,,medical billing,,,,,wells fargo (wfc)
20-01-26,Atlanticare,atlanticare.org,"Patient Access Leader (Director, Specialist)",United States,Lifetime of Healthcare Costs in the U.S.,N,N,N,No,patient payments,6,patient payments,paypal (pypl),,,,,,,afterpay,,,,,medical billing,,,paypal pay in 4,,wells fargo (wfc)
20-01-26,Axia Women's Health,axiawh.com,Nurse Practitioner,United States,Recognizing Burnout in Healthcare Staff and Ideas for Addressing It,N,N,N,No,paypal (pypl),4,patient payments,paypal (pypl),,debt relief,,,,,afterpay,,,,,,,,,,
20-01-26,Bellin Health,bellin.org,Physician Assistant,United States,The Role of Third-Party  Financing in the Health and  Wellness Payment Landscape,N,N,N,No,medical billing,9,patient payments,,,,zippay,,sezzle,paypal pay later,,,payment plan,,payment solutions,medical billing,,paypal credit,paypal pay in 4,,
20-01-26,Bellin Health,bellin.org,Physician Assistant,United States,Lifetime of Healthcare Costs in the U.S.,N,N,N,No,medical billing,9,patient payments,,,,zippay,,sezzle,paypal pay later,,,payment plan,,payment solutions,medical billing,,paypal credit,paypal pay in 4,,
20-01-26,Bellin Health,bellin.org,Nurse Practitioner,United States,Recognizing Burnout in Healthcare Staff and Ideas for Addressing It,N,N,N,No,medical billing,9,patient payments,,,,zippay,,sezzle,paypal pay later,,,payment plan,,payment solutions,medical billing,,paypal credit,paypal pay in 4,,
20-01-26,Beth Israel Deaconess Hospital-Plymouth,bidplymouth.org,Physician Assistant,United States,How Cost Impacts the Patient and Provider Journey,N,N,N,No,wells fargo (wfc),2,,,,,,,,,afterpay,,,,,,,,,,wells fargo (wfc)
20-01-26,Beth Israel Deaconess Hospital-Plymouth,bidplymouth.org,Nurse Practitioner,United States,Lifetime of Healthcare Costs in the U.S.,N,N,N,No,wells fargo (wfc),2,,,,,,,,,afterpay,,,,,,,,,,wells fargo (wfc)
20-01-26,Bronxcare Health System,bronxcare.org,Nurse Practitioner,United States,The Role of Third-Party  Financing in the Health and  Wellness Payment Landscape,N,N,N,No,patient payments,8,patient payments,paypal (pypl),,,,klarna,sezzle,,afterpay,affirm,,,,medical billing,Affirm,,,,
20-01-26,Broward Health,browardhealth.org,"Financial Leader (VP, Analyst, Counselor)",United States,Lifetime of Healthcare Costs in the U.S.,N,N,N,No,patient payments,9,patient payments,paypal (pypl),,debt relief,,klarna,,,afterpay,,,,payment solutions,medical billing,,,paypal pay in 4,,wells fargo (wfc)
20-01-26,Bsa Health System,bsahs.org,Nurse Practitioner,United States,The Role of Third-Party  Financing in the Health and  Wellness Payment Landscape,N,N,N,No,afterpay,2,,,,,,,,,afterpay,,,,,,,,,,wells fargo (wfc)
20-01-26,Cano Health,canohealth.com,Nurse Practitioner,United States,Lifetime of Healthcare Costs in the U.S.,N,N,N,No,paypal (pypl),2,,paypal (pypl),,,,,,,,,,,,,,,,,wells fargo (wfc)
20-01-26,Caromont Health,caromonthealth.org,Nurse Practitioner,United States,How Cost Impacts the Patient and Provider Journey,N,N,N,No,patient payments,10,patient payments,,,debt relief,,,,paypal pay later,afterpay,affirm,,credit Management,payment solutions,medical billing,Affirm,,paypal pay in 4,,
20-01-26,Cornerstone Healthcare Group,chghospitals.com,Chief Executive Officer,United States,Lifetime of Healthcare Costs in the U.S.,N,N,N,No,patient payments,4,patient payments,paypal (pypl),,,,,,,,,,,,,,,paypal pay in 4,,wells fargo (wfc)
20-01-26,Children's Of Alabama,childrensal.org,Nurse Practitioner,United States,The Role of Third-Party  Financing in the Health and  Wellness Payment Landscape,N,N,N,No,afterpay,8,patient payments,,,debt relief,,klarna,,,afterpay,affirm,,credit Management,,,Affirm,,,,wells fargo (wfc)
20-01-26,Dayton Children's Hospital,childrensdayton.org,"Patient Access Leader (Director, Specialist)",United States,How Cost Impacts the Patient and Provider Journey,N,N,N,No,afterpay,7,patient payments,paypal (pypl),,,zippay,,,,afterpay,,payment plan,credit Management,,medical billing,,,,,
20-01-26,Dayton Children's Hospital,childrensdayton.org,Physician Assistant,United States,Lifetime of Healthcare Costs in the U.S.,N,N,N,No,afterpay,7,patient payments,paypal (pypl),,,zippay,,,,afterpay,,payment plan,credit Management,,medical billing,,,,,
20-01-26,Dayton Children's Hospital,childrensdayton.org,Nurse Practitioner,United States,How Cost Impacts the Patient and Provider Journey,N,N,N,No,afterpay,7,patient payments,paypal (pypl),,,zippay,,,,afterpay,,payment plan,credit Management,,medical billing,,,,,
20-01-26,Cleveland Clinic,clevelandclinic.org,"Financial Leader (VP, Analyst, Counselor)",United States,The Role of Third-Party  Financing in the Health and  Wellness Payment Landscape,N,N,N,No,medical billing,4,patient payments,,,,,,sezzle,,afterpay,,,,,medical billing,,,,,
20-01-26,Central Maine Healthcare,cmhc.org,Physician Assistant,United States,How Cost Impacts the Patient and Provider Journey,N,N,N,No,payment solutions,7,patient payments,paypal (pypl),,,,klarna,,paypal pay later,,,,,payment solutions,,,,paypal pay in 4,,wells fargo (wfc)
20-01-26,Coastal Orthopedics,coastalorthopedics.com,Physician Assistant,United States,The Role of Third-Party  Financing in the Health and  Wellness Payment Landscape,N,N,N,No,debt relief,1,,,,debt relief,,,,,,,,,,,,,,,
20-01-26,Dhr Health,dhrhealth.com,Nurse Practitioner,United States,Lifetime of Healthcare Costs in the U.S.,N,N,N,No,debt relief,2,patient payments,,,debt relief,,,,,,,,,,,,,,,
20-01-26,Ensemble Health Partners,ensemblehp.com,"Patient Access Leader (Director, Specialist)",United States,How Cost Impacts the Patient and Provider Journey,N,N,N,No,patient payments,4,patient payments,,,,,klarna,,,,,,,,medical billing,,,paypal pay in 4,,
20-01-26,Ernest Health,ernesthealth.com,Chief Executive Officer,United States,How Cost Impacts the Patient and Provider Journey,N,N,N,No,patient payments,4,patient payments,paypal (pypl),,,,,,,,,payment plan,,,medical billing,,,,,
20-01-26,Firsthealth Of The Carolinas,firsthealth.org,Physician Assistant,United States,Lifetime of Healthcare Costs in the U.S.,N,N,N,No,medical billing,6,patient payments,paypal (pypl),,debt relief,,klarna,,,,,,,,medical billing,,,paypal pay in 4,,
20-01-26,Firsthealth Of The Carolinas,firsthealth.org,Nurse Practitioner,United States,How Cost Impacts the Patient and Provider Journey,N,N,N,No,medical billing,6,patient payments,paypal (pypl),,debt relief,,klarna,,,,,,,,medical billing,,,paypal pay in 4,,
20-01-26,Florida Cancer Specialists & Research Institute,flcancer.com,Nurse Practitioner,United States,The Role of Third-Party  Financing in the Health and  Wellness Payment Landscape,N,N,N,No,patient payments,9,patient payments,paypal (pypl),,debt relief,,klarna,sezzle,,afterpay,,payment plan,,,medical billing,,paypal credit,,,
20-01-26,Geisinger,geisinger.org,Nurse Practitioner,United States,How Cost Impacts the Patient and Provider Journey,N,N,N,No,medical billing,6,,paypal (pypl),,,,,,,afterpay,,payment plan,,,medical billing,,,paypal pay in 4,,wells fargo (wfc)
20-01-26,Great Plains Health,gphealth.org,Physician Assistant,United States,The Role of Third-Party  Financing in the Health and  Wellness Payment Landscape,N,N,N,No,patient payments,4,patient payments,paypal (pypl),,debt relief,,,,,,,,,,,,,paypal pay in 4,,
20-01-26,Hca Healthcare,hcahealthcare.com,Nurse Practitioner,United States,The Role of Third-Party  Financing in the Health and  Wellness Payment Landscape,N,N,N,No,medical billing,6,patient payments,paypal (pypl),,,,,,,afterpay,,,credit Management,,medical billing,,,paypal pay in 4,,
20-01-26,Hca Healthcare,hcahealthcare.com,Physician Assistant,United States,Recognizing Burnout in Healthcare Staff and Ideas for Addressing It,N,N,N,No,medical billing,6,patient payments,paypal (pypl),,,,,,,afterpay,,,credit Management,,medical billing,,,paypal pay in 4,,
20-01-26,Hendrick Health,hendrickhealth.org,Nurse Practitioner,United States,The Role of Third-Party  Financing in the Health and  Wellness Payment Landscape,N,N,N,No,afterpay,6,patient payments,paypal (pypl),,,,klarna,,paypal pay later,afterpay,,,,,,,,paypal pay in 4,,
20-01-26,Holland Hospital,hollandhospital.org,"Financial Leader (VP, Analyst, Counselor)",United States,Recognizing Burnout in Healthcare Staff and Ideas for Addressing It,N,N,N,No,payment plan,9,patient payments,paypal (pypl),,debt relief,,,,paypal pay later,afterpay,,payment plan,,,medical billing,,,paypal pay in 4,,wells fargo (wfc)
20-01-26,Holland Hospital,hollandhospital.org,Nurse Practitioner,United States,How Cost Impacts the Patient and Provider Journey,N,N,N,No,payment plan,9,patient payments,paypal (pypl),,debt relief,,,,paypal pay later,afterpay,,payment plan,,,medical billing,,,paypal pay in 4,,wells fargo (wfc)
20-01-26,Integris Health,integrisok.com,"Financial Leader (VP, Analyst, Counselor)",United States,Recognizing Burnout in Healthcare Staff and Ideas for Addressing It,N,N,N,No,medical billing,6,patient payments,,,,,,sezzle,,afterpay,,payment plan,,payment solutions,medical billing,,,,,
20-01-26,"Jefferson Regional, Pine Bluff",jrmc.org,Nurse Practitioner,United States,The Role of Third-Party  Financing in the Health and  Wellness Payment Landscape,N,N,N,No,paypal (pypl),2,,paypal (pypl),,,,,,paypal pay later,,,,,,,,,,,
20-01-26,Jupiter Medical Center,jupitermed.com,Physician Assistant,United States,Lifetime of Healthcare Costs in the U.S.,N,N,N,No,afterpay,7,patient payments,,,,,,,,afterpay,affirm,payment plan,,,,Affirm,,paypal pay in 4,,wells fargo (wfc)
20-01-26,Jupiter Medical Center,jupitermed.com,"Patient Access Leader (Director, Specialist)",United States,How Cost Impacts the Patient and Provider Journey,N,N,N,No,afterpay,7,patient payments,,,,,,,,afterpay,affirm,payment plan,,,,Affirm,,paypal pay in 4,,wells fargo (wfc)
20-01-26,Kelsey-Seybold Clinic,kelsey-seybold.com,Physician Assistant,United States,The Role of Third-Party  Financing in the Health and  Wellness Payment Landscape,N,N,N,No,paypal credit,8,patient payments,,,,,klarna,sezzle,,afterpay,,,,payment solutions,medical billing,,paypal credit,,,wells fargo (wfc)
20-01-26,Lhc Group,lhcgroup.com,"Financial Leader (VP, Analyst, Counselor)",United States,How Cost Impacts the Patient and Provider Journey,N,N,N,No,payment solutions,9,patient payments,,,debt relief,,,sezzle,paypal pay later,afterpay,,payment plan,,payment solutions,medical billing,,paypal credit,,,
20-01-26,Lifebridge Health,lifebridgehealth.org,Physician Assistant,United States,How Cost Impacts the Patient and Provider Journey,N,N,N,No,medical billing,4,patient payments,paypal (pypl),,,,,,,,,payment plan,,,medical billing,,,,,
20-01-26,Mary Free Bed Rehabilitation Hospital,maryfreebed.com,Physician Assistant,United States,Lifetime of Healthcare Costs in the U.S.,N,N,N,No,paypal (pypl),5,patient payments,paypal (pypl),,,,klarna,,paypal pay later,,,,,,,,,,,wells fargo (wfc)
20-01-26,Mcleod Health,mcleodhealth.org,Nurse Practitioner,United States,How Cost Impacts the Patient and Provider Journey,N,N,N,No,patient payments,5,patient payments,,,,,,,,afterpay,,,credit Management,,medical billing,,paypal credit,,,
20-01-26,Mindpath Health,mindpath.com,Physician Assistant,United States,Lifetime of Healthcare Costs in the U.S.,N,N,N,No,paypal pay later,1,,,,,,,,paypal pay later,,,,,,,,,,,
20-01-26,Mindpath Health,mindpath.com,Physician Assistant,United States,Recognizing Burnout in Healthcare Staff and Ideas for Addressing It,N,N,N,No,paypal pay later,1,,,,,,,,paypal pay later,,,,,,,,,,,
20-01-26,Singing River Health System,mysrhs.com,Chief Financial Officer,United States,How Cost Impacts the Patient and Provider Journey,N,N,N,No,paypal (pypl),6,,paypal (pypl),,,,klarna,,paypal pay later,afterpay,,,,,,,,paypal pay in 4,,wells fargo (wfc)
20-01-26,Northwestern Medicine,nm.org,"Patient Access Leader (Director, Specialist)",United States,Lifetime of Healthcare Costs in the U.S.,N,N,N,No,patient payments,8,patient payments,paypal (pypl),,,,,,,afterpay,,payment plan,credit Management,payment solutions,medical billing,,,paypal pay in 4,,
20-01-26,Northside Hospital,northside.com,Nurse Practitioner,United States,Lifetime of Healthcare Costs in the U.S.,N,N,N,No,paypal (pypl),8,patient payments,paypal (pypl),,,,,,paypal pay later,afterpay,,,,payment solutions,medical billing,,paypal credit,,,wells fargo (wfc)
20-01-26,"Oak Street Health, Part Of Cvs Health",oakstreethealth.com,Nurse Practitioner,United States,How Cost Impacts the Patient and Provider Journey,N,N,N,No,patient payments,8,patient payments,paypal (pypl),,debt relief,,,,paypal pay later,,,payment plan,credit Management,payment solutions,,,,,,wells fargo (wfc)
20-01-26,"Optimae Lifeservices, Inc.",optimaelifeservices.com,Chief Executive Officer,United States,The Role of Third-Party  Financing in the Health and  Wellness Payment Landscape,N,N,N,No,wells fargo (wfc),3,,paypal (pypl),,,,,,,,,,,payment solutions,,,,,,wells fargo (wfc)
20-01-26,Palomar Health,palomarhealth.org,Nurse Practitioner,United States,Recognizing Burnout in Healthcare Staff and Ideas for Addressing It,N,N,N,No,patient payments,6,patient payments,paypal (pypl),,debt relief,,,,,afterpay,,,,payment solutions,medical billing,,,,,
20-01-26,Pih Health,pihhealth.org,Nurse Practitioner,United States,Lifetime of Healthcare Costs in the U.S.,N,N,N,No,patient payments,7,patient payments,paypal (pypl),,,,,,,afterpay,affirm,,,,medical billing,Affirm,,paypal pay in 4,,
20-01-26,Up Health System – Portage,portagehealth.org,Chief Executive Officer,United States,Lifetime of Healthcare Costs in the U.S.,N,N,N,No,paypal (pypl),3,,paypal (pypl),,debt relief,,,,paypal pay later,,,,,,,,,,,
20-01-26,Prisma Health,prismahealth.org,Nurse Practitioner,United States,Lifetime of Healthcare Costs in the U.S.,N,N,N,No,medical billing,9,patient payments,paypal (pypl),,,,,sezzle,paypal pay later,afterpay,,,,payment solutions,medical billing,,paypal credit,,,wells fargo (wfc)
20-01-26,Pruitthealth,pruitthealth.com,"Financial Leader (VP, Analyst, Counselor)",United States,How Cost Impacts the Patient and Provider Journey,N,N,N,No,paypal (pypl),10,patient payments,paypal (pypl),,debt relief,,klarna,,,afterpay,affirm,,credit Management,payment solutions,,Affirm,paypal credit,,,
20-01-26,Rogers Behavioral Health,rogersbh.org,Physician Assistant,United States,How Cost Impacts the Patient and Provider Journey,N,N,N,No,patient payments,4,patient payments,paypal (pypl),,,,,,paypal pay later,,,,,,,,,,,wells fargo (wfc)
20-01-26,Roswell Park Comprehensive Cancer Center,roswellpark.org,Nurse Practitioner,United States,Lifetime of Healthcare Costs in the U.S.,N,N,N,No,patient payments,11,patient payments,paypal (pypl),,,,,sezzle,,afterpay,affirm,payment plan,,payment solutions,medical billing,Affirm,paypal credit,,,wells fargo (wfc)
20-01-26,Roswell Park Comprehensive Cancer Center,roswellpark.org,Nurse Practitioner,United States,The Role of Third-Party  Financing in the Health and  Wellness Payment Landscape,N,N,N,No,patient payments,11,patient payments,paypal (pypl),,,,,sezzle,,afterpay,affirm,payment plan,,payment solutions,medical billing,Affirm,paypal credit,,,wells fargo (wfc)
20-01-26,Richmond University Medical Center,rumcsi.org,Physician Assistant,United States,Recognizing Burnout in Healthcare Staff and Ideas for Addressing It,N,N,N,No,medical billing,6,patient payments,,,,,,,paypal pay later,afterpay,,,,,medical billing,,,paypal pay in 4,,wells fargo (wfc)
20-01-26,Saint Francis Health System,saintfrancis.com,"Financial Leader (VP, Analyst, Counselor)",United States,Recognizing Burnout in Healthcare Staff and Ideas for Addressing It,N,N,N,No,medical billing,5,patient payments,,,,,,,,afterpay,,,credit Management,,medical billing,,paypal credit,,,
20-01-26,Sentara Health,sentara.com,"Financial Leader (VP, Analyst, Counselor)",United States,The Role of Third-Party  Financing in the Health and  Wellness Payment Landscape,N,N,N,No,sezzle,7,patient payments,paypal (pypl),,,,klarna,sezzle,,afterpay,,,,payment solutions,medical billing,,,,,
20-01-26,Sparrow Health System,sparrow.org,Physician Assistant,United States,How Cost Impacts the Patient and Provider Journey,N,N,N,No,medical billing,5,patient payments,paypal (pypl),,debt relief,,,,,,,,,,medical billing,,,,,wells fargo (wfc)
20-01-26,St. Mary's Health System,stmarysmaine.com,Physician Assistant,United States,Lifetime of Healthcare Costs in the U.S.,N,N,N,No,patient payments,5,patient payments,paypal (pypl),,,,,,,,,payment plan,,,medical billing,,,,,wells fargo (wfc)
20-01-26,Summit Health,summithealth.com,Physician Assistant,United States,Recognizing Burnout in Healthcare Staff and Ideas for Addressing It,N,N,N,No,patient payments,7,patient payments,paypal (pypl),,,,klarna,,,afterpay,,payment plan,,payment solutions,,,,paypal pay in 4,,
20-01-26,Shelby County Health Care Corporation,the-med.org,Physician Assistant,United States,Recognizing Burnout in Healthcare Staff and Ideas for Addressing It,N,N,N,No,debt relief,4,,paypal (pypl),,debt relief,,,,,,,,credit Management,,,,,paypal pay in 4,,
20-01-26,Thedacare,thedacare.org,Nurse Practitioner,United States,The Role of Third-Party  Financing in the Health and  Wellness Payment Landscape,N,N,N,No,medical billing,7,,,,,,klarna,,,afterpay,,payment plan,,payment solutions,medical billing,,,paypal pay in 4,,wells fargo (wfc)
20-01-26,Tidalhealth,tidalhealth.org,"Patient Access Leader (Director, Specialist)",United States,The Role of Third-Party  Financing in the Health and  Wellness Payment Landscape,N,N,N,No,patient payments,2,patient payments,,,,,,,,,,,,,,,,,,wells fargo (wfc)
20-01-26,"Total Health Care, Inc.",totalhealthcare.org,Nurse Practitioner,United States,Lifetime of Healthcare Costs in the U.S.,N,N,N,No,klarna,3,,paypal (pypl),,,,klarna,,,,,,,,,,,paypal pay in 4,,
20-01-26,Tower Health,towerhealth.org,Nurse Practitioner,United States,Lifetime of Healthcare Costs in the U.S.,N,N,N,No,patient payments,7,patient payments,paypal (pypl),,,,,,paypal pay later,afterpay,,payment plan,,,medical billing,,paypal credit,,,
20-01-26,United Digestive,uniteddigestive.com,Nurse Practitioner,United States,Lifetime of Healthcare Costs in the U.S.,N,N,N,No,debt relief,1,,,,debt relief,,,,,,,,,,,,,,,
20-01-26,United Digestive,uniteddigestive.com,"Financial Leader (VP, Analyst, Counselor)",United States,Recognizing Burnout in Healthcare Staff and Ideas for Addressing It,N,N,N,No,debt relief,1,,,,debt relief,,,,,,,,,,,,,,,
20-01-26,United Homecare,unitedhomecare.com,Chief Executive Officer,United States,How Cost Impacts the Patient and Provider Journey,N,N,N,No,wells fargo (wfc),4,patient payments,paypal (pypl),,,,,,paypal pay later,,,,,,,,,,,wells fargo (wfc)
20-01-26,"Urban Health Plan, Inc.",urbanhealthplan.org,Physician Assistant,United States,How Cost Impacts the Patient and Provider Journey,N,N,N,No,patient payments,5,patient payments,paypal (pypl),,,,klarna,,,,,payment plan,,,,,,,,wells fargo (wfc)
20-01-26,Valley Health System,valleyhealth.com,"Patient Access Leader (Director, Specialist)",United States,Recognizing Burnout in Healthcare Staff and Ideas for Addressing It,N,N,N,No,patient payments,6,patient payments,paypal (pypl),,,,,,paypal pay later,,,payment plan,,,medical billing,,,,,wells fargo (wfc)
20-01-26,Vhc Health,vhchealth.org,"Patient Access Leader (Director, Specialist)",United States,The Role of Third-Party  Financing in the Health and  Wellness Payment Landscape,N,N,N,No,paypal credit,2,,paypal (pypl),,,,,,,,,,,,,,paypal credit,,,
20-01-26,Vivage,vivage.com,"Revenue Cycle Leader (VP, Director, Manager)",United States,Recognizing Burnout in Healthcare Staff and Ideas for Addressing It,N,N,N,No,paypal pay in 4,2,,,,,,,,,,,,,,,,,paypal pay in 4,,wells fargo (wfc)
20-01-26,Visiting Nurse Health System,vnhs.org,Nurse Practitioner,United States,Lifetime of Healthcare Costs in the U.S.,N,N,N,No,afterpay,3,patient payments,,,,,,,paypal pay later,afterpay,,,,,,,,,,
20-01-26,Western Missouri Medical Center,wmmc.com,Nurse Practitioner,United States,Recognizing Burnout in Healthcare Staff and Ideas for Addressing It,N,N,N,No,paypal pay later,1,,,,,,,,paypal pay later,,,,,,,,,,,
20-01-26,Woman's Hospital,womans.org,Nurse Practitioner,United States,Lifetime of Healthcare Costs in the U.S.,N,N,N,No,payment solutions,7,patient payments,,,,,klarna,,,afterpay,,,,payment solutions,medical billing,,,paypal pay in 4,,wells fargo (wfc)
20-01-26,Women's Care,womenscarefl.com,"Financial Leader (VP, Analyst, Counselor)",United States,How Cost Impacts the Patient and Provider Journey,N,N,N,No,paypal (pypl),2,,paypal (pypl),,,,,,,,,payment plan,,,,,,,,
26-01-26,Advantagecare Physicians,acpny.com,Nurse Practitioner,United States,Recognizing Burnout in Healthcare Staff and Ideas for Addressing It,N,N,N,No,paypal credit,7,,paypal (pypl),,debt relief,,klarna,,paypal pay later,afterpay,,,,,,,paypal credit,,,wells fargo (wfc)
26-01-26,Arkansas Children's,archildrens.org,"Financial Leader (VP, Analyst, Counselor)",United States,The Role of Third-Party  Financing in the Health and  Wellness Payment Landscape,N,N,N,No,medical billing,6,patient payments,paypal (pypl),,,zippay,klarna,,,,,payment plan,,,medical billing,,,,,
26-01-26,"Blue Cross And Blue Shield Of Massachusetts, Inc.",bcbsma.com,Chief Executive Officer,United States,The Role of Third-Party  Financing in the Health and  Wellness Payment Landscape,N,N,N,No,medical billing,8,patient payments,paypal (pypl),,debt relief,,,,paypal pay later,afterpay,,,,,medical billing,,,paypal pay in 4,,wells fargo (wfc)
26-01-26,Broward Health,browardhealth.org,Nurse Practitioner,United States,The Role of Third-Party  Financing in the Health and  Wellness Payment Landscape,N,N,N,No,patient payments,9,patient payments,paypal (pypl),,debt relief,,klarna,,,afterpay,,,,payment solutions,medical billing,,,paypal pay in 4,,wells fargo (wfc)
26-01-26,Chase Brexton Health Care,chasebrexton.org,Nurse Practitioner,United States,Lifetime of Healthcare Costs in the U.S.,N,N,N,No,paypal pay later,5,patient payments,paypal (pypl),,,,,,paypal pay later,,,,,,medical billing,,,paypal pay in 4,,
26-01-26,Concord Hospital Health System,concordhospital.org,Physician Assistant,United States,The Role of Third-Party  Financing in the Health and  Wellness Payment Landscape,N,N,N,No,patient payments,8,patient payments,paypal (pypl),,debt relief,,klarna,sezzle,,,,payment plan,,,medical billing,,,,,wells fargo (wfc)
26-01-26,"Conemaugh Health System, Duke Lifepoint Healthcare",conemaugh.org,Physician Assistant,United States,Recognizing Burnout in Healthcare Staff and Ideas for Addressing It,N,N,N,No,paypal credit,9,patient payments,paypal (pypl),,debt relief,,,,,afterpay,,payment plan,,payment solutions,medical billing,,paypal credit,paypal pay in 4,,
26-01-26,Conifer Health Solutions,coniferhealth.com,"Financial Leader (VP, Analyst, Counselor)",United States,The Role of Third-Party  Financing in the Health and  Wellness Payment Landscape,N,N,N,No,afterpay,9,patient payments,paypal (pypl),,,zippay,,,,afterpay,affirm,,,payment solutions,medical billing,Affirm,paypal credit,,,
26-01-26,Dhr Health,dhrhealth.com,"Financial Leader (VP, Analyst, Counselor)",United States,The Role of Third-Party  Financing in the Health and  Wellness Payment Landscape,N,N,N,No,debt relief,2,patient payments,,,debt relief,,,,,,,,,,,,,,,
26-01-26,Equitas Health,equitashealth.com,Physician Assistant,United States,Recognizing Burnout in Healthcare Staff and Ideas for Addressing It,N,N,N,No,debt relief,3,,,,debt relief,,klarna,,paypal pay later,,,,,,,,,,,
26-01-26,Erlanger,erlanger.org,"Patient Access Leader (Director, Specialist)",United States,Recognizing Burnout in Healthcare Staff and Ideas for Addressing It,N,N,N,No,afterpay,7,patient payments,paypal (pypl),,,,klarna,,paypal pay later,afterpay,,,,,medical billing,,,paypal pay in 4,,
26-01-26,Gastro Health,gastrohealth.com,Physician Assistant,United States,Lifetime of Healthcare Costs in the U.S.,N,N,N,No,afterpay,5,patient payments,paypal (pypl),,debt relief,,,,paypal pay later,afterpay,,,,,,,,,,
26-01-26,"Genesis Healthcare, Inc.",genesisfqhc.org,Chief Financial Officer,United States,Lifetime of Healthcare Costs in the U.S.,N,N,N,No,payment solutions,6,,paypal (pypl),,,,,,paypal pay later,,,payment plan,,payment solutions,,,,paypal pay in 4,,wells fargo (wfc)
26-01-26,Jupiter Medical Center,jupitermed.com,"Financial Leader (VP, Analyst, Counselor)",United States,Lifetime of Healthcare Costs in the U.S.,N,N,N,No,afterpay,7,patient payments,,,,,,,,afterpay,affirm,payment plan,,,,Affirm,,paypal pay in 4,,wells fargo (wfc)
26-01-26,Lifepoint Health®,lifepointhealth.net,Chief Executive Officer,United States,Lifetime of Healthcare Costs in the U.S.,N,N,N,No,medical billing,4,patient payments,paypal (pypl),,,,,,,,,,,,medical billing,,,,,wells fargo (wfc)
26-01-26,Licking Memorial Health Systems,lmhealth.org,Physician Assistant,United States,Recognizing Burnout in Healthcare Staff and Ideas for Addressing It,N,N,N,No,patient payments,6,patient payments,paypal (pypl),,debt relief,zippay,,,,,,,,,,,,paypal pay in 4,,wells fargo (wfc)
26-01-26,Ann & Robert H. Lurie Children's Hospital Of Chicago,luriechildrens.org,Physician Assistant,United States,How Cost Impacts the Patient and Provider Journey,N,N,N,No,patient payments,7,patient payments,paypal (pypl),,,,,,paypal pay later,afterpay,affirm,,,,medical billing,Affirm,,,,
26-01-26,Mary T. Inc.,marytinc.com,Chief Financial Officer,United States,The Role of Third-Party  Financing in the Health and  Wellness Payment Landscape,N,N,N,No,paypal (pypl),3,,paypal (pypl),,debt relief,,,,,,,,,,,,,,,wells fargo (wfc)
26-01-26,Optum,optum.com,"Financial Leader (VP, Analyst, Counselor)",United States,How Cost Impacts the Patient and Provider Journey,N,N,N,No,wells fargo (wfc),7,patient payments,paypal (pypl),,,,,sezzle,,afterpay,,,,,medical billing,,,paypal pay in 4,,wells fargo (wfc)
26-01-26,Parallon,parallon.com,"Patient Access Leader (Director, Specialist)",United States,Recognizing Burnout in Healthcare Staff and Ideas for Addressing It,N,N,N,No,medical billing,6,patient payments,,,,,,sezzle,,afterpay,,,,payment solutions,medical billing,,,paypal pay in 4,,
26-01-26,Pella Regional Health Center,pellahealth.org,Physician Assistant,United States,The Role of Third-Party  Financing in the Health and  Wellness Payment Landscape,N,N,N,No,paypal (pypl),1,,paypal (pypl),,,,,,,,,,,,,,,,,
26-01-26,Premier Inc.,premierinc.com,"Financial Leader (VP, Analyst, Counselor)",United States,The Role of Third-Party  Financing in the Health and  Wellness Payment Landscape,N,N,N,No,afterpay,6,,paypal (pypl),,,,klarna,,,afterpay,,payment plan,,payment solutions,,,paypal credit,,,
26-01-26,Premise Health,premisehealth.com,Nurse Practitioner,United States,Lifetime of Healthcare Costs in the U.S.,N,N,N,No,patient payments,5,patient payments,paypal (pypl),,,,,,paypal pay later,,,,,,medical billing,,,,,wells fargo (wfc)
26-01-26,R1 Rcm,r1rcm.com,"Financial Leader (VP, Analyst, Counselor)",United States,The Role of Third-Party  Financing in the Health and  Wellness Payment Landscape,N,N,N,No,medical billing,5,,paypal (pypl),,,,klarna,,,,,,,,medical billing,,paypal credit,paypal pay in 4,,
26-01-26,Richmond University Medical Center,rumcsi.org,"Financial Leader (VP, Analyst, Counselor)",United States,How Cost Impacts the Patient and Provider Journey,N,N,N,No,medical billing,6,patient payments,,,,,,,paypal pay later,afterpay,,,,,medical billing,,,paypal pay in 4,,wells fargo (wfc)
26-01-26,Richmond University Medical Center,rumcsi.org,"Patient Access Leader (Director, Specialist)",United States,Lifetime of Healthcare Costs in the U.S.,N,N,N,No,medical billing,6,patient payments,,,,,,,paypal pay later,afterpay,,,,,medical billing,,,paypal pay in 4,,wells fargo (wfc)
26-01-26,Saint Francis Health System,saintfrancis.com,"Patient Access Leader (Director, Specialist)",United States,The Role of Third-Party  Financing in the Health and  Wellness Payment Landscape,N,N,N,No,medical billing,5,patient payments,,,,,,,,afterpay,,,credit Management,,medical billing,,paypal credit,,,
26-01-26,Sparrow Health System,sparrow.org,Physician Assistant,United States,How Cost Impacts the Patient and Provider Journey,N,N,N,No,medical billing,5,patient payments,paypal (pypl),,debt relief,,,,,,,,,,medical billing,,,,,wells fargo (wfc)
26-01-26,Summit Healthcare Regional Medical Center,summithealthcare.net,"Financial Leader (VP, Analyst, Counselor)",United States,Lifetime of Healthcare Costs in the U.S.,N,N,N,No,paypal (pypl),4,patient payments,paypal (pypl),,debt relief,,,,,,,,,,,,,,,wells fargo (wfc)
26-01-26,Summit Healthcare Regional Medical Center,summithealthcare.net,Nurse Practitioner,United States,Lifetime of Healthcare Costs in the U.S.,N,N,N,No,paypal (pypl),4,patient payments,paypal (pypl),,debt relief,,,,,,,,,,,,,,,wells fargo (wfc)
26-01-26,Temple Health – Temple University Health System,templehealth.org,Physician Assistant,United States,Recognizing Burnout in Healthcare Staff and Ideas for Addressing It,N,N,N,No,payment solutions,10,patient payments,paypal (pypl),,debt relief,,,sezzle,paypal pay later,afterpay,,payment plan,credit Management,payment solutions,,,,,,wells fargo (wfc)
26-01-26,Temple Health – Temple University Health System,templehealth.org,"Financial Leader (VP, Analyst, Counselor)",United States,Recognizing Burnout in Healthcare Staff and Ideas for Addressing It,N,N,N,No,payment solutions,10,patient payments,paypal (pypl),,debt relief,,,sezzle,paypal pay later,afterpay,,payment plan,credit Management,payment solutions,,,,,,wells fargo (wfc)
26-01-26,Temple Health – Temple University Health System,templehealth.org,"Financial Leader (VP, Analyst, Counselor)",United States,The Role of Third-Party  Financing in the Health and  Wellness Payment Landscape,N,N,N,No,payment solutions,10,patient payments,paypal (pypl),,debt relief,,,sezzle,paypal pay later,afterpay,,payment plan,credit Management,payment solutions,,,,,,wells fargo (wfc)
26-01-26,Titus Regional Medical Center,titusregional.com,"Financial Leader (VP, Analyst, Counselor)",United States,Lifetime of Healthcare Costs in the U.S.,N,N,N,No,patient payments,8,patient payments,paypal (pypl),,debt relief,,,,paypal pay later,,,payment plan,,,medical billing,,,paypal pay in 4,,wells fargo (wfc)
26-01-26,"Total Health Care, Inc.",totalhealthcare.org,"Patient Access Leader (Director, Specialist)",United States,Lifetime of Healthcare Costs in the U.S.,N,N,N,No,klarna,3,,paypal (pypl),,,,klarna,,,,,,,,,,,paypal pay in 4,,
26-01-26,Trinity Health,trinity-health.org,Physician Assistant,United States,How Cost Impacts the Patient and Provider Journey,N,N,N,No,medical billing,8,patient payments,,,,,klarna,sezzle,,,,,,payment solutions,medical billing,,paypal credit,paypal pay in 4,,wells fargo (wfc)
26-01-26,Valley Health,valleyhealthlink.com,"Financial Leader (VP, Analyst, Counselor)",United States,Recognizing Burnout in Healthcare Staff and Ideas for Addressing It,N,N,N,No,wells fargo (wfc),7,patient payments,paypal (pypl),,,,,,,,,payment plan,,payment solutions,medical billing,,paypal credit,,,wells fargo (wfc)
26-01-26,Vna Health Care,vnahealth.com,Nurse Practitioner,United States,Recognizing Burnout in Healthcare Staff and Ideas for Addressing It,N,N,N,No,paypal pay in 4,2,,,,debt relief,,,,,,,,,,,,,paypal pay in 4,,
26-01-26,Yale New Haven Hospital,ynhh.org,Nurse Practitioner,United States,Recognizing Burnout in Healthcare Staff and Ideas for Addressing It,N,N,N,No,paypal (pypl),6,patient payments,paypal (pypl),,,,,,,afterpay,,payment plan,,payment solutions,medical billing,,,,,
27-01-26,Alameda Health System,alamedahealthsystem.org,Physician Assistant,United States,The Role of Third-Party  Financing in the Health and  Wellness Payment Landscape,N,N,N,No,medical billing,7,patient payments,paypal (pypl),,,,,sezzle,,afterpay,,,,,medical billing,,paypal credit,paypal pay in 4,,
27-01-26,Arkansas Children's,archildrens.org,Physician Assistant,United States,Lifetime of Healthcare Costs in the U.S.,N,N,N,No,medical billing,6,patient payments,paypal (pypl),,,zippay,klarna,,,,,payment plan,,,medical billing,,,,,
27-01-26,Appalachian Regional Healthcare (Arh),arh.org,Nurse Practitioner,United States,How Cost Impacts the Patient and Provider Journey,N,N,N,No,medical billing,5,patient payments,paypal (pypl),,,,,,,,,,,payment solutions,medical billing,,,,,wells fargo (wfc)
27-01-26,Axia Women's Health,axiawh.com,Physician Assistant,United States,Lifetime of Healthcare Costs in the U.S.,N,N,N,No,paypal (pypl),4,patient payments,paypal (pypl),,debt relief,,,,,afterpay,,,,,,,,,,
27-01-26,Camarena Health,camarenahealth.org,Nurse Practitioner,United States,Lifetime of Healthcare Costs in the U.S.,N,N,N,No,paypal (pypl),1,,paypal (pypl),,,,,,,,,,,,,,,,,
27-01-26,Cape Fear Valley Health,capefearvalley.com,Nurse Practitioner,United States,Recognizing Burnout in Healthcare Staff and Ideas for Addressing It,N,N,N,No,payment solutions,7,patient payments,paypal (pypl),,debt relief,,klarna,,,,,,,payment solutions,medical billing,,paypal credit,,,
27-01-26,Campbell County Health,cchwyo.org,Chief Financial Officer,United States,How Cost Impacts the Patient and Provider Journey,N,N,N,No,,0,,,,,,,,,,,,,,,,,,,
27-01-26,Children's Health Council,chconline.org,Nurse Practitioner,United States,The Role of Third-Party  Financing in the Health and  Wellness Payment Landscape,N,N,N,No,wells fargo (wfc),4,patient payments,,,debt relief,,,,,,,,,,,,,paypal pay in 4,,wells fargo (wfc)
27-01-26,Cody Regional Health,codyregionalhealth.org,Chief Executive Officer,United States,Lifetime of Healthcare Costs in the U.S.,N,N,N,No,debt relief,1,,,,debt relief,,,,,,,,,,,,,,,
27-01-26,Community Health Care,commhealth.org,Nurse Practitioner,United States,The Role of Third-Party  Financing in the Health and  Wellness Payment Landscape,N,N,N,No,payment solutions,7,patient payments,paypal (pypl),,debt relief,,,,paypal pay later,,,,,payment solutions,,,,paypal pay in 4,,wells fargo (wfc)
27-01-26,Craig Hospital,craighospital.org,Nurse Practitioner,United States,Recognizing Burnout in Healthcare Staff and Ideas for Addressing It,N,N,N,No,patient payments,4,patient payments,paypal (pypl),,debt relief,,klarna,,,,,,,,,,,,,
27-01-26,Crossover Health,crossoverhealth.com,Nurse Practitioner,United States,Lifetime of Healthcare Costs in the U.S.,N,N,N,No,klarna,6,,paypal (pypl),,debt relief,,klarna,,paypal pay later,,,,,,,,,paypal pay in 4,,wells fargo (wfc)
27-01-26,Crossover Health,crossoverhealth.com,Physician Assistant,United States,Recognizing Burnout in Healthcare Staff and Ideas for Addressing It,N,N,N,No,klarna,6,,paypal (pypl),,debt relief,,klarna,,paypal pay later,,,,,,,,,paypal pay in 4,,wells fargo (wfc)
27-01-26,Dallas County Hospital,dallascohospital.org,Physician Assistant,United States,Recognizing Burnout in Healthcare Staff and Ideas for Addressing It,N,N,N,No,paypal (pypl),2,,paypal (pypl),,,,,,,,,,,,,,,paypal pay in 4,,
27-01-26,Ensemble Health Partners,ensemblehp.com,"Patient Access Leader (Director, Specialist)",United States,How Cost Impacts the Patient and Provider Journey,N,N,N,No,patient payments,4,patient payments,,,,,klarna,,,,,,,,medical billing,,,paypal pay in 4,,
27-01-26,East Tennessee Children's Hospital,etch.com,Nurse Practitioner,United States,The Role of Third-Party  Financing in the Health and  Wellness Payment Landscape,N,N,N,No,paypal credit,6,,paypal (pypl),,debt relief,,,,paypal pay later,,,payment plan,,,,,paypal credit,paypal pay in 4,,
27-01-26,Evergreenhealth,evergreenhealth.com,Physician Assistant,United States,Lifetime of Healthcare Costs in the U.S.,N,N,N,No,afterpay,8,patient payments,paypal (pypl),,,,,,paypal pay later,afterpay,,,,,medical billing,,paypal credit,paypal pay in 4,,wells fargo (wfc)
27-01-26,Hospital Sisters Health System,hshs.org,Nurse Practitioner,United States,Recognizing Burnout in Healthcare Staff and Ideas for Addressing It,N,N,N,No,medical billing,5,patient payments,,,,,klarna,,,afterpay,,,,,medical billing,,,paypal pay in 4,,
27-01-26,Lifeline Blood Services,lifelinebloodserv.org,Chief Executive Officer,United States,Lifetime of Healthcare Costs in the U.S.,N,N,N,No,,0,,,,,,,,,,,,,,,,,,,
27-01-26,Lifelong Medical Care,lifelongmedical.org,Physician Assistant,United States,Recognizing Burnout in Healthcare Staff and Ideas for Addressing It,N,N,N,No,patient payments,1,patient payments,,,,,,,,,,,,,,,,,,
27-01-26,Licking Memorial Health Systems,lmhealth.org,Nurse Practitioner,United States,The Role of Third-Party  Financing in the Health and  Wellness Payment Landscape,N,N,N,No,patient payments,6,patient payments,paypal (pypl),,debt relief,zippay,,,,,,,,,,,,paypal pay in 4,,wells fargo (wfc)
27-01-26,Lehigh Valley Health Network,lvhn.org,Nurse Practitioner,United States,Recognizing Burnout in Healthcare Staff and Ideas for Addressing It,N,N,N,No,medical billing,11,patient payments,paypal (pypl),,debt relief,,klarna,sezzle,,afterpay,affirm,payment plan,,payment solutions,medical billing,Affirm,,,,
27-01-26,Marshfield Clinic Health System,marshfieldclinic.org,Physician Assistant,United States,The Role of Third-Party  Financing in the Health and  Wellness Payment Landscape,N,N,N,No,credit Management,7,patient payments,paypal (pypl),,,,,sezzle,,afterpay,,,credit Management,payment solutions,medical billing,,,,,
27-01-26,"BEACH, JASON PAUL",medstar.net,Nurse Practitioner,United States,Lifetime of Healthcare Costs in the U.S.,N,N,N,No,patient payments,7,patient payments,,,debt relief,,,sezzle,,afterpay,,payment plan,credit Management,,medical billing,,,,,
27-01-26,Memorial Healthcare,memorialhealthcare.org,Physician Assistant,United States,The Role of Third-Party  Financing in the Health and  Wellness Payment Landscape,N,N,N,No,medical billing,4,patient payments,paypal (pypl),,debt relief,,,,,,,,,,medical billing,,,,,
27-01-26,Multicare Health System,multicare.org,Nurse Practitioner,United States,Recognizing Burnout in Healthcare Staff and Ideas for Addressing It,N,N,N,No,payment solutions,9,patient payments,paypal (pypl),,,,,sezzle,,afterpay,,,credit Management,payment solutions,medical billing,,,paypal pay in 4,,wells fargo (wfc)
27-01-26,Multicare Health System,multicare.org,Nurse Practitioner,United States,The Role of Third-Party  Financing in the Health and  Wellness Payment Landscape,N,N,N,No,payment solutions,9,patient payments,paypal (pypl),,,,,sezzle,,afterpay,,,credit Management,payment solutions,medical billing,,,paypal pay in 4,,wells fargo (wfc)
27-01-26,Singing River Health System,mysrhs.com,Nurse Practitioner,United States,How Cost Impacts the Patient and Provider Journey,N,N,N,No,paypal (pypl),6,,paypal (pypl),,,,klarna,,paypal pay later,afterpay,,,,,,,,paypal pay in 4,,wells fargo (wfc)
27-01-26,Singing River Health System,mysrhs.com,Physician Assistant,United States,Recognizing Burnout in Healthcare Staff and Ideas for Addressing It,N,N,N,No,paypal (pypl),6,,paypal (pypl),,,,klarna,,paypal pay later,afterpay,,,,,,,,paypal pay in 4,,wells fargo (wfc)
27-01-26,Naples Comprehensive Health - Nch,nchmd.org,Nurse Practitioner,United States,Lifetime of Healthcare Costs in the U.S.,N,N,N,No,medical billing,6,patient payments,paypal (pypl),,,,klarna,,,,,payment plan,,,medical billing,,,,,wells fargo (wfc)
27-01-26,Northshore University Healthsystem,northshore.org,Physician Assistant,United States,Recognizing Burnout in Healthcare Staff and Ideas for Addressing It,N,N,N,No,patient payments,6,patient payments,paypal (pypl),,,,,,,afterpay,,,,payment solutions,medical billing,,,paypal pay in 4,,
27-01-26,Opelousas General Health System,opelousasgeneral.com,Chief Financial Officer,United States,Recognizing Burnout in Healthcare Staff and Ideas for Addressing It,N,N,N,No,paypal (pypl),3,,paypal (pypl),,debt relief,,,,,,,,,,medical billing,,,,,
27-01-26,Palomar Health,palomarhealth.org,Nurse Practitioner,United States,Lifetime of Healthcare Costs in the U.S.,N,N,N,No,patient payments,6,patient payments,paypal (pypl),,debt relief,,,,,afterpay,,,,payment solutions,medical billing,,,,,
27-01-26,Pella Regional Health Center,pellahealth.org,Physician Assistant,United States,The Role of Third-Party  Financing in the Health and  Wellness Payment Landscape,N,N,N,No,paypal (pypl),1,,paypal (pypl),,,,,,,,,,,,,,,,,
27-01-26,Presbyterian Living,presbyterianhomes.org,"Financial Leader (VP, Analyst, Counselor)",United States,The Role of Third-Party  Financing in the Health and  Wellness Payment Landscape,N,N,N,No,afterpay,5,patient payments,paypal (pypl),,,,,,paypal pay later,afterpay,,,,,,,,paypal pay in 4,,
27-01-26,Prisma Health,prismahealth.org,Physician Assistant,United States,Recognizing Burnout in Healthcare Staff and Ideas for Addressing It,N,N,N,No,medical billing,9,patient payments,paypal (pypl),,,,,sezzle,paypal pay later,afterpay,,,,payment solutions,medical billing,,paypal credit,,,wells fargo (wfc)
27-01-26,Providence,providence.org,Physician Assistant,United States,How Cost Impacts the Patient and Provider Journey,N,N,N,No,medical billing,8,patient payments,,,,,,sezzle,,,affirm,,credit Management,payment solutions,medical billing,Affirm,paypal credit,,,
27-01-26,Renown Health,renown.org,Nurse Practitioner,United States,Lifetime of Healthcare Costs in the U.S.,N,N,N,No,patient payments,9,patient payments,paypal (pypl),,,,,,paypal pay later,afterpay,,,,payment solutions,medical billing,,paypal credit,paypal pay in 4,,wells fargo (wfc)
27-01-26,Saint Anthony Hospital,sahchicago.org,Nurse Practitioner,United States,Recognizing Burnout in Healthcare Staff and Ideas for Addressing It,N,N,N,No,paypal (pypl),3,,paypal (pypl),,debt relief,,,,,,,,,,medical billing,,,,,
27-01-26,Sky Lakes Medical Center,skylakes.org,Physician Assistant,United States,How Cost Impacts the Patient and Provider Journey,N,N,N,No,patient payments,6,patient payments,paypal (pypl),,,zippay,klarna,,,,,,,,medical billing,,,,,wells fargo (wfc)
27-01-26,Sky Lakes Medical Center,skylakes.org,Physician Assistant,United States,The Role of Third-Party  Financing in the Health and  Wellness Payment Landscape,N,N,N,No,patient payments,6,patient payments,paypal (pypl),,,zippay,klarna,,,,,,,,medical billing,,,,,wells fargo (wfc)
27-01-26,Thibodaux Regional Health System,thibodaux.com,Physician Assistant,United States,The Role of Third-Party  Financing in the Health and  Wellness Payment Landscape,N,N,N,No,wells fargo (wfc),3,,paypal (pypl),,debt relief,,,,,,,,,,,,,,,wells fargo (wfc)
27-01-26,Tidalhealth,tidalhealth.org,Physician Assistant,United States,How Cost Impacts the Patient and Provider Journey,N,N,N,No,patient payments,2,patient payments,,,,,,,,,,,,,,,,,,wells fargo (wfc)
27-01-26,University Medical Center Of Southern Nevada (Umc),umcsn.com,Physician Assistant,United States,Recognizing Burnout in Healthcare Staff and Ideas for Addressing It,N,N,N,No,patient payments,7,patient payments,paypal (pypl),,,,,sezzle,paypal pay later,,,payment plan,,,,,,paypal pay in 4,,wells fargo (wfc)
27-01-26,Valley Health System,valleyhealth.com,Nurse Practitioner,United States,Recognizing Burnout in Healthcare Staff and Ideas for Addressing It,N,N,N,No,patient payments,6,patient payments,paypal (pypl),,,,,,paypal pay later,,,payment plan,,,medical billing,,,,,wells fargo (wfc)
27-01-26,Vna Health Care,vnahealth.com,"Financial Leader (VP, Analyst, Counselor)",United States,Lifetime of Healthcare Costs in the U.S.,N,N,N,No,paypal pay in 4,2,,,,debt relief,,,,,,,,,,,,,paypal pay in 4,,
27-01-26,Western Reserve Hospital,westernreservehospital.org,Nurse Practitioner,United States,How Cost Impacts the Patient and Provider Journey,N,N,N,No,patient payments,3,patient payments,paypal (pypl),,,,,,,,,,,,,,,paypal pay in 4,,
27-01-26,Woman's Hospital,womans.org,Nurse Practitioner,United States,The Role of Third-Party  Financing in the Health and  Wellness Payment Landscape,N,N,N,No,payment solutions,7,patient payments,,,,,klarna,,,afterpay,,,,payment solutions,medical billing,,,paypal pay in 4,,wells fargo (wfc)
01-02-26,Columbia Memorial Hospital,columbiamemorial.org,Chief Financial Officer,United States,Lifetime of Healthcare Costs in the U.S.,N,N,N,No,medical billing,5,patient payments,paypal (pypl),,debt relief,,,,,afterpay,,,,,medical billing,,,,,
01-02-26,Fmol Health,fmolhs.org,Nurse Practitioner,United States,Lifetime of Healthcare Costs in the U.S.,N,N,N,No,afterpay,6,patient payments,,,,,,,,afterpay,,,credit Management,payment solutions,medical billing,,,,,wells fargo (wfc)
01-02-26,Hillcrest Healthcare System,hillcrest.com,Physician Assistant,United States,Lifetime of Healthcare Costs in the U.S.,N,N,N,No,medical billing,7,patient payments,paypal (pypl),,,,,,,afterpay,,payment plan,,payment solutions,medical billing,,,paypal pay in 4,,
01-02-26,John Muir Health,johnmuirhealth.com,Chief Financial Officer,United States,Recognizing Burnout in Healthcare Staff and Ideas for Addressing It,N,N,N,No,patient payments,7,patient payments,paypal (pypl),,,zippay,klarna,sezzle,,,,,credit Management,,medical billing,,,,,
01-02-26,Lifepoint Health®,lifepointhealth.net,Chief Financial Officer,United States,How Cost Impacts the Patient and Provider Journey,N,N,N,No,medical billing,4,patient payments,paypal (pypl),,,,,,,,,,,,medical billing,,,,,wells fargo (wfc)
01-02-26,Thedacare,thedacare.org,Chief Financial Officer,United States,The Role of Third-Party  Financing in the Health and  Wellness Payment Landscape,N,N,N,No,medical billing,7,,,,,,klarna,,,afterpay,,payment plan,,payment solutions,medical billing,,,paypal pay in 4,,wells fargo (wfc)
01-02-26,University Medical Center Of Southern Nevada (Umc),umcsn.com,Nurse Practitioner,United States,Recognizing Burnout in Healthcare Staff and Ideas for Addressing It,N,N,N,No,patient payments,7,patient payments,paypal (pypl),,,,,sezzle,paypal pay later,,,payment plan,,,,,,paypal pay in 4,,wells fargo (wfc)
01-02-26,"Urban Health Plan, Inc.",urbanhealthplan.org,Physician Assistant,United States,Lifetime of Healthcare Costs in the U.S.,N,N,N,No,patient payments,5,patient payments,paypal (pypl),,,,klarna,,,,,payment plan,,,,,,,,wells fargo (wfc)
03-02-26,Uvm Health - Champlain Valley Physicians Hospital,alicehyde.com,Physician Assistant,United States,Lifetime of Healthcare Costs in the U.S.,N,N,N,No,debt relief,5,,,,debt relief,,,,paypal pay later,,,payment plan,,,medical billing,,,paypal pay in 4,,
03-02-26,Archbold,archbold.org,Physician Assistant,United States,The Role of Third-Party  Financing in the Health and  Wellness Payment Landscape,N,N,N,No,paypal (pypl),5,patient payments,paypal (pypl),,debt relief,,,,paypal pay later,,,,,,,,,,,wells fargo (wfc)
03-02-26,American Society Of Anesthesiologists®,asahq.org,"Financial Leader (VP, Analyst, Counselor)",United States,Lifetime of Healthcare Costs in the U.S.,N,N,N,No,paypal (pypl),2,,paypal (pypl),,,,,,,,,,,,,,,paypal pay in 4,,
03-02-26,Atlanticare,atlanticare.org,Physician Assistant,United States,The Role of Third-Party  Financing in the Health and  Wellness Payment Landscape,N,N,N,No,patient payments,6,patient payments,paypal (pypl),,,,,,,afterpay,,,,,medical billing,,,paypal pay in 4,,wells fargo (wfc)
03-02-26,Aultman Home Medical Supply,aultman.com,"Financial Leader (VP, Analyst, Counselor)",United States,How Cost Impacts the Patient and Provider Journey,N,N,N,No,paypal (pypl),6,patient payments,paypal (pypl),,,,klarna,,paypal pay later,,,,,,medical billing,,,,,wells fargo (wfc)
03-02-26,Baptist Health System,baptisthealthsystem.com,"Revenue Cycle Leader (VP, Director, Manager)",United States,How Cost Impacts the Patient and Provider Journey,N,N,N,No,wells fargo (wfc),5,patient payments,paypal (pypl),,,,,,,,,payment plan,credit Management,,,,,,,wells fargo (wfc)
03-02-26,Beaumont Health,beaumont.org,Physician Assistant,United States,The Role of Third-Party  Financing in the Health and  Wellness Payment Landscape,N,N,N,No,medical billing,8,patient payments,paypal (pypl),,,,klarna,,paypal pay later,,,,,,medical billing,,paypal credit,paypal pay in 4,,wells fargo (wfc)
03-02-26,Bronxcare Health System,bronxcare.org,Nurse Practitioner,United States,Lifetime of Healthcare Costs in the U.S.,N,N,N,No,patient payments,8,patient payments,paypal (pypl),,,,klarna,sezzle,,afterpay,affirm,,,,medical billing,Affirm,,,,
03-02-26,Caloptima,caloptima.org,"Financial Leader (VP, Analyst, Counselor)",United States,The Role of Third-Party  Financing in the Health and  Wellness Payment Landscape,N,N,N,No,patient payments,9,patient payments,paypal (pypl),laybuy,debt relief,,,,paypal pay later,afterpay,,payment plan,,,,,,paypal pay in 4,,wells fargo (wfc)
03-02-26,Charleston Area Medical Center,camc.org,Physician Assistant,United States,Recognizing Burnout in Healthcare Staff and Ideas for Addressing It,N,N,N,No,patient payments,5,patient payments,paypal (pypl),,,,,sezzle,,afterpay,,,,,medical billing,,,,,
03-02-26,Hematology & Oncology Associates,cancercarenepa.com,Chief Executive Officer,United States,How Cost Impacts the Patient and Provider Journey,N,N,N,No,afterpay,4,,paypal (pypl),,,,,,,afterpay,,,,payment solutions,,,,paypal pay in 4,,
03-02-26,Centene Corporation,centene.com,"Financial Leader (VP, Analyst, Counselor)",United States,Recognizing Burnout in Healthcare Staff and Ideas for Addressing It,N,N,N,No,patient payments,9,patient payments,paypal (pypl),,,,,,paypal pay later,afterpay,,payment plan,credit Management,,medical billing,,paypal credit,,,wells fargo (wfc)
03-02-26,Central Maine Healthcare,cmhc.org,Physician Assistant,United States,Recognizing Burnout in Healthcare Staff and Ideas for Addressing It,N,N,N,No,payment solutions,7,patient payments,paypal (pypl),,,,klarna,,paypal pay later,,,,,payment solutions,,,,paypal pay in 4,,wells fargo (wfc)
03-02-26,Columbia Memorial Hospital,columbiamemorial.org,"Financial Leader (VP, Analyst, Counselor)",United States,Lifetime of Healthcare Costs in the U.S.,N,N,N,No,medical billing,5,patient payments,paypal (pypl),,debt relief,,,,,afterpay,,,,,medical billing,,,,,
03-02-26,Community Health Care,commhealth.org,Physician Assistant,United States,Lifetime of Healthcare Costs in the U.S.,N,N,N,No,payment solutions,7,patient payments,paypal (pypl),,debt relief,,,,paypal pay later,,,,,payment solutions,,,,paypal pay in 4,,wells fargo (wfc)
03-02-26,"Conemaugh Health System, Duke Lifepoint Healthcare",conemaugh.org,Physician Assistant,United States,The Role of Third-Party  Financing in the Health and  Wellness Payment Landscape,N,N,N,No,paypal credit,9,patient payments,paypal (pypl),,debt relief,,,,,afterpay,,payment plan,,payment solutions,medical billing,,paypal credit,paypal pay in 4,,
03-02-26,Conifer Health Solutions,coniferhealth.com,"Financial Leader (VP, Analyst, Counselor)",United States,The Role of Third-Party  Financing in the Health and  Wellness Payment Landscape,N,N,N,No,afterpay,9,patient payments,paypal (pypl),,,zippay,,,,afterpay,affirm,,,payment solutions,medical billing,Affirm,paypal credit,,,
03-02-26,Cornell Scott - Hill Health Center,cornellscott.org,Physician Assistant,United States,Lifetime of Healthcare Costs in the U.S.,N,N,N,No,payment plan,2,patient payments,,,,,,,,,,payment plan,,,,,,,,
03-02-26,Cornell Scott - Hill Health Center,cornellscott.org,Chief Executive Officer,United States,How Cost Impacts the Patient and Provider Journey,N,N,N,No,payment plan,2,patient payments,,,,,,,,,,payment plan,,,,,,,,
03-02-26,Dch Health System,dchsystem.com,Chief Executive Officer,United States,The Role of Third-Party  Financing in the Health and  Wellness Payment Landscape,N,N,N,No,medical billing,6,patient payments,paypal (pypl),,,,,,paypal pay later,,,,,payment solutions,medical billing,,,,,wells fargo (wfc)
03-02-26,Ellis Medicine,ellismedicine.org,Physician Assistant,United States,The Role of Third-Party  Financing in the Health and  Wellness Payment Landscape,N,N,N,No,wells fargo (wfc),7,patient payments,paypal (pypl),,,,,,,,affirm,payment plan,,,medical billing,Affirm,,,,wells fargo (wfc)
03-02-26,Finger Lakes Health,flhealth.org,Physician Assistant,United States,Lifetime of Healthcare Costs in the U.S.,N,N,N,No,paypal (pypl),4,,paypal (pypl),,,,,,paypal pay later,,,,,,medical billing,,,,,wells fargo (wfc)
03-02-26,Froedtert Health,froedtert.com,Nurse Practitioner,United States,Lifetime of Healthcare Costs in the U.S.,N,N,N,No,medical billing,9,patient payments,paypal (pypl),,,,,,paypal pay later,afterpay,,payment plan,,payment solutions,medical billing,,paypal credit,,,wells fargo (wfc)
03-02-26,Genesis,genesishcc.com,Nurse Practitioner,United States,Recognizing Burnout in Healthcare Staff and Ideas for Addressing It,N,N,N,No,medical billing,6,patient payments,,,,,,sezzle,,afterpay,,payment plan,,payment solutions,medical billing,,,,,
03-02-26,"Greater Philadelphia Health Action, Inc.",gphainc.org,Nurse Practitioner,United States,Lifetime of Healthcare Costs in the U.S.,N,N,N,No,wells fargo (wfc),2,,,,,,klarna,,,,,,,,,,,,,wells fargo (wfc)
03-02-26,Griffin Hospital,griffinhealth.org,"Patient Access Leader (Director, Specialist)",United States,The Role of Third-Party  Financing in the Health and  Wellness Payment Landscape,N,N,N,No,paypal (pypl),5,patient payments,paypal (pypl),,debt relief,,klarna,,,,,,,,medical billing,,,,,
03-02-26,Hendricks Regional Health,hendricks.org,Nurse Practitioner,United States,Recognizing Burnout in Healthcare Staff and Ideas for Addressing It,N,N,N,No,paypal (pypl),6,patient payments,paypal (pypl),,,,klarna,,,,,,,,medical billing,,,paypal pay in 4,,wells fargo (wfc)
03-02-26,Henry Mayo Newhall Hospital,henrymayo.com,"Patient Access Leader (Director, Specialist)",United States,Recognizing Burnout in Healthcare Staff and Ideas for Addressing It,N,N,N,No,patient payments,11,patient payments,paypal (pypl),,debt relief,,klarna,,paypal pay later,afterpay,,payment plan,,payment solutions,medical billing,,,paypal pay in 4,,wells fargo (wfc)
03-02-26,Holy Cross Health,holycrosshealth.org,Nurse Practitioner,United States,The Role of Third-Party  Financing in the Health and  Wellness Payment Landscape,N,N,N,No,paypal (pypl),5,patient payments,paypal (pypl),,,,klarna,,,,,,,,medical billing,,,,,wells fargo (wfc)
03-02-26,Lahey Hospital & Medical Center,lahey.org,Nurse Practitioner,United States,The Role of Third-Party  Financing in the Health and  Wellness Payment Landscape,N,N,N,No,medical billing,8,patient payments,paypal (pypl),,,,,,paypal pay later,afterpay,,,,payment solutions,medical billing,,paypal credit,paypal pay in 4,,
03-02-26,Lahey Hospital & Medical Center,lahey.org,Physician Assistant,United States,Lifetime of Healthcare Costs in the U.S.,N,N,N,No,medical billing,8,patient payments,paypal (pypl),,,,,,paypal pay later,afterpay,,,,payment solutions,medical billing,,paypal credit,paypal pay in 4,,
03-02-26,Lcmc Health,lcmchealth.org,Nurse Practitioner,United States,How Cost Impacts the Patient and Provider Journey,N,N,N,No,payment solutions,5,patient payments,paypal (pypl),,,,,,,afterpay,,,,payment solutions,medical billing,,,,,
03-02-26,Lee Health,leehealth.org,Physician Assistant,United States,How Cost Impacts the Patient and Provider Journey,N,N,N,No,afterpay,5,patient payments,,,,,,,paypal pay later,afterpay,,,credit Management,,medical billing,,,,,
03-02-26,Lifepoint Health®,lifepointhealth.net,Chief Financial Officer,United States,How Cost Impacts the Patient and Provider Journey,N,N,N,No,medical billing,4,patient payments,paypal (pypl),,,,,,,,,,,,medical billing,,,,,wells fargo (wfc)
03-02-26,Mount Sinai Health System,mountsinai.org,Nurse Practitioner,United States,How Cost Impacts the Patient and Provider Journey,N,N,N,No,paypal (pypl),11,patient payments,paypal (pypl),,,,,sezzle,,afterpay,affirm,payment plan,credit Management,,medical billing,Affirm,,paypal pay in 4,greensky,
03-02-26,Multicare Health System,multicare.org,Nurse Practitioner,United States,Recognizing Burnout in Healthcare Staff and Ideas for Addressing It,N,N,N,No,payment solutions,9,patient payments,paypal (pypl),,,,,sezzle,,afterpay,,,credit Management,payment solutions,medical billing,,,paypal pay in 4,,wells fargo (wfc)
03-02-26,Desert Oasis Healthcare,mydohc.com,Nurse Practitioner,United States,How Cost Impacts the Patient and Provider Journey,N,N,N,No,patient payments,3,patient payments,paypal (pypl),,,,,,,,,,,,,,,paypal pay in 4,,
03-02-26,Natividad Medical Center (Nmc),natividad.com,Physician Assistant,United States,The Role of Third-Party  Financing in the Health and  Wellness Payment Landscape,N,N,N,No,patient payments,4,patient payments,paypal (pypl),,debt relief,,,,,,,payment plan,,,,,,,,
03-02-26,Nexus Family Healing,nexusfamilyhealing.org,"Financial Leader (VP, Analyst, Counselor)",United States,The Role of Third-Party  Financing in the Health and  Wellness Payment Landscape,N,N,N,No,wells fargo (wfc),4,patient payments,paypal (pypl),,,,,,,,,,,,medical billing,,,,,wells fargo (wfc)
03-02-26,North Oaks Health System,northoaks.org,Nurse Practitioner,United States,Lifetime of Healthcare Costs in the U.S.,N,N,N,No,debt relief,8,patient payments,paypal (pypl),,debt relief,,klarna,,paypal pay later,,,payment plan,,,,,,paypal pay in 4,,wells fargo (wfc)
03-02-26,North Oaks Health System,northoaks.org,Nurse Practitioner,United States,Lifetime of Healthcare Costs in the U.S.,N,N,N,No,debt relief,8,patient payments,paypal (pypl),,debt relief,,klarna,,paypal pay later,,,payment plan,,,,,,paypal pay in 4,,wells fargo (wfc)
03-02-26,Northshore University Healthsystem,northshore.org,Physician Assistant,United States,The Role of Third-Party  Financing in the Health and  Wellness Payment Landscape,N,N,N,No,patient payments,6,patient payments,paypal (pypl),,,,,,,afterpay,,,,payment solutions,medical billing,,,paypal pay in 4,,
03-02-26,Our Lady Of The Lake Health,ololrmc.com,Physician Assistant,United States,Recognizing Burnout in Healthcare Staff and Ideas for Addressing It,N,N,N,No,afterpay,7,patient payments,,,,,klarna,,,afterpay,,payment plan,credit Management,payment solutions,medical billing,,,,,
03-02-26,Pomerene Hospital,pomerenehospital.org,Chief Financial Officer,United States,How Cost Impacts the Patient and Provider Journey,N,N,N,No,paypal pay later,1,,,,,,,,paypal pay later,,,,,,,,,,,
03-02-26,Up Health System – Portage,portagehealth.org,Chief Financial Officer,United States,The Role of Third-Party  Financing in the Health and  Wellness Payment Landscape,N,N,N,No,paypal (pypl),3,,paypal (pypl),,debt relief,,,,paypal pay later,,,,,,,,,,,
03-02-26,Prime Healthcare,primehealthcare.com,"Financial Leader (VP, Analyst, Counselor)",United States,Recognizing Burnout in Healthcare Staff and Ideas for Addressing It,N,N,N,No,medical billing,5,patient payments,paypal (pypl),,,,,,,afterpay,,,,,medical billing,,,,,wells fargo (wfc)
03-02-26,River Edge Behavioral Health,river-edge.org,Physician Assistant,United States,Recognizing Burnout in Healthcare Staff and Ideas for Addressing It,N,N,N,No,wells fargo (wfc),1,,,,,,,,,,,,,,,,,,,wells fargo (wfc)
03-02-26,Sound Physicians,soundphysicians.com,Nurse Practitioner,United States,The Role of Third-Party  Financing in the Health and  Wellness Payment Landscape,N,N,N,No,paypal (pypl),7,patient payments,paypal (pypl),,,zippay,,,,,,,,payment solutions,medical billing,,paypal credit,paypal pay in 4,,
03-02-26,Southcentral Foundation,southcentralfoundation.com,Chief Executive Officer,United States,Lifetime of Healthcare Costs in the U.S.,N,N,N,No,patient payments,5,patient payments,,,,,,,paypal pay later,,,payment plan,,,medical billing,,,paypal pay in 4,,
03-02-26,Ssm Health,ssmhealth.com,"Financial Leader (VP, Analyst, Counselor)",United States,The Role of Third-Party  Financing in the Health and  Wellness Payment Landscape,N,N,N,No,medical billing,8,patient payments,paypal (pypl),,,,,,paypal pay later,,,payment plan,,,medical billing,,paypal credit,paypal pay in 4,,wells fargo (wfc)
03-02-26,St. Dominic Health,stdom.com,Nurse Practitioner,United States,The Role of Third-Party  Financing in the Health and  Wellness Payment Landscape,N,N,N,No,patient payments,3,patient payments,,,,,,,paypal pay later,,,,credit Management,,,,,,,
03-02-26,St. Mary's Health System,stmarysmaine.com,Physician Assistant,United States,Recognizing Burnout in Healthcare Staff and Ideas for Addressing It,N,N,N,No,patient payments,5,patient payments,paypal (pypl),,,,,,,,,payment plan,,,medical billing,,,,,wells fargo (wfc)
03-02-26,Summit Healthcare Regional Medical Center,summithealthcare.net,Physician Assistant,United States,Lifetime of Healthcare Costs in the U.S.,N,N,N,No,paypal (pypl),4,patient payments,paypal (pypl),,debt relief,,,,,,,,,,,,,,,wells fargo (wfc)
03-02-26,Thibodaux Regional Health System,thibodaux.com,Nurse Practitioner,United States,The Role of Third-Party  Financing in the Health and  Wellness Payment Landscape,N,N,N,No,wells fargo (wfc),3,,paypal (pypl),,debt relief,,,,,,,,,,,,,,,wells fargo (wfc)
03-02-26,Tmf Health Quality Institute,tmf.org,"Financial Leader (VP, Analyst, Counselor)",United States,How Cost Impacts the Patient and Provider Journey,N,N,N,No,patient payments,5,patient payments,paypal (pypl),,debt relief,,,,,,,payment plan,,,medical billing,,,,,
03-02-26,"Trilogy Health Services, Llc",trilogyhs.com,"Financial Leader (VP, Analyst, Counselor)",United States,How Cost Impacts the Patient and Provider Journey,N,N,N,No,medical billing,5,,paypal (pypl),,,,klarna,,,afterpay,,,,,medical billing,,,paypal pay in 4,,
03-02-26,University Medical Center Of Southern Nevada (Umc),umcsn.com,Physician Assistant,United States,Lifetime of Healthcare Costs in the U.S.,N,N,N,No,patient payments,7,patient payments,paypal (pypl),,,,,sezzle,paypal pay later,,,payment plan,,,,,,paypal pay in 4,,wells fargo (wfc)
03-02-26,Uvm Health - Uvm Medical Center,uvmhealth.org,"Patient Access Leader (Director, Specialist)",United States,Lifetime of Healthcare Costs in the U.S.,N,N,N,No,patient payments,5,patient payments,,,,,klarna,,,afterpay,,,,payment solutions,,,,,,wells fargo (wfc)
03-02-26,Valley Baptist Health System,valleybaptist.net,Nurse Practitioner,United States,Lifetime of Healthcare Costs in the U.S.,N,N,N,No,klarna,6,patient payments,paypal (pypl),,,,klarna,,paypal pay later,,,,,,,,,paypal pay in 4,,wells fargo (wfc)
03-02-26,Vida Health,vida.com,Chief Financial Officer,United States,The Role of Third-Party  Financing in the Health and  Wellness Payment Landscape,N,N,N,No,patient payments,4,patient payments,paypal (pypl),,debt relief,,,,,,,,,,,,,paypal pay in 4,,
09-02-26,American Senior Communities,ascseniorcare.com,"Financial Leader (VP, Analyst, Counselor)",United States,Lifetime of Healthcare Costs in the U.S.,N,N,N,No,paypal (pypl),1,,paypal (pypl),,,,,,,,,,,,,,,,,
09-02-26,Aultman Home Medical Supply,aultman.com,"Financial Leader (VP, Analyst, Counselor)",United States,Recognizing Burnout in Healthcare Staff and Ideas for Addressing It,N,N,N,No,paypal (pypl),6,patient payments,paypal (pypl),,,,klarna,,paypal pay later,,,,,,medical billing,,,,,wells fargo (wfc)
09-02-26,Avera Health,avera.org,Physician Assistant,United States,Recognizing Burnout in Healthcare Staff and Ideas for Addressing It,N,N,N,No,medical billing,8,patient payments,,,,zippay,klarna,,paypal pay later,,,payment plan,,,medical billing,,,paypal pay in 4,,wells fargo (wfc)
09-02-26,Avera Health,avera.org,Physician Assistant,United States,Recognizing Burnout in Healthcare Staff and Ideas for Addressing It,N,N,N,No,medical billing,8,patient payments,,,,zippay,klarna,,paypal pay later,,,payment plan,,,medical billing,,,paypal pay in 4,,wells fargo (wfc)
09-02-26,Banner Health,bannerhealth.com,"Financial Leader (VP, Analyst, Counselor)",United States,How Cost Impacts the Patient and Provider Journey,N,N,N,No,patient payments,6,patient payments,,,,,,sezzle,paypal pay later,afterpay,,,,,medical billing,,,,,wells fargo (wfc)
09-02-26,Banner Health,bannerhealth.com,Physician Assistant,United States,The Role of Third-Party  Financing in the Health and  Wellness Payment Landscape,N,N,N,No,patient payments,6,patient payments,,,,,,sezzle,paypal pay later,afterpay,,,,,medical billing,,,,,wells fargo (wfc)
09-02-26,Bishop Gadsden Episcopal Retirement Community,bishopgadsden.org,Chief Financial Officer,United States,The Role of Third-Party  Financing in the Health and  Wellness Payment Landscape,N,N,N,No,wells fargo (wfc),5,patient payments,paypal (pypl),,,,,,,,,payment plan,,,,,,paypal pay in 4,,wells fargo (wfc)
09-02-26,Buffalo Medical Group,buffalomedicalgroup.com,Physician Assistant,United States,Lifetime of Healthcare Costs in the U.S.,N,N,N,No,medical billing,6,,paypal (pypl),,,,klarna,,,,,payment plan,,payment solutions,medical billing,,,,,wells fargo (wfc)
09-02-26,Buffalo Medical Group,buffalomedicalgroup.com,Physician Assistant,United States,Lifetime of Healthcare Costs in the U.S.,N,N,N,No,medical billing,6,,paypal (pypl),,,,klarna,,,,,payment plan,,payment solutions,medical billing,,,,,wells fargo (wfc)
09-02-26,Cambridge Health Alliance,challiance.org,Physician Assistant,United States,Recognizing Burnout in Healthcare Staff and Ideas for Addressing It,N,N,N,No,patient payments,7,patient payments,paypal (pypl),,,,klarna,,,afterpay,,payment plan,,payment solutions,medical billing,,,,,
09-02-26,Christus Health,christushealth.org,"Financial Leader (VP, Analyst, Counselor)",United States,How Cost Impacts the Patient and Provider Journey,N,N,N,No,patient payments,8,patient payments,paypal (pypl),,,zippay,,,,,,payment plan,credit Management,payment solutions,medical billing,,,paypal pay in 4,,
09-02-26,Christus Health,christushealth.org,"Revenue Cycle Leader (VP, Director, Manager)",United States,How Cost Impacts the Patient and Provider Journey,N,N,N,No,patient payments,8,patient payments,paypal (pypl),,,zippay,,,,,,payment plan,credit Management,payment solutions,medical billing,,,paypal pay in 4,,
09-02-26,Cleveland Clinic,clevelandclinic.org,Chief Executive Officer,United States,The Role of Third-Party  Financing in the Health and  Wellness Payment Landscape,N,N,N,No,medical billing,4,patient payments,,,,,,sezzle,,afterpay,,,,,medical billing,,,,,
09-02-26,Clinica Sierra Vista,clinicasierravista.org,Other,United States,Recognizing Burnout in Healthcare Staff and Ideas for Addressing It,N,N,N,No,payment solutions,9,,paypal (pypl),,debt relief,,klarna,sezzle,,afterpay,,,,payment solutions,medical billing,,paypal credit,paypal pay in 4,,
09-02-26,Cone Health,conehealth.com,Physician Assistant,United States,Recognizing Burnout in Healthcare Staff and Ideas for Addressing It,N,N,N,No,patient payments,11,patient payments,paypal (pypl),,,,klarna,,,,affirm,payment plan,credit Management,,medical billing,Affirm,paypal credit,paypal pay in 4,,wells fargo (wfc)
09-02-26,Firsthealth Of The Carolinas,firsthealth.org,Physician Assistant,United States,The Role of Third-Party  Financing in the Health and  Wellness Payment Landscape,N,N,N,No,medical billing,6,patient payments,paypal (pypl),,debt relief,,klarna,,,,,,,,medical billing,,,paypal pay in 4,,
09-02-26,Fred Hutch,fredhutch.org,Physician Assistant,United States,Lifetime of Healthcare Costs in the U.S.,N,N,N,No,patient payments,5,patient payments,,,,,,sezzle,paypal pay later,,,payment plan,,,medical billing,,,,,
09-02-26,Froedtert Health,froedtert.com,"Financial Leader (VP, Analyst, Counselor)",United States,The Role of Third-Party  Financing in the Health and  Wellness Payment Landscape,N,N,N,No,medical billing,9,patient payments,paypal (pypl),,,,,,paypal pay later,afterpay,,payment plan,,payment solutions,medical billing,,paypal credit,,,wells fargo (wfc)
09-02-26,Froedtert Health,froedtert.com,Physician Assistant,United States,The Role of Third-Party  Financing in the Health and  Wellness Payment Landscape,N,N,N,No,medical billing,9,patient payments,paypal (pypl),,,,,,paypal pay later,afterpay,,payment plan,,payment solutions,medical billing,,paypal credit,,,wells fargo (wfc)
09-02-26,Geisinger,geisinger.org,Physician Assistant,United States,The Role of Third-Party  Financing in the Health and  Wellness Payment Landscape,N,N,N,No,medical billing,6,,paypal (pypl),,,,,,,afterpay,,payment plan,,,medical billing,,,paypal pay in 4,,wells fargo (wfc)
09-02-26,Hannibal Regional,hannibalregional.org,Chief Financial Officer,United States,Lifetime of Healthcare Costs in the U.S.,N,N,N,No,patient payments,2,patient payments,,,debt relief,,,,,,,,,,,,,,,
09-02-26,Hendricks Regional Health,hendricks.org,Physician Assistant,United States,The Role of Third-Party  Financing in the Health and  Wellness Payment Landscape,N,N,N,No,paypal (pypl),6,patient payments,paypal (pypl),,,,klarna,,,,,,,,medical billing,,,paypal pay in 4,,wells fargo (wfc)
09-02-26,Holy Cross Health,holycrosshealth.org,Physician Assistant,United States,Lifetime of Healthcare Costs in the U.S.,N,N,N,No,paypal (pypl),5,patient payments,paypal (pypl),,,,klarna,,,,,,,,medical billing,,,,,wells fargo (wfc)
09-02-26,Imperial Health,imperialhealth.com,Physician Assistant,United States,How Cost Impacts the Patient and Provider Journey,N,N,N,No,paypal (pypl),1,,paypal (pypl),,,,,,,,,,,,,,,,,
09-02-26,Integris Health,integrisok.com,Physician Assistant,United States,Recognizing Burnout in Healthcare Staff and Ideas for Addressing It,N,N,N,No,medical billing,6,patient payments,,,,,,sezzle,,afterpay,,payment plan,,payment solutions,medical billing,,,,,
09-02-26,Integris Health,integrisok.com,Physician Assistant,United States,The Role of Third-Party  Financing in the Health and  Wellness Payment Landscape,N,N,N,No,medical billing,6,patient payments,,,,,,sezzle,,afterpay,,payment plan,,payment solutions,medical billing,,,,,
09-02-26,Kadlec,kadlec.org,Physician Assistant,United States,Recognizing Burnout in Healthcare Staff and Ideas for Addressing It,N,N,N,No,paypal (pypl),4,,paypal (pypl),,,,,,,,,,,,medical billing,,,paypal pay in 4,,wells fargo (wfc)
09-02-26,Kaiser Permanente,kaiserpermanente.org,Physician Assistant,United States,Recognizing Burnout in Healthcare Staff and Ideas for Addressing It,N,N,N,No,patient payments,6,patient payments,paypal (pypl),,debt relief,,,sezzle,,afterpay,,,,,medical billing,,,,,
09-02-26,Edward M. Kennedy Community Health Center,kennedychc.org,Physician Assistant,United States,How Cost Impacts the Patient and Provider Journey,N,N,N,No,wells fargo (wfc),4,,paypal (pypl),,,,,,,afterpay,,payment plan,,,,,,,,wells fargo (wfc)
09-02-26,Kootenai Health,kh.org,Physician Assistant,United States,The Role of Third-Party  Financing in the Health and  Wellness Payment Landscape,N,N,N,No,wells fargo (wfc),7,patient payments,,,debt relief,,klarna,,,afterpay,,payment plan,,,medical billing,,,,,wells fargo (wfc)
09-02-26,Lane Regional Medical Center,lanermc.org,"Revenue Cycle Leader (VP, Director, Manager)",United States,Lifetime of Healthcare Costs in the U.S.,N,N,N,No,wells fargo (wfc),2,,,,debt relief,,,,,,,,,,,,,,,wells fargo (wfc)
09-02-26,Lifelong Medical Care,lifelongmedical.org,Chief Executive Officer,United States,The Role of Third-Party  Financing in the Health and  Wellness Payment Landscape,N,N,N,No,patient payments,1,patient payments,,,,,,,,,,,,,,,,,,
09-02-26,Lifespring Health Systems,lifespringhealthsystems.org,Physician Assistant,United States,Recognizing Burnout in Healthcare Staff and Ideas for Addressing It,N,N,N,No,debt relief,1,,,,debt relief,,,,,,,,,,,,,,,
09-02-26,Ann & Robert H. Lurie Children's Hospital Of Chicago,luriechildrens.org,Physician Assistant,United States,Recognizing Burnout in Healthcare Staff and Ideas for Addressing It,N,N,N,No,patient payments,7,patient payments,paypal (pypl),,,,,,paypal pay later,afterpay,affirm,,,,medical billing,Affirm,,,,
09-02-26,Lehigh Valley Health Network,lvhn.org,Physician Assistant,United States,Recognizing Burnout in Healthcare Staff and Ideas for Addressing It,N,N,N,No,medical billing,11,patient payments,paypal (pypl),,debt relief,,klarna,sezzle,,afterpay,affirm,payment plan,,payment solutions,medical billing,Affirm,,,,
09-02-26,Mercy Health,mercy.com,Physician Assistant,United States,Lifetime of Healthcare Costs in the U.S.,N,N,N,No,paypal (pypl),6,patient payments,paypal (pypl),,,,,,,afterpay,,,,payment solutions,medical billing,,,,,wells fargo (wfc)
09-02-26,Mercy Health,mercy.com,Physician Assistant,United States,The Role of Third-Party  Financing in the Health and  Wellness Payment Landscape,N,N,N,No,paypal (pypl),6,patient payments,paypal (pypl),,,,,,,afterpay,,,,payment solutions,medical billing,,,,,wells fargo (wfc)
09-02-26,Memorial Sloan Kettering Cancer Center,mskcc.org,Nurse Practitioner,United States,The Role of Third-Party  Financing in the Health and  Wellness Payment Landscape,N,N,N,No,patient payments,6,patient payments,,,,zippay,,,,afterpay,,payment plan,,,medical billing,,,paypal pay in 4,,
09-02-26,Northwestern Medicine,nm.org,Nurse Practitioner,United States,Lifetime of Healthcare Costs in the U.S.,N,N,N,No,patient payments,8,patient payments,paypal (pypl),,,,,,,afterpay,,payment plan,credit Management,payment solutions,medical billing,,,paypal pay in 4,,
09-02-26,Noran Neurology,noranclinic.com,Physician Assistant,United States,The Role of Third-Party  Financing in the Health and  Wellness Payment Landscape,N,N,N,No,wells fargo (wfc),1,,,,,,,,,,,,,,,,,,,wells fargo (wfc)
09-02-26,Northshore University Healthsystem,northshore.org,Physician Assistant,United States,How Cost Impacts the Patient and Provider Journey,N,N,N,No,patient payments,6,patient payments,paypal (pypl),,,,,,,afterpay,,,,payment solutions,medical billing,,,paypal pay in 4,,
09-02-26,Northside Hospital,northside.com,"Financial Leader (VP, Analyst, Counselor)",United States,Recognizing Burnout in Healthcare Staff and Ideas for Addressing It,N,N,N,No,paypal (pypl),8,patient payments,paypal (pypl),,,,,,paypal pay later,afterpay,,,,payment solutions,medical billing,,paypal credit,,,wells fargo (wfc)
09-02-26,Norton Women's & Children's Hospital,nortonhealthcare.org,Nurse Practitioner,United States,The Role of Third-Party  Financing in the Health and  Wellness Payment Landscape,N,N,N,No,wells fargo (wfc),5,patient payments,paypal (pypl),,,,,,paypal pay later,,,,,,,,,paypal pay in 4,,wells fargo (wfc)
09-02-26,Optum,optum.com,Physician Assistant,United States,Recognizing Burnout in Healthcare Staff and Ideas for Addressing It,N,N,N,No,wells fargo (wfc),7,patient payments,paypal (pypl),,,,,sezzle,,afterpay,,,,,medical billing,,,paypal pay in 4,,wells fargo (wfc)
09-02-26,Optum,optum.com,Physician Assistant,United States,How Cost Impacts the Patient and Provider Journey,N,N,N,No,wells fargo (wfc),7,patient payments,paypal (pypl),,,,,sezzle,,afterpay,,,,,medical billing,,,paypal pay in 4,,wells fargo (wfc)
09-02-26,Parallon,parallon.com,"Patient Access Leader (Director, Specialist)",United States,How Cost Impacts the Patient and Provider Journey,N,N,N,No,medical billing,6,patient payments,,,,,,sezzle,,afterpay,,,,payment solutions,medical billing,,,paypal pay in 4,,
09-02-26,Parkview Health,parkview.com,Physician Assistant,United States,How Cost Impacts the Patient and Provider Journey,N,N,N,No,payment solutions,6,,,,,,klarna,,,afterpay,,,,payment solutions,medical billing,,paypal credit,,,wells fargo (wfc)
09-02-26,Parkview Health,parkview.com,Nurse Practitioner,United States,Recognizing Burnout in Healthcare Staff and Ideas for Addressing It,N,N,N,No,payment solutions,6,,,,,,klarna,,,afterpay,,,,payment solutions,medical billing,,paypal credit,,,wells fargo (wfc)
09-02-26,Parkview Health,parkview.com,"Financial Leader (VP, Analyst, Counselor)",United States,The Role of Third-Party  Financing in the Health and  Wellness Payment Landscape,N,N,N,No,payment solutions,6,,,,,,klarna,,,afterpay,,,,payment solutions,medical billing,,paypal credit,,,wells fargo (wfc)
09-02-26,San Antonio Regional Hospital,sarh.org,Patient Access/Engagement,United States,How Cost Impacts the Patient and Provider Journey,N,N,N,No,patient payments,4,patient payments,,,,,,,paypal pay later,,,payment plan,,,,,,,,wells fargo (wfc)
09-02-26,Lincolnland Home Care,sblhs.org,Physician Assistant,United States,How Cost Impacts the Patient and Provider Journey,N,N,N,No,payment plan,4,,,,,,,,paypal pay later,,,payment plan,,payment solutions,,,,,,wells fargo (wfc)
09-02-26,Lincolnland Home Care,sblhs.org,Physician Assistant,United States,The Role of Third-Party  Financing in the Health and  Wellness Payment Landscape,N,N,N,No,payment plan,4,,,,,,,,paypal pay later,,,payment plan,,payment solutions,,,,,,wells fargo (wfc)
09-02-26,Southcoast Health,southcoast.org,Physician Assistant,United States,Recognizing Burnout in Healthcare Staff and Ideas for Addressing It,N,N,N,No,afterpay,8,patient payments,paypal (pypl),,,,,,,afterpay,,payment plan,credit Management,payment solutions,medical billing,,paypal credit,,,
09-02-26,Ssm Health,ssmhealth.com,"Financial Leader (VP, Analyst, Counselor)",United States,Recognizing Burnout in Healthcare Staff and Ideas for Addressing It,N,N,N,No,medical billing,8,patient payments,paypal (pypl),,,,,,paypal pay later,,,payment plan,,,medical billing,,paypal credit,paypal pay in 4,,wells fargo (wfc)
09-02-26,Ssm Health,ssmhealth.com,"Financial Leader (VP, Analyst, Counselor)",United States,Recognizing Burnout in Healthcare Staff and Ideas for Addressing It,N,N,N,No,medical billing,8,patient payments,paypal (pypl),,,,,,paypal pay later,,,payment plan,,,medical billing,,paypal credit,paypal pay in 4,,wells fargo (wfc)
09-02-26,Swedish Medical Center,swedish.org,Physician Assistant,United States,The Role of Third-Party  Financing in the Health and  Wellness Payment Landscape,N,N,N,No,klarna,6,patient payments,,,,,klarna,,,afterpay,,,credit Management,,medical billing,,paypal credit,,,
09-02-26,Teamhealth,teamhealth.com,Physician Assistant,United States,How Cost Impacts the Patient and Provider Journey,N,N,N,No,afterpay,8,patient payments,paypal (pypl),,,,klarna,,,afterpay,,payment plan,,,medical billing,,paypal credit,,,wells fargo (wfc)
09-02-26,Thedacare,thedacare.org,Physician Assistant,United States,Lifetime of Healthcare Costs in the U.S.,N,N,N,No,medical billing,7,,,,,,klarna,,,afterpay,,payment plan,,payment solutions,medical billing,,,paypal pay in 4,,wells fargo (wfc)
09-02-26,Tidalhealth,tidalhealth.org,Nurse Practitioner,United States,Lifetime of Healthcare Costs in the U.S.,N,N,N,No,patient payments,2,patient payments,,,,,,,,,,,,,,,,,,wells fargo (wfc)
09-02-26,Tower Health,towerhealth.org,Physician Assistant,United States,How Cost Impacts the Patient and Provider Journey,N,N,N,No,patient payments,7,patient payments,paypal (pypl),,,,,,paypal pay later,afterpay,,payment plan,,,medical billing,,paypal credit,,,
09-02-26,Uhs,uhsinc.com,"Financial Leader (VP, Analyst, Counselor)",United States,Lifetime of Healthcare Costs in the U.S.,N,N,N,No,patient payments,5,patient payments,paypal (pypl),,,,,,,,,,credit Management,,medical billing,,paypal credit,,,
09-02-26,Umass Memorial Medical Center,umassmemorial.org,Physician Assistant,United States,Lifetime of Healthcare Costs in the U.S.,N,N,N,No,afterpay,7,patient payments,paypal (pypl),,,,klarna,,,afterpay,,,,payment solutions,medical billing,,paypal credit,,,
09-02-26,Unitypoint Health,unitypoint.org,Physician Assistant,United States,The Role of Third-Party  Financing in the Health and  Wellness Payment Landscape,N,N,N,No,medical billing,7,patient payments,paypal (pypl),,,,klarna,,,afterpay,,,credit Management,,medical billing,,paypal credit,,,
09-02-26,Unitypoint Health,unitypoint.org,Nurse Practitioner,United States,The Role of Third-Party  Financing in the Health and  Wellness Payment Landscape,N,N,N,No,medical billing,7,patient payments,paypal (pypl),,,,klarna,,,afterpay,,,credit Management,,medical billing,,paypal credit,,,
09-02-26,Valley Health,valleyhealthlink.com,Nurse Practitioner,United States,How Cost Impacts the Patient and Provider Journey,N,N,N,No,wells fargo (wfc),7,patient payments,paypal (pypl),,,,,,,,,payment plan,,payment solutions,medical billing,,paypal credit,,,wells fargo (wfc)
09-02-26,Valley Presbyterian Hospital,valleypres.org,"Financial Leader (VP, Analyst, Counselor)",United States,The Role of Third-Party  Financing in the Health and  Wellness Payment Landscape,N,N,N,No,patient payments,2,patient payments,,,,,,,,,,,,,,,,paypal pay in 4,,
09-02-26,Western Reserve Hospital,westernreservehospital.org,Nurse Practitioner,United States,The Role of Third-Party  Financing in the Health and  Wellness Payment Landscape,N,N,N,No,patient payments,3,patient payments,paypal (pypl),,,,,,,,,,,,,,,paypal pay in 4,,
16-02-26,Beacon Health System,beaconhealthsystem.org,Physician Assistant,United States,How Cost Impacts the Patient and Provider Journey,N,N,N,No,paypal (pypl),8,patient payments,paypal (pypl),,debt relief,,,sezzle,,afterpay,affirm,,,,medical billing,Affirm,,,,
16-02-26,BRONSON HEALTHCARE MIDWEST ORTHOPEDIC &,bronsonhg.org,Nurse Practitioner,United States,The Role of Third-Party  Financing in the Health and  Wellness Payment Landscape,N,N,N,No,medical billing,6,patient payments,paypal (pypl),,,,klarna,,paypal pay later,,,,,,medical billing,,,paypal pay in 4,,
16-02-26,BRONSON HEALTHCARE MIDWEST ORTHOPEDIC &,bronsonhg.org,Chief Executive Officer,United States,How Cost Impacts the Patient and Provider Journey,N,N,N,No,medical billing,6,patient payments,paypal (pypl),,,,klarna,,paypal pay later,,,,,,medical billing,,,paypal pay in 4,,
16-02-26,Cape Fear Valley Health,capefearvalley.com,Nurse Practitioner,United States,The Role of Third-Party  Financing in the Health and  Wellness Payment Landscape,N,N,N,No,payment solutions,7,patient payments,paypal (pypl),,debt relief,,klarna,,,,,,,payment solutions,medical billing,,paypal credit,,,
16-02-26,Penn Medicine Chester County Hospital,cchosp.com,Nurse Practitioner,United States,The Role of Third-Party  Financing in the Health and  Wellness Payment Landscape,N,N,N,No,klarna,4,,,,debt relief,,klarna,,,,,,,,,,,paypal pay in 4,,wells fargo (wfc)
16-02-26,Chesapeake Regional Healthcare,chesapeakeregional.com,Physician Assistant,United States,The Role of Third-Party  Financing in the Health and  Wellness Payment Landscape,N,N,N,No,paypal (pypl),7,patient payments,paypal (pypl),,,,klarna,,paypal pay later,,,payment plan,,,medical billing,,,paypal pay in 4,,
16-02-26,Christus Health,christushealth.org,"Revenue Cycle Leader (VP, Director, Manager)",United States,Recognizing Burnout in Healthcare Staff and Ideas for Addressing It,N,N,N,No,patient payments,8,patient payments,paypal (pypl),,,zippay,,,,,,payment plan,credit Management,payment solutions,medical billing,,,paypal pay in 4,,
16-02-26,Christus Health,christushealth.org,"Financial Leader (VP, Analyst, Counselor)",United States,Recognizing Burnout in Healthcare Staff and Ideas for Addressing It,N,N,N,No,patient payments,8,patient payments,paypal (pypl),,,zippay,,,,,,payment plan,credit Management,payment solutions,medical billing,,,paypal pay in 4,,
16-02-26,Ensemble Health Partners,ensemblehp.com,"Financial Leader (VP, Analyst, Counselor)",United States,Lifetime of Healthcare Costs in the U.S.,N,N,N,No,patient payments,4,patient payments,,,,,klarna,,,,,,,,medical billing,,,paypal pay in 4,,
16-02-26,Gastro Health,gastrohealth.com,Physician Assistant,United States,Lifetime of Healthcare Costs in the U.S.,N,N,N,No,afterpay,5,patient payments,paypal (pypl),,debt relief,,,,paypal pay later,afterpay,,,,,,,,,,
16-02-26,Gastro Health,gastrohealth.com,Physician Assistant,United States,How Cost Impacts the Patient and Provider Journey,N,N,N,No,afterpay,5,patient payments,paypal (pypl),,debt relief,,,,paypal pay later,afterpay,,,,,,,,,,
16-02-26,Gerald Champion Regional Medical Center,gcrmc.org,Nurse Practitioner,United States,How Cost Impacts the Patient and Provider Journey,N,N,N,No,patient payments,2,patient payments,,,debt relief,,,,,,,,,,,,,,,
16-02-26,Geisinger,geisinger.org,Physician Assistant,United States,The Role of Third-Party  Financing in the Health and  Wellness Payment Landscape,N,N,N,No,medical billing,6,,paypal (pypl),,,,,,,afterpay,,payment plan,,,medical billing,,,paypal pay in 4,,wells fargo (wfc)
16-02-26,Griffin Hospital,griffinhealth.org,Patient Access/Engagement,United States,How Cost Impacts the Patient and Provider Journey,N,N,N,No,paypal (pypl),5,patient payments,paypal (pypl),,debt relief,,klarna,,,,,,,,medical billing,,,,,
16-02-26,Guthrie,guthrie.org,Physician Assistant,United States,Recognizing Burnout in Healthcare Staff and Ideas for Addressing It,N,N,N,No,paypal (pypl),5,patient payments,paypal (pypl),,,,,,,afterpay,,,,,,,paypal credit,,,wells fargo (wfc)
16-02-26,Hannibal Regional,hannibalregional.org,Nurse Practitioner,United States,How Cost Impacts the Patient and Provider Journey,N,N,N,No,patient payments,2,patient payments,,,debt relief,,,,,,,,,,,,,,,
16-02-26,Hospital Association Of Southern California (Hasc),hasc.org,Chief Financial Officer,United States,How Cost Impacts the Patient and Provider Journey,N,N,N,No,debt relief,3,patient payments,,,debt relief,,,,,,,,,,,,,paypal pay in 4,,
16-02-26,Hca Healthcare,hcahealthcare.com,"Financial Leader (VP, Analyst, Counselor)",United States,How Cost Impacts the Patient and Provider Journey,N,N,N,No,medical billing,6,patient payments,paypal (pypl),,,,,,,afterpay,,,credit Management,,medical billing,,,paypal pay in 4,,
16-02-26,Healthcare Partners,healthcarepartners.com,Nurse Practitioner,United States,The Role of Third-Party  Financing in the Health and  Wellness Payment Landscape,N,N,N,No,wells fargo (wfc),9,patient payments,paypal (pypl),,debt relief,,,,paypal pay later,,,payment plan,,payment solutions,medical billing,,paypal credit,,,wells fargo (wfc)
16-02-26,Hendricks Regional Health,hendricks.org,Physician Assistant,United States,The Role of Third-Party  Financing in the Health and  Wellness Payment Landscape,N,N,N,No,paypal (pypl),6,patient payments,paypal (pypl),,,,klarna,,,,,,,,medical billing,,,paypal pay in 4,,wells fargo (wfc)
16-02-26,Hunt Regional Healthcare,huntregional.org,Nurse Practitioner,United States,How Cost Impacts the Patient and Provider Journey,N,N,N,No,sezzle,6,patient payments,,,debt relief,,klarna,sezzle,,,,,,,,,,paypal pay in 4,,wells fargo (wfc)
16-02-26,Imperial Health,imperialhealth.com,Nurse Practitioner,United States,How Cost Impacts the Patient and Provider Journey,N,N,N,No,paypal (pypl),1,,paypal (pypl),,,,,,,,,,,,,,,,,
16-02-26,Integrated Medical Services (Ims),imsaz.com,Chief Executive Officer,United States,How Cost Impacts the Patient and Provider Journey,N,N,N,No,paypal (pypl),4,patient payments,paypal (pypl),,,,,,paypal pay later,,,,,,,,,,,wells fargo (wfc)
16-02-26,Kelsey-Seybold Clinic,kelsey-seybold.com,Physician Assistant,United States,The Role of Third-Party  Financing in the Health and  Wellness Payment Landscape,N,N,N,No,paypal credit,8,patient payments,,,,,klarna,sezzle,,afterpay,,,,payment solutions,medical billing,,paypal credit,,,wells fargo (wfc)
16-02-26,Kettering Health,ketteringhealth.org,Chief Financial Officer,United States,How Cost Impacts the Patient and Provider Journey,N,N,N,No,afterpay,8,patient payments,paypal (pypl),,,,,sezzle,,afterpay,,,,payment solutions,medical billing,,,paypal pay in 4,,wells fargo (wfc)
16-02-26,Kettering Health,ketteringhealth.org,Physician Assistant,United States,Lifetime of Healthcare Costs in the U.S.,N,N,N,No,afterpay,8,patient payments,paypal (pypl),,,,,sezzle,,afterpay,,,,payment solutions,medical billing,,,paypal pay in 4,,wells fargo (wfc)
16-02-26,Ann & Robert H. Lurie Children's Hospital Of Chicago,luriechildrens.org,Physician Assistant,United States,Recognizing Burnout in Healthcare Staff and Ideas for Addressing It,N,N,N,No,patient payments,7,patient payments,paypal (pypl),,,,,,paypal pay later,afterpay,affirm,,,,medical billing,Affirm,,,,
16-02-26,Lehigh Valley Health Network,lvhn.org,Physician Assistant,United States,Lifetime of Healthcare Costs in the U.S.,N,N,N,No,medical billing,11,patient payments,paypal (pypl),,debt relief,,klarna,sezzle,,afterpay,affirm,payment plan,,payment solutions,medical billing,Affirm,,,,
16-02-26,Lehigh Valley Health Network,lvhn.org,Physician Assistant,United States,Lifetime of Healthcare Costs in the U.S.,N,N,N,No,medical billing,11,patient payments,paypal (pypl),,debt relief,,klarna,sezzle,,afterpay,affirm,payment plan,,payment solutions,medical billing,Affirm,,,,
16-02-26,Ut Md Anderson,mdanderson.org,Patient Access/Engagement,United States,The Role of Third-Party  Financing in the Health and  Wellness Payment Landscape,N,N,N,No,medical billing,7,patient payments,paypal (pypl),,debt relief,,,,paypal pay later,,,,,,medical billing,,paypal credit,paypal pay in 4,,
16-02-26,Mercy,mercy.net,Nurse Practitioner,United States,How Cost Impacts the Patient and Provider Journey,N,N,N,No,medical billing,7,patient payments,paypal (pypl),,,,,,,afterpay,affirm,,,,medical billing,Affirm,,paypal pay in 4,,
16-02-26,Mercy,mercy.net,Nurse Practitioner,United States,How Cost Impacts the Patient and Provider Journey,N,N,N,No,medical billing,7,patient payments,paypal (pypl),,,,,,,afterpay,affirm,,,,medical billing,Affirm,,paypal pay in 4,,
16-02-26,Mount Sinai Health System,mountsinai.org,Physician Assistant,United States,The Role of Third-Party  Financing in the Health and  Wellness Payment Landscape,N,N,N,No,paypal (pypl),11,patient payments,paypal (pypl),,,,,sezzle,,afterpay,affirm,payment plan,credit Management,,medical billing,Affirm,,paypal pay in 4,greensky,
16-02-26,Noran Neurology,noranclinic.com,Physician Assistant,United States,How Cost Impacts the Patient and Provider Journey,N,N,N,No,wells fargo (wfc),1,,,,,,,,,,,,,,,,,,,wells fargo (wfc)
16-02-26,Noran Neurology,noranclinic.com,Physician Assistant,United States,How Cost Impacts the Patient and Provider Journey,N,N,N,No,wells fargo (wfc),1,,,,,,,,,,,,,,,,,,,wells fargo (wfc)
16-02-26,Northshore University Healthsystem,northshore.org,Physician Assistant,United States,Lifetime of Healthcare Costs in the U.S.,N,N,N,No,patient payments,6,patient payments,paypal (pypl),,,,,,,afterpay,,,,payment solutions,medical billing,,,paypal pay in 4,,
16-02-26,Norton Women's & Children's Hospital,nortonhealthcare.org,Nurse Practitioner,United States,How Cost Impacts the Patient and Provider Journey,N,N,N,No,wells fargo (wfc),5,patient payments,paypal (pypl),,,,,,paypal pay later,,,,,,,,,paypal pay in 4,,wells fargo (wfc)
16-02-26,Norton Women's & Children's Hospital,nortonhealthcare.org,Physician Assistant,United States,How Cost Impacts the Patient and Provider Journey,N,N,N,No,wells fargo (wfc),5,patient payments,paypal (pypl),,,,,,paypal pay later,,,,,,,,,paypal pay in 4,,wells fargo (wfc)
16-02-26,Nyu Langone Health,nyulangone.org,Nurse Practitioner,United States,The Role of Third-Party  Financing in the Health and  Wellness Payment Landscape,N,N,N,No,medical billing,12,patient payments,paypal (pypl),,,,klarna,sezzle,paypal pay later,afterpay,affirm,,credit Management,,medical billing,Affirm,,paypal pay in 4,,wells fargo (wfc)
16-02-26,"Oak Street Health, Part Of Cvs Health",oakstreethealth.com,Nurse Practitioner,United States,How Cost Impacts the Patient and Provider Journey,N,N,N,No,patient payments,8,patient payments,paypal (pypl),,debt relief,,,,paypal pay later,,,payment plan,credit Management,payment solutions,,,,,,wells fargo (wfc)
16-02-26,Orlando Regional Medical Center,orhs.org,Nurse Practitioner,United States,How Cost Impacts the Patient and Provider Journey,N,N,N,No,payment solutions,7,patient payments,paypal (pypl),,,,,sezzle,,afterpay,,,,payment solutions,medical billing,,,,,wells fargo (wfc)
16-02-26,Orlando Regional Medical Center,orhs.org,Nurse Practitioner,United States,How Cost Impacts the Patient and Provider Journey,N,N,N,No,payment solutions,7,patient payments,paypal (pypl),,,,,sezzle,,afterpay,,,,payment solutions,medical billing,,,,,wells fargo (wfc)
16-02-26,Orlando Regional Medical Center,orhs.org,Nurse Practitioner,United States,How Cost Impacts the Patient and Provider Journey,N,N,N,No,payment solutions,7,patient payments,paypal (pypl),,,,,sezzle,,afterpay,,,,payment solutions,medical billing,,,,,wells fargo (wfc)
16-02-26,Osf Healthcare,osfhealthcare.org,Physician Assistant,United States,The Role of Third-Party  Financing in the Health and  Wellness Payment Landscape,N,N,N,No,patient payments,6,patient payments,,,,,,sezzle,,afterpay,,,,payment solutions,medical billing,,paypal credit,,,
16-02-26,Osf Healthcare,osfhealthcare.org,Physician Assistant,United States,Lifetime of Healthcare Costs in the U.S.,N,N,N,No,patient payments,6,patient payments,,,,,,sezzle,,afterpay,,,,payment solutions,medical billing,,paypal credit,,,
16-02-26,Osf Healthcare,osfhealthcare.org,Physician Assistant,United States,The Role of Third-Party  Financing in the Health and  Wellness Payment Landscape,N,N,N,No,patient payments,6,patient payments,,,,,,sezzle,,afterpay,,,,payment solutions,medical billing,,paypal credit,,,
16-02-26,Overlake Medical Center & Clinics,overlakehospital.org,Nurse Practitioner,United States,The Role of Third-Party  Financing in the Health and  Wellness Payment Landscape,N,N,N,No,paypal (pypl),10,patient payments,paypal (pypl),,debt relief,,,,paypal pay later,afterpay,affirm,payment plan,credit Management,,,Affirm,paypal credit,,,
16-02-26,Park Nicollet Health Services,parknicollet.com,Physician Assistant,United States,How Cost Impacts the Patient and Provider Journey,N,N,N,No,paypal (pypl),5,patient payments,paypal (pypl),,,,,,,,,,,payment solutions,medical billing,,,,,wells fargo (wfc)
16-02-26,Premise Health,premisehealth.com,Physician Assistant,United States,Recognizing Burnout in Healthcare Staff and Ideas for Addressing It,N,N,N,No,patient payments,5,patient payments,paypal (pypl),,,,,,paypal pay later,,,,,,medical billing,,,,,wells fargo (wfc)
16-02-26,Prisma Health,prismahealth.org,Chief Executive Officer,United States,How Cost Impacts the Patient and Provider Journey,N,N,N,No,medical billing,9,patient payments,paypal (pypl),,,,,sezzle,paypal pay later,afterpay,,,,payment solutions,medical billing,,paypal credit,,,wells fargo (wfc)
16-02-26,Rady Children's Hospital-San Diego,rchsd.org,Physician Assistant,United States,The Role of Third-Party  Financing in the Health and  Wellness Payment Landscape,N,N,N,No,patient payments,8,patient payments,paypal (pypl),,,,,,paypal pay later,afterpay,,,,payment solutions,medical billing,,paypal credit,paypal pay in 4,,
16-02-26,San Antonio Regional Hospital,sarh.org,Physician Assistant,United States,The Role of Third-Party  Financing in the Health and  Wellness Payment Landscape,N,N,N,No,patient payments,4,patient payments,,,,,,,paypal pay later,,,payment plan,,,,,,,,wells fargo (wfc)
16-02-26,Lincolnland Home Care,sblhs.org,Physician Assistant,United States,Lifetime of Healthcare Costs in the U.S.,N,N,N,No,payment plan,4,,,,,,,,paypal pay later,,,payment plan,,payment solutions,,,,,,wells fargo (wfc)
16-02-26,Southcoast Health,southcoast.org,Physician Assistant,United States,Lifetime of Healthcare Costs in the U.S.,N,N,N,No,afterpay,8,patient payments,paypal (pypl),,,,,,,afterpay,,payment plan,credit Management,payment solutions,medical billing,,paypal credit,,,
16-02-26,St. Peter's Health Partners,sphp.com,Physician Assistant,United States,How Cost Impacts the Patient and Provider Journey,N,N,N,No,patient payments,7,patient payments,paypal (pypl),,,,,,,afterpay,,payment plan,,payment solutions,medical billing,,,,,wells fargo (wfc)
16-02-26,St. Peter's Health Partners,sphp.com,Physician Assistant,United States,The Role of Third-Party  Financing in the Health and  Wellness Payment Landscape,N,N,N,No,patient payments,7,patient payments,paypal (pypl),,,,,,,afterpay,,payment plan,,payment solutions,medical billing,,,,,wells fargo (wfc)
16-02-26,St. Peter's Health Partners,sphp.com,Physician Assistant,United States,The Role of Third-Party  Financing in the Health and  Wellness Payment Landscape,N,N,N,No,patient payments,7,patient payments,paypal (pypl),,,,,,,afterpay,,payment plan,,payment solutions,medical billing,,,,,wells fargo (wfc)
16-02-26,Ssm Health,ssmhealth.com,"Financial Leader (VP, Analyst, Counselor)",United States,Recognizing Burnout in Healthcare Staff and Ideas for Addressing It,N,N,N,No,medical billing,8,patient payments,paypal (pypl),,,,,,paypal pay later,,,payment plan,,,medical billing,,paypal credit,paypal pay in 4,,wells fargo (wfc)
16-02-26,Tift Regional Health System,tiftregional.com,Nurse Practitioner,United States,The Role of Third-Party  Financing in the Health and  Wellness Payment Landscape,N,N,N,No,wells fargo (wfc),6,patient payments,paypal (pypl),,debt relief,,klarna,,,,,payment plan,,,,,,,,wells fargo (wfc)
16-02-26,Tift Regional Health System,tiftregional.com,Nurse Practitioner,United States,How Cost Impacts the Patient and Provider Journey,N,N,N,No,wells fargo (wfc),6,patient payments,paypal (pypl),,debt relief,,klarna,,,,,payment plan,,,,,,,,wells fargo (wfc)
16-02-26,Tower Health,towerhealth.org,Physician Assistant,United States,The Role of Third-Party  Financing in the Health and  Wellness Payment Landscape,N,N,N,No,patient payments,7,patient payments,paypal (pypl),,,,,,paypal pay later,afterpay,,payment plan,,,medical billing,,paypal credit,,,
16-02-26,Unitypoint Health,unitypoint.org,Nurse Practitioner,United States,The Role of Third-Party  Financing in the Health and  Wellness Payment Landscape,N,N,N,No,medical billing,7,patient payments,paypal (pypl),,,,klarna,,,afterpay,,,credit Management,,medical billing,,paypal credit,,,
16-02-26,Vernon Health,vmh.org,Chief Executive Officer,United States,The Role of Third-Party  Financing in the Health and  Wellness Payment Landscape,N,N,N,No,paypal (pypl),2,,paypal (pypl),,debt relief,,,,,,,,,,,,,,,
16-02-26,Yale New Haven Hospital,ynhh.org,Physician Assistant,United States,How Cost Impacts the Patient and Provider Journey,N,N,N,No,paypal (pypl),6,patient payments,paypal (pypl),,,,,,,afterpay,,payment plan,,payment solutions,medical billing,,,,,
17-02-26,Emory Healthcare,emoryhealthcare.org,Nurse Practitioner,United States,Recognizing Burnout in Healthcare Staff and Ideas for Addressing It,N,N,N,No,patient payments,7,patient payments,,,,,,sezzle,paypal pay later,afterpay,,payment plan,,payment solutions,medical billing,,,,,
17-02-26,Parkview Health,parkview.com,Nurse Practitioner,United States,How Cost Impacts the Patient and Provider Journey,N,N,N,No,payment solutions,6,,,,,,klarna,,,afterpay,,,,payment solutions,medical billing,,paypal credit,,,wells fargo (wfc)
23-02-26,Allergy Partners Pllc,allergypartners.com,Physician Assistant,United States,Recognizing Burnout in Healthcare Staff and Ideas for Addressing It,N,N,N,No,klarna,5,patient payments,paypal (pypl),,,,klarna,,paypal pay later,,,payment plan,,,,,,,,
23-02-26,Banner Health,bannerhealth.com,Nurse Practitioner,United States,How Cost Impacts the Patient and Provider Journey,N,N,N,No,patient payments,6,patient payments,,,,,,sezzle,paypal pay later,afterpay,,,,,medical billing,,,,,wells fargo (wfc)
23-02-26,Beaumont Health,beaumont.org,Physician Assistant,United States,Lifetime of Healthcare Costs in the U.S.,N,N,N,No,medical billing,8,patient payments,paypal (pypl),,,,klarna,,paypal pay later,,,,,,medical billing,,paypal credit,paypal pay in 4,,wells fargo (wfc)
23-02-26,"Baptist Memorial Hospital-Golden Triangle, Inc.",bmhcc.org,Patient Access/Engagement,United States,Recognizing Burnout in Healthcare Staff and Ideas for Addressing It,N,N,N,No,wells fargo (wfc),7,patient payments,paypal (pypl),laybuy,,,,,paypal pay later,,,payment plan,,,,,,paypal pay in 4,,wells fargo (wfc)
23-02-26,"Baptist Memorial Hospital-Golden Triangle, Inc.",bmhcc.org,Nurse Practitioner,United States,Recognizing Burnout in Healthcare Staff and Ideas for Addressing It,N,N,N,No,wells fargo (wfc),7,patient payments,paypal (pypl),laybuy,,,,,paypal pay later,,,payment plan,,,,,,paypal pay in 4,,wells fargo (wfc)
23-02-26,"Baptist Memorial Hospital-Golden Triangle, Inc.",bmhcc.org,Nurse Practitioner,United States,Lifetime of Healthcare Costs in the U.S.,N,N,N,No,wells fargo (wfc),7,patient payments,paypal (pypl),laybuy,,,,,paypal pay later,,,payment plan,,,,,,paypal pay in 4,,wells fargo (wfc)
23-02-26,Baton Rouge General Medical Center,brgeneral.org,Nurse Practitioner,United States,How Cost Impacts the Patient and Provider Journey,N,N,N,No,afterpay,6,patient payments,paypal (pypl),,,,,,,afterpay,,payment plan,,payment solutions,medical billing,,,,,
23-02-26,Cape Fear Valley Health,capefearvalley.com,Nurse Practitioner,United States,The Role of Third-Party  Financing in the Health and  Wellness Payment Landscape,N,N,N,No,payment solutions,7,patient payments,paypal (pypl),,debt relief,,klarna,,,,,,,payment solutions,medical billing,,paypal credit,,,
23-02-26,Centracare,centracare.com,Physician Assistant,United States,How Cost Impacts the Patient and Provider Journey,N,N,N,No,afterpay,7,patient payments,,,,,klarna,,,afterpay,,,,payment solutions,medical billing,,,paypal pay in 4,,wells fargo (wfc)
23-02-26,Cambridge Health Alliance,challiance.org,Physician Assistant,United States,How Cost Impacts the Patient and Provider Journey,N,N,N,No,patient payments,7,patient payments,paypal (pypl),,,,klarna,,,afterpay,,payment plan,,payment solutions,medical billing,,,,,
23-02-26,Choc Children's,choc.org,Physician Assistant,United States,How Cost Impacts the Patient and Provider Journey,N,N,N,No,patient payments,9,patient payments,paypal (pypl),,,zippay,klarna,,paypal pay later,,,,credit Management,payment solutions,medical billing,,paypal credit,,,
23-02-26,Choc Children's,choc.org,Nurse Practitioner,United States,Recognizing Burnout in Healthcare Staff and Ideas for Addressing It,N,N,N,No,patient payments,9,patient payments,paypal (pypl),,,zippay,klarna,,paypal pay later,,,,credit Management,payment solutions,medical billing,,paypal credit,,,
23-02-26,Catholic Health,chsli.org,Nurse Practitioner,United States,How Cost Impacts the Patient and Provider Journey,N,N,N,No,afterpay,3,patient payments,,,,,,,,afterpay,,,,payment solutions,,,,,,
23-02-26,Cone Health,conehealth.com,Nurse Practitioner,United States,How Cost Impacts the Patient and Provider Journey,N,N,N,No,patient payments,11,patient payments,paypal (pypl),,,,klarna,,,,affirm,payment plan,credit Management,,medical billing,Affirm,paypal credit,paypal pay in 4,,wells fargo (wfc)
23-02-26,Cook Children's Health Care System,cookchildrens.org,Physician Assistant,United States,How Cost Impacts the Patient and Provider Journey,N,N,N,No,patient payments,3,patient payments,,,,,,,,,,,,payment solutions,medical billing,,,,,
23-02-26,Emory Healthcare,emoryhealthcare.org,Nurse Practitioner,United States,How Cost Impacts the Patient and Provider Journey,N,N,N,No,patient payments,7,patient payments,,,,,,sezzle,paypal pay later,afterpay,,payment plan,,payment solutions,medical billing,,,,,
23-02-26,Erlanger,erlanger.org,Patient Access/Engagement,United States,Lifetime of Healthcare Costs in the U.S.,N,N,N,No,afterpay,7,patient payments,paypal (pypl),,,,klarna,,paypal pay later,afterpay,,,,,medical billing,,,paypal pay in 4,,
23-02-26,"Franciscan Alliance, Inc.",franciscanalliance.org,Nurse Practitioner,United States,Recognizing Burnout in Healthcare Staff and Ideas for Addressing It,N,N,N,No,medical billing,10,patient payments,paypal (pypl),laybuy,,zippay,klarna,,,afterpay,,,,payment solutions,medical billing,,,paypal pay in 4,,wells fargo (wfc)
23-02-26,Gundersen Health System,gundersenhealth.org,Nurse Practitioner,United States,Recognizing Burnout in Healthcare Staff and Ideas for Addressing It,N,N,N,No,wells fargo (wfc),7,patient payments,,,,,klarna,,,afterpay,,payment plan,,payment solutions,medical billing,,,,,wells fargo (wfc)
23-02-26,Gundersen Health System,gundersenhealth.org,Physician Assistant,United States,How Cost Impacts the Patient and Provider Journey,N,N,N,No,wells fargo (wfc),7,patient payments,,,,,klarna,,,afterpay,,payment plan,,payment solutions,medical billing,,,,,wells fargo (wfc)
23-02-26,Gundersen Health System,gundersenhealth.org,Physician Assistant,United States,The Role of Third-Party  Financing in the Health and  Wellness Payment Landscape,N,N,N,No,wells fargo (wfc),7,patient payments,,,,,klarna,,,afterpay,,payment plan,,payment solutions,medical billing,,,,,wells fargo (wfc)
23-02-26,Hendricks Regional Health,hendricks.org,Nurse Practitioner,United States,The Role of Third-Party  Financing in the Health and  Wellness Payment Landscape,N,N,N,No,paypal (pypl),6,patient payments,paypal (pypl),,,,klarna,,,,,,,,medical billing,,,paypal pay in 4,,wells fargo (wfc)
23-02-26,Imperial Health,imperialhealth.com,Patient Access/Engagement,United States,How Cost Impacts the Patient and Provider Journey,N,N,N,No,paypal (pypl),1,,paypal (pypl),,,,,,,,,,,,,,,,,
23-02-26,Integrated Medical Services (Ims),imsaz.com,Nurse Practitioner,United States,How Cost Impacts the Patient and Provider Journey,N,N,N,No,paypal (pypl),4,patient payments,paypal (pypl),,,,,,paypal pay later,,,,,,,,,,,wells fargo (wfc)
23-02-26,Integrated Medical Services (Ims),imsaz.com,Chief Financial Officer,United States,How Cost Impacts the Patient and Provider Journey,N,N,N,No,paypal (pypl),4,patient payments,paypal (pypl),,,,,,paypal pay later,,,,,,,,,,,wells fargo (wfc)
23-02-26,Inova Health,inova.org,Patient Access/Engagement,United States,The Role of Third-Party  Financing in the Health and  Wellness Payment Landscape,N,N,N,No,medical billing,10,patient payments,paypal (pypl),,,,,sezzle,paypal pay later,afterpay,,,credit Management,payment solutions,medical billing,,,paypal pay in 4,,wells fargo (wfc)
23-02-26,Inova Health,inova.org,Nurse Practitioner,United States,How Cost Impacts the Patient and Provider Journey,N,N,N,No,medical billing,10,patient payments,paypal (pypl),,,,,sezzle,paypal pay later,afterpay,,,credit Management,payment solutions,medical billing,,,paypal pay in 4,,wells fargo (wfc)
23-02-26,Integris Health,integrisok.com,Physician Assistant,United States,How Cost Impacts the Patient and Provider Journey,N,N,N,No,medical billing,6,patient payments,,,,,,sezzle,,afterpay,,payment plan,,payment solutions,medical billing,,,,,
23-02-26,Kaiser Permanente,kaiserpermanente.org,"Financial Leader (VP, Analyst, Counselor)",United States,The Role of Third-Party  Financing in the Health and  Wellness Payment Landscape,N,N,N,No,patient payments,6,patient payments,paypal (pypl),,debt relief,,,sezzle,,afterpay,,,,,medical billing,,,,,
23-02-26,Kaiser Permanente,kaiserpermanente.org,Patient Access/Engagement,United States,The Role of Third-Party  Financing in the Health and  Wellness Payment Landscape,N,N,N,No,patient payments,6,patient payments,paypal (pypl),,debt relief,,,sezzle,,afterpay,,,,,medical billing,,,,,
23-02-26,Kaleida Health,kaleidahealth.org,Physician Assistant,United States,The Role of Third-Party  Financing in the Health and  Wellness Payment Landscape,N,N,N,No,afterpay,6,patient payments,paypal (pypl),,,,,,,afterpay,,payment plan,,,medical billing,,,paypal pay in 4,,
23-02-26,Landmark Hospitals,landmarkhospitals.com,Chief Executive Officer,United States,How Cost Impacts the Patient and Provider Journey,N,N,N,No,patient payments,5,patient payments,paypal (pypl),,,,,,paypal pay later,,,payment plan,,,,,,,,wells fargo (wfc)
23-02-26,Lifebridge Health,lifebridgehealth.org,Physician Assistant,United States,The Role of Third-Party  Financing in the Health and  Wellness Payment Landscape,N,N,N,No,medical billing,4,patient payments,paypal (pypl),,,,,,,,,payment plan,,,medical billing,,,,,
23-02-26,Marshfield Clinic Health System,marshfieldclinic.org,Nurse Practitioner,United States,How Cost Impacts the Patient and Provider Journey,N,N,N,No,credit Management,7,patient payments,paypal (pypl),,,,,sezzle,,afterpay,,,credit Management,payment solutions,medical billing,,,,,
23-02-26,Mary Free Bed Rehabilitation Hospital,maryfreebed.com,"Revenue Cycle Leader (VP, Director, Manager)",United States,The Role of Third-Party  Financing in the Health and  Wellness Payment Landscape,N,N,N,No,paypal (pypl),5,patient payments,paypal (pypl),,,,klarna,,paypal pay later,,,,,,,,,,,wells fargo (wfc)
23-02-26,Ut Md Anderson,mdanderson.org,Nurse Practitioner,United States,The Role of Third-Party  Financing in the Health and  Wellness Payment Landscape,N,N,N,No,medical billing,7,patient payments,paypal (pypl),,debt relief,,,,paypal pay later,,,,,,medical billing,,paypal credit,paypal pay in 4,,
23-02-26,Ut Md Anderson,mdanderson.org,Patient Access/Engagement,United States,How Cost Impacts the Patient and Provider Journey,N,N,N,No,medical billing,7,patient payments,paypal (pypl),,debt relief,,,,paypal pay later,,,,,,medical billing,,paypal credit,paypal pay in 4,,
23-02-26,Mercy Health,mercy.com,Nurse Practitioner,United States,The Role of Third-Party  Financing in the Health and  Wellness Payment Landscape,N,N,N,No,paypal (pypl),6,patient payments,paypal (pypl),,,,,,,afterpay,,,,payment solutions,medical billing,,,,,wells fargo (wfc)
23-02-26,Mercy,mercy.net,Nurse Practitioner,United States,The Role of Third-Party  Financing in the Health and  Wellness Payment Landscape,N,N,N,No,medical billing,7,patient payments,paypal (pypl),,,,,,,afterpay,affirm,,,,medical billing,Affirm,,paypal pay in 4,,
23-02-26,Memorial Sloan Kettering Cancer Center,mskcc.org,Nurse Practitioner,United States,The Role of Third-Party  Financing in the Health and  Wellness Payment Landscape,N,N,N,No,patient payments,6,patient payments,,,,zippay,,,,afterpay,,payment plan,,,medical billing,,,paypal pay in 4,,
23-02-26,Multicare Health System,multicare.org,Physician Assistant,United States,How Cost Impacts the Patient and Provider Journey,N,N,N,No,payment solutions,9,patient payments,paypal (pypl),,,,,sezzle,,afterpay,,,credit Management,payment solutions,medical billing,,,paypal pay in 4,,wells fargo (wfc)
23-02-26,Northwestern Medicine,nm.org,Nurse Practitioner,United States,The Role of Third-Party  Financing in the Health and  Wellness Payment Landscape,N,N,N,No,patient payments,8,patient payments,paypal (pypl),,,,,,,afterpay,,payment plan,credit Management,payment solutions,medical billing,,,paypal pay in 4,,
23-02-26,Nyu Langone Health,nyulangone.org,Nurse Practitioner,United States,The Role of Third-Party  Financing in the Health and  Wellness Payment Landscape,N,N,N,No,medical billing,12,patient payments,paypal (pypl),,,,klarna,sezzle,paypal pay later,afterpay,affirm,,credit Management,,medical billing,Affirm,,paypal pay in 4,,wells fargo (wfc)
23-02-26,Ochsner Health,ochsner.org,Chief Financial Officer,United States,Lifetime of Healthcare Costs in the U.S.,N,N,N,No,medical billing,8,patient payments,,laybuy,,,klarna,,,afterpay,,,credit Management,,medical billing,,paypal credit,paypal pay in 4,,
23-02-26,Ochsner Health,ochsner.org,"Financial Leader (VP, Analyst, Counselor)",United States,Recognizing Burnout in Healthcare Staff and Ideas for Addressing It,N,N,N,No,medical billing,8,patient payments,,laybuy,,,klarna,,,afterpay,,,credit Management,,medical billing,,paypal credit,paypal pay in 4,,
23-02-26,Optum,optum.com,Physician Assistant,United States,The Role of Third-Party  Financing in the Health and  Wellness Payment Landscape,N,N,N,No,wells fargo (wfc),7,patient payments,paypal (pypl),,,,,sezzle,,afterpay,,,,,medical billing,,,paypal pay in 4,,wells fargo (wfc)
23-02-26,Overlake Medical Center & Clinics,overlakehospital.org,Physician Assistant,United States,How Cost Impacts the Patient and Provider Journey,N,N,N,No,paypal (pypl),10,patient payments,paypal (pypl),,debt relief,,,,paypal pay later,afterpay,affirm,payment plan,credit Management,,,Affirm,paypal credit,,,
23-02-26,Overlake Medical Center & Clinics,overlakehospital.org,Nurse Practitioner,United States,The Role of Third-Party  Financing in the Health and  Wellness Payment Landscape,N,N,N,No,paypal (pypl),10,patient payments,paypal (pypl),,debt relief,,,,paypal pay later,afterpay,affirm,payment plan,credit Management,,,Affirm,paypal credit,,,
23-02-26,Overlake Medical Center & Clinics,overlakehospital.org,Physician Assistant,United States,The Role of Third-Party  Financing in the Health and  Wellness Payment Landscape,N,N,N,No,paypal (pypl),10,patient payments,paypal (pypl),,debt relief,,,,paypal pay later,afterpay,affirm,payment plan,credit Management,,,Affirm,paypal credit,,,
23-02-26,Piedmont,piedmont.org,Chief Financial Officer,United States,Lifetime of Healthcare Costs in the U.S.,N,N,N,No,medical billing,6,patient payments,,,,,,sezzle,,afterpay,,payment plan,,,medical billing,,paypal credit,,,
23-02-26,Pomerene Hospital,pomerenehospital.org,Chief Executive Officer,United States,The Role of Third-Party  Financing in the Health and  Wellness Payment Landscape,N,N,N,No,paypal pay later,1,,,,,,,,paypal pay later,,,,,,,,,,,
23-02-26,Premise Health,premisehealth.com,Physician Assistant,United States,How Cost Impacts the Patient and Provider Journey,N,N,N,No,patient payments,5,patient payments,paypal (pypl),,,,,,paypal pay later,,,,,,medical billing,,,,,wells fargo (wfc)
23-02-26,Premise Health,premisehealth.com,Nurse Practitioner,United States,How Cost Impacts the Patient and Provider Journey,N,N,N,No,patient payments,5,patient payments,paypal (pypl),,,,,,paypal pay later,,,,,,medical billing,,,,,wells fargo (wfc)
23-02-26,Providence,providence.org,Chief Financial Officer,United States,How Cost Impacts the Patient and Provider Journey,N,N,N,No,medical billing,8,patient payments,,,,,,sezzle,,,affirm,,credit Management,payment solutions,medical billing,Affirm,paypal credit,,,
23-02-26,Renown Health,renown.org,Physician Assistant,United States,How Cost Impacts the Patient and Provider Journey,N,N,N,No,patient payments,9,patient payments,paypal (pypl),,,,,,paypal pay later,afterpay,,,,payment solutions,medical billing,,paypal credit,paypal pay in 4,,wells fargo (wfc)
23-02-26,San Antonio Regional Hospital,sarh.org,Chief Executive Officer,United States,How Cost Impacts the Patient and Provider Journey,N,N,N,No,patient payments,4,patient payments,,,,,,,paypal pay later,,,payment plan,,,,,,,,wells fargo (wfc)
23-02-26,San Antonio Regional Hospital,sarh.org,"Patient Access Leader (Director, Specialist)",United States,The Role of Third-Party  Financing in the Health and  Wellness Payment Landscape,N,N,N,No,patient payments,4,patient payments,,,,,,,paypal pay later,,,payment plan,,,,,,,,wells fargo (wfc)
23-02-26,Self Regional Healthcare,selfregional.org,Nurse Practitioner,United States,The Role of Third-Party  Financing in the Health and  Wellness Payment Landscape,N,N,N,No,afterpay,10,patient payments,paypal (pypl),,debt relief,,klarna,sezzle,,afterpay,,,,payment solutions,medical billing,,,paypal pay in 4,,wells fargo (wfc)
23-02-26,Sunrise Senior Living,sunriseseniorliving.com,"Financial Leader (VP, Analyst, Counselor)",United States,Recognizing Burnout in Healthcare Staff and Ideas for Addressing It,N,N,N,No,afterpay,9,patient payments,paypal (pypl),,debt relief,,,,paypal pay later,afterpay,,,,payment solutions,,,paypal credit,paypal pay in 4,,wells fargo (wfc)
23-02-26,Sutter Health,sutterhealth.org,Physician Assistant,United States,The Role of Third-Party  Financing in the Health and  Wellness Payment Landscape,N,N,N,No,medical billing,5,patient payments,,,,,,,,,,,,payment solutions,medical billing,,,paypal pay in 4,,wells fargo (wfc)
23-02-26,Sutter Health,sutterhealth.org,Physician Assistant,United States,How Cost Impacts the Patient and Provider Journey,N,N,N,No,medical billing,5,patient payments,,,,,,,,,,,,payment solutions,medical billing,,,paypal pay in 4,,wells fargo (wfc)
23-02-26,Syringa Hospital & Clinics,syringahospital.org,Chief Financial Officer,United States,The Role of Third-Party  Financing in the Health and  Wellness Payment Landscape,N,N,N,No,debt relief,2,,,,debt relief,,,,,,,,,,,,,paypal pay in 4,,
23-02-26,Vcu Health,vcuhealth.org,Nurse Practitioner,United States,Recognizing Burnout in Healthcare Staff and Ideas for Addressing It,N,N,N,No,medical billing,7,patient payments,paypal (pypl),,,,,,,afterpay,,payment plan,,payment solutions,medical billing,,,,,wells fargo (wfc)
23-02-26,Virtua Health,virtua.org,Nurse Practitioner,United States,How Cost Impacts the Patient and Provider Journey,N,N,N,No,payment solutions,8,patient payments,,,,,klarna,,,afterpay,affirm,,,payment solutions,medical billing,Affirm,,paypal pay in 4,,
23-02-26,Wvu Medicine,wvumedicine.org,Physician Assistant,United States,Recognizing Burnout in Healthcare Staff and Ideas for Addressing It,N,N,N,No,medical billing,8,patient payments,paypal (pypl),,,,klarna,,,afterpay,,payment plan,,,medical billing,,paypal credit,paypal pay in 4,,
23-02-26,Wvu Medicine,wvumedicine.org,Physician Assistant,United States,Lifetime of Healthcare Costs in the U.S.,N,N,N,No,medical billing,8,patient payments,paypal (pypl),,,,klarna,,,afterpay,,payment plan,,,medical billing,,paypal credit,paypal pay in 4,,
01-03-26,Avera Health,avera.org,Physician Assistant,United States,How Cost Impacts the Patient and Provider Journey,N,N,N,No,medical billing,8,patient payments,,,,zippay,klarna,,paypal pay later,,,payment plan,,,medical billing,,,paypal pay in 4,,wells fargo (wfc)
01-03-26,Choc Children's,choc.org,Nurse Practitioner,United States,Lifetime of Healthcare Costs in the U.S.,N,N,N,No,patient payments,9,patient payments,paypal (pypl),,,zippay,klarna,,paypal pay later,,,,credit Management,payment solutions,medical billing,,paypal credit,,,
01-03-26,Evergreenhealth,evergreenhealth.com,Physician Assistant,United States,How Cost Impacts the Patient and Provider Journey,N,N,N,No,afterpay,8,patient payments,paypal (pypl),,,,,,paypal pay later,afterpay,,,,,medical billing,,paypal credit,paypal pay in 4,,wells fargo (wfc)
01-03-26,Froedtert Health,froedtert.com,"Financial Leader (VP, Analyst, Counselor)",United States,Lifetime of Healthcare Costs in the U.S.,N,N,N,No,medical billing,9,patient payments,paypal (pypl),,,,,,paypal pay later,afterpay,,payment plan,,payment solutions,medical billing,,paypal credit,,,wells fargo (wfc)
01-03-26,Integrated Medical Services (Ims),imsaz.com,Nurse Practitioner,United States,The Role of Third-Party  Financing in the Health and  Wellness Payment Landscape,N,N,N,No,paypal (pypl),4,patient payments,paypal (pypl),,,,,,paypal pay later,,,,,,,,,,,wells fargo (wfc)
01-03-26,Kaiser Permanente,kaiserpermanente.org,Nurse Practitioner,United States,Recognizing Burnout in Healthcare Staff and Ideas for Addressing It,N,N,N,No,patient payments,6,patient payments,paypal (pypl),,debt relief,,,sezzle,,afterpay,,,,,medical billing,,,,,
01-03-26,Lifespring Health Systems,lifespringhealthsystems.org,Nurse Practitioner,United States,The Role of Third-Party  Financing in the Health and  Wellness Payment Landscape,N,N,N,No,debt relief,1,,,,debt relief,,,,,,,,,,,,,,,
01-03-26,Ut Md Anderson,mdanderson.org,Patient Access/Engagement,United States,The Role of Third-Party  Financing in the Health and  Wellness Payment Landscape,N,N,N,No,medical billing,7,patient payments,paypal (pypl),,debt relief,,,,paypal pay later,,,,,,medical billing,,paypal credit,paypal pay in 4,,
01-03-26,Medical Service Company,medicalserviceco.com,Chief Executive Officer,United States,How Cost Impacts the Patient and Provider Journey,N,N,N,No,debt relief,1,,,,debt relief,,,,,,,,,,,,,,,
01-03-26,Noran Neurology,noranclinic.com,Chief Financial Officer,United States,How Cost Impacts the Patient and Provider Journey,N,N,N,No,wells fargo (wfc),1,,,,,,,,,,,,,,,,,,,wells fargo (wfc)
01-03-26,Norton Women's & Children's Hospital,nortonhealthcare.org,Physician Assistant,United States,Recognizing Burnout in Healthcare Staff and Ideas for Addressing It,N,N,N,No,wells fargo (wfc),5,patient payments,paypal (pypl),,,,,,paypal pay later,,,,,,,,,paypal pay in 4,,wells fargo (wfc)
01-03-26,Ochsner Health,ochsner.org,"Financial Leader (VP, Analyst, Counselor)",United States,How Cost Impacts the Patient and Provider Journey,N,N,N,No,medical billing,8,patient payments,,laybuy,,,klarna,,,afterpay,,,credit Management,,medical billing,,paypal credit,paypal pay in 4,,
01-03-26,Orlando Regional Medical Center,orhs.org,Nurse Practitioner,United States,How Cost Impacts the Patient and Provider Journey,N,N,N,No,payment solutions,7,patient payments,paypal (pypl),,,,,sezzle,,afterpay,,,,payment solutions,medical billing,,,,,wells fargo (wfc)
01-03-26,Osf Healthcare,osfhealthcare.org,Chief Financial Officer,United States,The Role of Third-Party  Financing in the Health and  Wellness Payment Landscape,N,N,N,No,patient payments,6,patient payments,,,,,,sezzle,,afterpay,,,,payment solutions,medical billing,,paypal credit,,,
01-03-26,Neumann Jane L Md,phci.org,Nurse Practitioner,United States,Lifetime of Healthcare Costs in the U.S.,N,N,N,No,wells fargo (wfc),1,,,,,,,,,,,,,,,,,,,wells fargo (wfc)
01-03-26,Sutter Health,sutterhealth.org,Physician Assistant,United States,Recognizing Burnout in Healthcare Staff and Ideas for Addressing It,N,N,N,No,medical billing,5,patient payments,,,,,,,,,,,,payment solutions,medical billing,,,paypal pay in 4,,wells fargo (wfc)
01-03-26,Umass Memorial Medical Center,umassmemorial.org,Nurse Practitioner,United States,Lifetime of Healthcare Costs in the U.S.,N,N,N,No,afterpay,7,patient payments,paypal (pypl),,,,klarna,,,afterpay,,,,payment solutions,medical billing,,paypal credit,,,
01-03-26,Wvu Medicine,wvumedicine.org,"Financial Leader (VP, Analyst, Counselor)",United States,The Role of Third-Party  Financing in the Health and  Wellness Payment Landscape,N,N,N,No,medical billing,8,patient payments,paypal (pypl),,,,klarna,,,afterpay,,payment plan,,,medical billing,,paypal credit,paypal pay in 4,,
01-03-26,Wvu Medicine,wvumedicine.org,Physician Assistant,United States,How Cost Impacts the Patient and Provider Journey,N,N,N,No,medical billing,8,patient payments,paypal (pypl),,,,klarna,,,afterpay,,payment plan,,,medical billing,,paypal credit,paypal pay in 4,,
03-03-26,Anmed Health,anmedhealth.org,Nurse Practitioner,United States,Recognizing Burnout in Healthcare Staff and Ideas for Addressing It,N,N,N,No,wells fargo (wfc),6,patient payments,paypal (pypl),,debt relief,,,,paypal pay later,,,,,,,,,paypal pay in 4,,wells fargo (wfc)
03-03-26,Anmed Health,anmedhealth.org,Chief Executive Officer,United States,How Cost Impacts the Patient and Provider Journey,N,N,N,No,wells fargo (wfc),6,patient payments,paypal (pypl),,debt relief,,,,paypal pay later,,,,,,,,,paypal pay in 4,,wells fargo (wfc)
03-03-26,Beloit Memorial Hospital,beloitmemorialhospital.org,Nurse Practitioner,United States,Lifetime of Healthcare Costs in the U.S.,N,N,N,No,patient payments,6,patient payments,paypal (pypl),,debt relief,,klarna,,,,,payment plan,,,,,,paypal pay in 4,,
03-03-26,Centene Corporation,centene.com,"Financial Leader (VP, Analyst, Counselor)",United States,The Role of Third-Party  Financing in the Health and  Wellness Payment Landscape,N,N,N,No,patient payments,9,patient payments,paypal (pypl),,,,,,paypal pay later,afterpay,,payment plan,credit Management,,medical billing,,paypal credit,,,wells fargo (wfc)
03-03-26,Children's Wisconsin,childrenswi.org,President,United States,Lifetime of Healthcare Costs in the U.S.,N,N,N,No,medical billing,7,patient payments,,,,,,,,afterpay,affirm,payment plan,,,medical billing,Affirm,,,,wells fargo (wfc)
03-03-26,Community Health Systems,chs.net,"Financial Leader (VP, Analyst, Counselor)",United States,Recognizing Burnout in Healthcare Staff and Ideas for Addressing It,N,N,N,No,medical billing,10,patient payments,paypal (pypl),,debt relief,zippay,klarna,sezzle,paypal pay later,,,,credit Management,,medical billing,,paypal credit,,,
03-03-26,Community Health Systems,chs.net,Nurse Practitioner,United States,Lifetime of Healthcare Costs in the U.S.,N,N,N,No,medical billing,10,patient payments,paypal (pypl),,debt relief,zippay,klarna,sezzle,paypal pay later,,,,credit Management,,medical billing,,paypal credit,,,
03-03-26,Compassus,compassus.com,"Financial Leader (VP, Analyst, Counselor)",United States,Recognizing Burnout in Healthcare Staff and Ideas for Addressing It,N,N,N,No,paypal (pypl),4,patient payments,paypal (pypl),,,,klarna,,,,,,,,medical billing,,,,,
03-03-26,Conifer Health Solutions,coniferhealth.com,"Patient Access Leader (Director, Specialist)",United States,Recognizing Burnout in Healthcare Staff and Ideas for Addressing It,N,N,N,No,afterpay,9,patient payments,paypal (pypl),,,zippay,,,,afterpay,affirm,,,payment solutions,medical billing,Affirm,paypal credit,,,
03-03-26,Deaconess Health System,deaconess.com,"Financial Leader (VP, Analyst, Counselor)",United States,Recognizing Burnout in Healthcare Staff and Ideas for Addressing It,N,N,N,No,medical billing,11,patient payments,paypal (pypl),,,,klarna,,,afterpay,affirm,payment plan,,payment solutions,medical billing,Affirm,paypal credit,,,wells fargo (wfc)
03-03-26,Ellis Medicine,ellismedicine.org,Nurse Practitioner,United States,Lifetime of Healthcare Costs in the U.S.,N,N,N,No,wells fargo (wfc),7,patient payments,paypal (pypl),,,,,,,,affirm,payment plan,,,medical billing,Affirm,,,,wells fargo (wfc)
03-03-26,"Franciscan Alliance, Inc.",franciscanalliance.org,Nurse Practitioner,United States,Recognizing Burnout in Healthcare Staff and Ideas for Addressing It,N,N,N,No,medical billing,10,patient payments,paypal (pypl),laybuy,,zippay,klarna,,,afterpay,,,,payment solutions,medical billing,,,paypal pay in 4,,wells fargo (wfc)
03-03-26,Greater Boston Urology,greaterbostonurology.com,Nurse Practitioner,United States,Recognizing Burnout in Healthcare Staff and Ideas for Addressing It,N,N,N,No,,0,,,,,,,,,,,,,,,,,,,
03-03-26,"Hcf Management, Inc.",hcfinc.com,"Revenue Cycle Leader (VP, Director, Manager)",United States,How Cost Impacts the Patient and Provider Journey,N,N,N,No,paypal pay later,3,,paypal (pypl),,debt relief,,,,paypal pay later,,,,,,,,,,,
03-03-26,Healthtrust Performance Group,healthtrustpg.com,Chief Executive Officer,United States,Recognizing Burnout in Healthcare Staff and Ideas for Addressing It,N,N,N,No,patient payments,5,patient payments,paypal (pypl),,debt relief,,,,,,,,,,medical billing,,,paypal pay in 4,,
03-03-26,Heart of the Rockies Regional Medical Center,hrrmc.net,Physician Assistant,United States,Recognizing Burnout in Healthcare Staff and Ideas for Addressing It,N,N,N,No,paypal pay later,2,,,,debt relief,,,,paypal pay later,,,,,,,,,,,
03-03-26,Heart of the Rockies Regional Medical Center,hrrmc.net,Physician Assistant,United States,Lifetime of Healthcare Costs in the U.S.,N,N,N,No,paypal pay later,2,,,,debt relief,,,,paypal pay later,,,,,,,,,,,
03-03-26,The Institute For Family Health,institute.org,Physician Assistant,United States,How Cost Impacts the Patient and Provider Journey,N,N,N,No,afterpay,6,patient payments,paypal (pypl),,,,,,,afterpay,affirm,,,,,Affirm,,,,wells fargo (wfc)
03-03-26,Kootenai Health,kh.org,Nurse Practitioner,United States,Lifetime of Healthcare Costs in the U.S.,N,N,N,No,wells fargo (wfc),7,patient payments,,,debt relief,,klarna,,,afterpay,,payment plan,,,medical billing,,,,,wells fargo (wfc)
03-03-26,lone star circle of care,lscctx.org,Physician Assistant,United States,Recognizing Burnout in Healthcare Staff and Ideas for Addressing It,N,N,N,No,paypal (pypl),4,patient payments,paypal (pypl),,debt relief,,,,,,,,,,medical billing,,,,,
03-03-26,Levine Larry Md,midhosp.org,Physician Assistant,United States,Recognizing Burnout in Healthcare Staff and Ideas for Addressing It,N,N,N,No,patient payments,2,patient payments,,,,,,,,,,,,,,,,paypal pay in 4,,
03-03-26,Montefiore Health System,montefiore.org,Nurse Practitioner,United States,Lifetime of Healthcare Costs in the U.S.,N,N,N,No,patient payments,8,patient payments,paypal (pypl),laybuy,,,klarna,sezzle,,afterpay,,,,payment solutions,medical billing,,,,,
03-03-26,Montefiore Health System,montefiore.org,Nurse Practitioner,United States,Lifetime of Healthcare Costs in the U.S.,N,N,N,No,patient payments,8,patient payments,paypal (pypl),laybuy,,,klarna,sezzle,,afterpay,,,,payment solutions,medical billing,,,,,
03-03-26,Northside Hospital,northside.com,Physician Assistant,United States,How Cost Impacts the Patient and Provider Journey,N,N,N,No,paypal (pypl),8,patient payments,paypal (pypl),,,,,,paypal pay later,afterpay,,,,payment solutions,medical billing,,paypal credit,,,wells fargo (wfc)
03-03-26,Oneoncology,oneoncology.com,"Financial Leader (VP, Analyst, Counselor)",United States,How Cost Impacts the Patient and Provider Journey,N,N,N,No,paypal pay in 4,3,,paypal (pypl),,,,,,,afterpay,,,,,,,,paypal pay in 4,,
03-03-26,Palomar Health,palomarhealth.org,Chief Financial Officer,United States,Lifetime of Healthcare Costs in the U.S.,N,N,N,No,patient payments,6,patient payments,paypal (pypl),,debt relief,,,,,afterpay,,,,payment solutions,medical billing,,,,,
03-03-26,Piedmont,piedmont.org,Nurse Practitioner,United States,The Role of Third-Party  Financing in the Health and  Wellness Payment Landscape,N,N,N,No,medical billing,6,patient payments,,,,,,sezzle,,afterpay,,payment plan,,,medical billing,,paypal credit,,,
03-03-26,Premier Inc.,premierinc.com,Chief Financial Officer,United States,Recognizing Burnout in Healthcare Staff and Ideas for Addressing It,N,N,N,No,afterpay,6,,paypal (pypl),,,,klarna,,,afterpay,,payment plan,,payment solutions,,,paypal credit,,,
03-03-26,Prisma Health,prismahealth.org,"Patient Access Leader (Director, Specialist)",United States,How Cost Impacts the Patient and Provider Journey,N,N,N,No,medical billing,9,patient payments,paypal (pypl),,,,,sezzle,paypal pay later,afterpay,,,,payment solutions,medical billing,,paypal credit,,,wells fargo (wfc)
03-03-26,R1 Rcm,r1rcm.com,Patient Access/Engagement,United States,How Cost Impacts the Patient and Provider Journey,N,N,N,No,medical billing,5,,paypal (pypl),,,,klarna,,,,,,,,medical billing,,paypal credit,paypal pay in 4,,
03-03-26,Scan,scanhealthplan.com,Nurse Practitioner,United States,The Role of Third-Party  Financing in the Health and  Wellness Payment Landscape,N,N,N,No,patient payments,8,patient payments,paypal (pypl),,,,klarna,,paypal pay later,afterpay,,,,,,,paypal credit,paypal pay in 4,,wells fargo (wfc)
03-03-26,Scan,scanhealthplan.com,Nurse Practitioner,United States,Recognizing Burnout in Healthcare Staff and Ideas for Addressing It,N,N,N,No,patient payments,8,patient payments,paypal (pypl),,,,klarna,,paypal pay later,afterpay,,,,,,,paypal credit,paypal pay in 4,,wells fargo (wfc)
03-03-26,Scan,scanhealthplan.com,Nurse Practitioner,United States,Lifetime of Healthcare Costs in the U.S.,N,N,N,No,patient payments,8,patient payments,paypal (pypl),,,,klarna,,paypal pay later,afterpay,,,,,,,paypal credit,paypal pay in 4,,wells fargo (wfc)
03-03-26,Stanford Medicine Children's Health,stanfordchildrens.org,Nurse Practitioner,United States,Recognizing Burnout in Healthcare Staff and Ideas for Addressing It,N,N,N,No,paypal (pypl),7,patient payments,paypal (pypl),,,,klarna,,,afterpay,,,,payment solutions,medical billing,,,paypal pay in 4,,
03-03-26,Stanford Medicine Children's Health,stanfordchildrens.org,Nurse Practitioner,United States,The Role of Third-Party  Financing in the Health and  Wellness Payment Landscape,N,N,N,No,paypal (pypl),7,patient payments,paypal (pypl),,,,klarna,,,afterpay,,,,payment solutions,medical billing,,,paypal pay in 4,,
03-03-26,Stanford Medicine Children's Health,stanfordchildrens.org,Nurse Practitioner,United States,Recognizing Burnout in Healthcare Staff and Ideas for Addressing It,N,N,N,No,paypal (pypl),7,patient payments,paypal (pypl),,,,klarna,,,afterpay,,,,payment solutions,medical billing,,,paypal pay in 4,,
03-03-26,Stanford Health Care,stanfordmed.org,Physician Assistant,United States,How Cost Impacts the Patient and Provider Journey,N,N,N,No,paypal credit,5,patient payments,,,,,klarna,,,,,,,,medical billing,,paypal credit,,,wells fargo (wfc)
03-03-26,Summit Health,summithealth.com,"Revenue Cycle Leader (VP, Director, Manager)",United States,The Role of Third-Party  Financing in the Health and  Wellness Payment Landscape,N,N,N,No,patient payments,7,patient payments,paypal (pypl),,,,klarna,,,afterpay,,payment plan,,payment solutions,,,,paypal pay in 4,,
03-03-26,Swedish Medical Center,swedish.org,Physician Assistant,United States,How Cost Impacts the Patient and Provider Journey,N,N,N,No,klarna,6,patient payments,,,,,klarna,,,afterpay,,,credit Management,,medical billing,,paypal credit,,,
03-03-26,Swedish Medical Center,swedish.org,Nurse Practitioner,United States,The Role of Third-Party  Financing in the Health and  Wellness Payment Landscape,N,N,N,No,klarna,6,patient payments,,,,,klarna,,,afterpay,,,credit Management,,medical billing,,paypal credit,,,
03-03-26,Tanner Health,tanner.org,"Financial Leader (VP, Analyst, Counselor)",United States,How Cost Impacts the Patient and Provider Journey,N,N,N,No,paypal (pypl),6,patient payments,paypal (pypl),,,,,,,afterpay,,payment plan,,,medical billing,,,paypal pay in 4,,
03-03-26,Tanner Health,tanner.org,Nurse Practitioner,United States,Lifetime of Healthcare Costs in the U.S.,N,N,N,No,paypal (pypl),6,patient payments,paypal (pypl),,,,,,,afterpay,,payment plan,,,medical billing,,,paypal pay in 4,,
03-03-26,Tenet Healthcare,tenethealth.com,Nurse Practitioner,United States,Recognizing Burnout in Healthcare Staff and Ideas for Addressing It,N,N,N,No,medical billing,6,patient payments,,,,,,sezzle,,afterpay,,payment plan,,payment solutions,medical billing,,,,,
03-03-26,Tenet Healthcare,tenethealth.com,"Financial Leader (VP, Analyst, Counselor)",United States,The Role of Third-Party  Financing in the Health and  Wellness Payment Landscape,N,N,N,No,medical billing,6,patient payments,,,,,,sezzle,,afterpay,,payment plan,,payment solutions,medical billing,,,,,
03-03-26,Tift Regional Health System,tiftregional.com,Nurse Practitioner,United States,Recognizing Burnout in Healthcare Staff and Ideas for Addressing It,N,N,N,No,wells fargo (wfc),6,patient payments,paypal (pypl),,debt relief,,klarna,,,,,payment plan,,,,,,,,wells fargo (wfc)
03-03-26,Saint Francis Hospital,trinityhealthofne.org,Physician Assistant,United States,How Cost Impacts the Patient and Provider Journey,N,N,N,No,wells fargo (wfc),8,patient payments,paypal (pypl),,debt relief,,,,,afterpay,,payment plan,,,,,paypal credit,paypal pay in 4,,wells fargo (wfc)
03-03-26,Saint Francis Hospital,trinityhealthofne.org,Physician Assistant,United States,Recognizing Burnout in Healthcare Staff and Ideas for Addressing It,N,N,N,No,wells fargo (wfc),8,patient payments,paypal (pypl),,debt relief,,,,,afterpay,,payment plan,,,,,paypal credit,paypal pay in 4,,wells fargo (wfc)
03-03-26,Uf Health,ufhealth.org,"Financial Leader (VP, Analyst, Counselor)",United States,Recognizing Burnout in Healthcare Staff and Ideas for Addressing It,N,N,N,No,sezzle,10,patient payments,paypal (pypl),,,,klarna,sezzle,,afterpay,,payment plan,,payment solutions,medical billing,,paypal credit,,,wells fargo (wfc)
03-03-26,Uf Health,ufhealth.org,"Financial Leader (VP, Analyst, Counselor)",United States,How Cost Impacts the Patient and Provider Journey,N,N,N,No,sezzle,10,patient payments,paypal (pypl),,,,klarna,sezzle,,afterpay,,payment plan,,payment solutions,medical billing,,paypal credit,,,wells fargo (wfc)
07-03-26,Anmed Health,anmedhealth.org,Nurse Practitioner,United States,The Role of Third-Party  Financing in the Health and  Wellness Payment Landscape,N,N,N,No,wells fargo (wfc),6,patient payments,paypal (pypl),,debt relief,,,,paypal pay later,,,,,,,,,paypal pay in 4,,wells fargo (wfc)
07-03-26,Aspirus Health,aspirus.org,Nurse Practitioner,United States,Lifetime of Healthcare Costs in the U.S.,N,N,N,No,medical billing,4,patient payments,,,,,,,,afterpay,,,,,medical billing,,,,,wells fargo (wfc)
07-03-26,Banner Health,bannerhealth.com,Nurse Practitioner,United States,The Role of Third-Party  Financing in the Health and  Wellness Payment Landscape,N,N,N,No,patient payments,6,patient payments,,,,,,sezzle,paypal pay later,afterpay,,,,,medical billing,,,,,wells fargo (wfc)
07-03-26,Buffalo Medical Group,buffalomedicalgroup.com,Physician Assistant,United States,Recognizing Burnout in Healthcare Staff and Ideas for Addressing It,N,N,N,No,medical billing,6,,paypal (pypl),,,,klarna,,,,,payment plan,,payment solutions,medical billing,,,,,wells fargo (wfc)
07-03-26,Children's Of Alabama,childrensal.org,Nurse Practitioner,United States,The Role of Third-Party  Financing in the Health and  Wellness Payment Landscape,N,N,N,No,afterpay,8,patient payments,,,debt relief,,klarna,,,afterpay,affirm,,credit Management,,,Affirm,,,,wells fargo (wfc)
07-03-26,Children's Of Alabama,childrensal.org,"Revenue Cycle Leader (VP, Director, Manager)",United States,Lifetime of Healthcare Costs in the U.S.,N,N,N,No,afterpay,8,patient payments,,,debt relief,,klarna,,,afterpay,affirm,,credit Management,,,Affirm,,,,wells fargo (wfc)
07-03-26,Community Health Systems,chs.net,Chief Financial Officer,United States,How Cost Impacts the Patient and Provider Journey,N,N,N,No,medical billing,10,patient payments,paypal (pypl),,debt relief,zippay,klarna,sezzle,paypal pay later,,,,credit Management,,medical billing,,paypal credit,,,
07-03-26,Compassus,compassus.com,Nurse Practitioner,United States,Recognizing Burnout in Healthcare Staff and Ideas for Addressing It,N,N,N,No,paypal (pypl),4,patient payments,paypal (pypl),,,,klarna,,,,,,,,medical billing,,,,,
07-03-26,Concentra,concentra.com,Physician Assistant,United States,How Cost Impacts the Patient and Provider Journey,N,N,N,No,patient payments,7,patient payments,,,debt relief,,,,,afterpay,affirm,,,,medical billing,Affirm,,,,wells fargo (wfc)
07-03-26,Concentra,concentra.com,Physician Assistant,United States,Recognizing Burnout in Healthcare Staff and Ideas for Addressing It,N,N,N,No,patient payments,7,patient payments,,,debt relief,,,,,afterpay,affirm,,,,medical billing,Affirm,,,,wells fargo (wfc)
07-03-26,Conifer Health Solutions,coniferhealth.com,"Patient Access Leader (Director, Specialist)",United States,The Role of Third-Party  Financing in the Health and  Wellness Payment Landscape,N,N,N,No,afterpay,9,patient payments,paypal (pypl),,,zippay,,,,afterpay,affirm,,,payment solutions,medical billing,Affirm,paypal credit,,,
07-03-26,Constellation Health Services,constellationhs.com,"Revenue Cycle Leader (VP, Director, Manager)",United States,The Role of Third-Party  Financing in the Health and  Wellness Payment Landscape,N,N,N,No,paypal (pypl),2,,paypal (pypl),,,,klarna,,,,,,,,,,,,,
07-03-26,Cook Children's Health Care System,cookchildrens.org,Nurse Practitioner,United States,How Cost Impacts the Patient and Provider Journey,N,N,N,No,patient payments,3,patient payments,,,,,,,,,,,,payment solutions,medical billing,,,,,
07-03-26,Ernest Health,ernesthealth.com,Chief Executive Officer,United States,Lifetime of Healthcare Costs in the U.S.,N,N,N,No,patient payments,4,patient payments,paypal (pypl),,,,,,,,,payment plan,,,medical billing,,,,,
07-03-26,Healthtrust Performance Group,healthtrustpg.com,"Financial Leader (VP, Analyst, Counselor)",United States,The Role of Third-Party  Financing in the Health and  Wellness Payment Landscape,N,N,N,No,patient payments,5,patient payments,paypal (pypl),,debt relief,,,,,,,,,,medical billing,,,paypal pay in 4,,
07-03-26,Logixhealth,logixhealth.com,Chief Financial Officer,United States,Lifetime of Healthcare Costs in the U.S.,N,N,N,No,paypal (pypl),4,,paypal (pypl),,debt relief,,,,,,,,,,,,paypal credit,,,wells fargo (wfc)
07-03-26,lone star circle of care,lscctx.org,Physician Assistant,United States,The Role of Third-Party  Financing in the Health and  Wellness Payment Landscape,N,N,N,No,paypal (pypl),4,patient payments,paypal (pypl),,debt relief,,,,,,,,,,medical billing,,,,,
07-03-26,Ann & Robert H. Lurie Children's Hospital Of Chicago,luriechildrens.org,Physician Assistant,United States,How Cost Impacts the Patient and Provider Journey,N,N,N,No,patient payments,7,patient payments,paypal (pypl),,,,,,paypal pay later,afterpay,affirm,,,,medical billing,Affirm,,,,
07-03-26,Mercy,mercy.net,Nurse Practitioner,United States,How Cost Impacts the Patient and Provider Journey,N,N,N,No,medical billing,7,patient payments,paypal (pypl),,,,,,,afterpay,affirm,,,,medical billing,Affirm,,paypal pay in 4,,
07-03-26,Montefiore Health System,montefiore.org,Nurse Practitioner,United States,Recognizing Burnout in Healthcare Staff and Ideas for Addressing It,N,N,N,No,patient payments,8,patient payments,paypal (pypl),laybuy,,,klarna,sezzle,,afterpay,,,,payment solutions,medical billing,,,,,
07-03-26,North Oaks Health System,northoaks.org,Physician Assistant,United States,Lifetime of Healthcare Costs in the U.S.,N,N,N,No,debt relief,8,patient payments,paypal (pypl),,debt relief,,klarna,,paypal pay later,,,payment plan,,,,,,paypal pay in 4,,wells fargo (wfc)
07-03-26,Ochsner Lsu Health,ochsnerlsuhs.org,"Financial Leader (VP, Analyst, Counselor)",United States,Recognizing Burnout in Healthcare Staff and Ideas for Addressing It,N,N,N,No,wells fargo (wfc),3,,paypal (pypl),,,,,,paypal pay later,,,,,,,,,,,wells fargo (wfc)
07-03-26,Olympic Medical Center,olympicmedical.org,Physician Assistant,United States,How Cost Impacts the Patient and Provider Journey,N,N,N,No,klarna,9,patient payments,paypal (pypl),,debt relief,,klarna,,paypal pay later,afterpay,,,,,medical billing,,,paypal pay in 4,,wells fargo (wfc)
07-03-26,Phoenix Children's,phoenixchildrens.com,Nurse Practitioner,United States,Lifetime of Healthcare Costs in the U.S.,N,N,N,No,paypal (pypl),7,patient payments,paypal (pypl),,debt relief,,,,,,,,credit Management,payment solutions,medical billing,,,,,wells fargo (wfc)
07-03-26,Prime Healthcare,primehealthcare.com,Physician Assistant,United States,The Role of Third-Party  Financing in the Health and  Wellness Payment Landscape,N,N,N,No,medical billing,5,patient payments,paypal (pypl),,,,,,,afterpay,,,,,medical billing,,,,,wells fargo (wfc)
07-03-26,Prime Healthcare,primehealthcare.com,Chief Financial Officer,United States,Recognizing Burnout in Healthcare Staff and Ideas for Addressing It,N,N,N,No,medical billing,5,patient payments,paypal (pypl),,,,,,,afterpay,,,,,medical billing,,,,,wells fargo (wfc)
07-03-26,Pruitthealth,pruitthealth.com,Nurse Practitioner,United States,Recognizing Burnout in Healthcare Staff and Ideas for Addressing It,N,N,N,No,paypal (pypl),10,patient payments,paypal (pypl),,debt relief,,klarna,,,afterpay,affirm,,credit Management,payment solutions,,Affirm,paypal credit,,,
07-03-26,Select Medical Corporation,selectmedicalcorp.com,Chief Executive Officer,United States,Lifetime of Healthcare Costs in the U.S.,N,N,N,No,medical billing,9,patient payments,paypal (pypl),,,zippay,klarna,sezzle,,afterpay,,,,,medical billing,,,paypal pay in 4,,wells fargo (wfc)
07-03-26,Stanford Medicine Children's Health,stanfordchildrens.org,"Financial Leader (VP, Analyst, Counselor)",United States,The Role of Third-Party  Financing in the Health and  Wellness Payment Landscape,N,N,N,No,paypal (pypl),7,patient payments,paypal (pypl),,,,klarna,,,afterpay,,,,payment solutions,medical billing,,,paypal pay in 4,,
07-03-26,Temple Health – Temple University Health System,templehealth.org,"Financial Leader (VP, Analyst, Counselor)",United States,Recognizing Burnout in Healthcare Staff and Ideas for Addressing It,N,N,N,No,payment solutions,10,patient payments,paypal (pypl),,debt relief,,,sezzle,paypal pay later,afterpay,,payment plan,credit Management,payment solutions,,,,,,wells fargo (wfc)
07-03-26,Tower Health,towerhealth.org,Physician Assistant,United States,How Cost Impacts the Patient and Provider Journey,N,N,N,No,patient payments,7,patient payments,paypal (pypl),,,,,,paypal pay later,afterpay,,payment plan,,,medical billing,,paypal credit,,,
07-03-26,Trihealth,trihealth.com,"Financial Leader (VP, Analyst, Counselor)",United States,The Role of Third-Party  Financing in the Health and  Wellness Payment Landscape,N,N,N,No,afterpay,9,patient payments,paypal (pypl),,,,,sezzle,,afterpay,,payment plan,,payment solutions,medical billing,,,paypal pay in 4,,wells fargo (wfc)
07-03-26,Uf Health,ufhealth.org,"Financial Leader (VP, Analyst, Counselor)",United States,The Role of Third-Party  Financing in the Health and  Wellness Payment Landscape,N,N,N,No,sezzle,10,patient payments,paypal (pypl),,,,klarna,sezzle,,afterpay,,payment plan,,payment solutions,medical billing,,paypal credit,,,wells fargo (wfc)
07-03-26,"Urban Health Plan, Inc.",urbanhealthplan.org,Physician Assistant,United States,The Role of Third-Party  Financing in the Health and  Wellness Payment Landscape,N,N,N,No,patient payments,5,patient payments,paypal (pypl),,,,klarna,,,,,payment plan,,,,,,,,wells fargo (wfc)
07-03-26,Uvm Health - Uvm Medical Center,uvmhealth.org,Patient Access/Engagement,United States,The Role of Third-Party  Financing in the Health and  Wellness Payment Landscape,N,N,N,No,patient payments,5,patient payments,,,,,klarna,,,afterpay,,,,payment solutions,,,,,,wells fargo (wfc)
09-03-26,Amerihealth Caritas,amerihealthcaritas.com,President,United States,The Role of Third-Party  Financing in the Health and  Wellness Payment Landscape,N,N,N,No,patient payments,7,patient payments,paypal (pypl),,,,,sezzle,,afterpay,,,credit Management,payment solutions,medical billing,,,,,
09-03-26,Arkansas Heart Hospital,arheart.com,President,United States,Recognizing Burnout in Healthcare Staff and Ideas for Addressing It,N,N,N,No,patient payments,3,patient payments,paypal (pypl),,debt relief,,,,,,,,,,,,,,,
09-03-26,Bishop Gadsden Episcopal Retirement Community,bishopgadsden.org,President,United States,Lifetime of Healthcare Costs in the U.S.,N,N,N,No,wells fargo (wfc),5,patient payments,paypal (pypl),,,,,,,,,payment plan,,,,,,paypal pay in 4,,wells fargo (wfc)
09-03-26,Cascadia Healthcare,cascadiahc.com,Chief Executive Officer,United States,The Role of Third-Party  Financing in the Health and  Wellness Payment Landscape,N,N,N,No,paypal pay later,2,,paypal (pypl),,,,,,paypal pay later,,,,,,,,,,,
09-03-26,Citizens Memorial,citizensmemorial.com,Chief Financial Officer,United States,Recognizing Burnout in Healthcare Staff and Ideas for Addressing It,N,N,N,No,wells fargo (wfc),2,patient payments,,,,,,,,,,,,,,,,,,wells fargo (wfc)
09-03-26,Comforcare,comforcare.com,President,United States,Lifetime of Healthcare Costs in the U.S.,N,N,N,No,afterpay,7,patient payments,paypal (pypl),,,,klarna,,,afterpay,,payment plan,,,,,,paypal pay in 4,,wells fargo (wfc)
09-03-26,Community Healthcore,communityhealthcore.com,"Financial Leader (VP, Analyst, Counselor)",United States,How Cost Impacts the Patient and Provider Journey,N,N,N,No,debt relief,2,,,,debt relief,,,,,,,,,,,,,,,wells fargo (wfc)
09-03-26,Eisenhower Center,eisenhowercenter.com,President,United States,How Cost Impacts the Patient and Provider Journey,N,N,N,No,,0,,,,,,,,,,,,,,,,,,,
09-03-26,Ernest Health,ernesthealth.com,Chief Executive Officer,United States,How Cost Impacts the Patient and Provider Journey,N,N,N,No,patient payments,4,patient payments,paypal (pypl),,,,,,,,,payment plan,,,medical billing,,,,,
09-03-26,Gift Of Hope Organ & Tissue Donor Network,giftofhope.org,President,United States,How Cost Impacts the Patient and Provider Journey,N,N,N,No,paypal (pypl),3,,paypal (pypl),,,,,,,,,,,,,,,paypal pay in 4,,wells fargo (wfc)
09-03-26,Greenwood Leflore Hospital,glh.org,Chief Financial Officer,United States,Recognizing Burnout in Healthcare Staff and Ideas for Addressing It,N,N,N,No,wells fargo (wfc),4,,paypal (pypl),,debt relief,,,,,,,payment plan,,,,,,,,wells fargo (wfc)
09-03-26,Knox Community Hospital,kch.org,"Financial Leader (VP, Analyst, Counselor)",United States,Recognizing Burnout in Healthcare Staff and Ideas for Addressing It,N,N,N,No,paypal (pypl),1,,paypal (pypl),,,,,,,,,,,,,,,,,
09-03-26,Lee Health,leehealth.org,Nurse Practitioner,United States,How Cost Impacts the Patient and Provider Journey,N,N,N,No,afterpay,5,patient payments,,,,,,,paypal pay later,afterpay,,,credit Management,,medical billing,,,,,
09-03-26,Luthercare,luthercare.org,"Financial Leader (VP, Analyst, Counselor)",United States,Recognizing Burnout in Healthcare Staff and Ideas for Addressing It,N,N,N,No,payment plan,3,,,,,,,,,,,payment plan,,payment solutions,,,,,,wells fargo (wfc)
09-03-26,Marathon Health,marathon-health.com,Nurse Practitioner,United States,The Role of Third-Party  Financing in the Health and  Wellness Payment Landscape,N,N,N,No,debt relief,1,,,,debt relief,,,,,,,,,,,,,,,
09-03-26,Memorial Health Ohio,memorialohio.com,Chief Executive Officer,United States,Lifetime of Healthcare Costs in the U.S.,N,N,N,No,patient payments,4,patient payments,paypal (pypl),,,,,,,,,,,,,,,paypal pay in 4,,wells fargo (wfc)
09-03-26,Memorial Health Ohio,memorialohio.com,President,United States,How Cost Impacts the Patient and Provider Journey,N,N,N,No,patient payments,4,patient payments,paypal (pypl),,,,,,,,,,,,,,,paypal pay in 4,,wells fargo (wfc)
09-03-26,Mercy Cedar Rapids,mercycare.org,Nurse Practitioner,United States,Lifetime of Healthcare Costs in the U.S.,N,N,N,No,patient payments,8,patient payments,paypal (pypl),,debt relief,zippay,klarna,,,afterpay,,,credit Management,,medical billing,,,,,
09-03-26,Mercy Cedar Rapids,mercycare.org,Nurse Practitioner,United States,How Cost Impacts the Patient and Provider Journey,N,N,N,No,patient payments,8,patient payments,paypal (pypl),,debt relief,zippay,klarna,,,afterpay,,,credit Management,,medical billing,,,,,
09-03-26,Marshall Medical Centers,mmcenters.com,President,United States,Lifetime of Healthcare Costs in the U.S.,N,N,N,No,klarna,3,,,,,,klarna,,paypal pay later,,,,,,,,,paypal pay in 4,,
09-03-26,Monogram Health,monogramhealth.com,"Patient Access Leader (Director, Specialist)",United States,The Role of Third-Party  Financing in the Health and  Wellness Payment Landscape,N,N,N,No,,0,,,,,,,,,,,,,,,,,,,
09-03-26,Merit Health,mymerithealth.com,Chief Executive Officer,United States,Recognizing Burnout in Healthcare Staff and Ideas for Addressing It,N,N,N,No,,0,,,,,,,,,,,,,,,,,,,
09-03-26,"Naphcare, Inc.",naphcare.com,Nurse Practitioner,United States,The Role of Third-Party  Financing in the Health and  Wellness Payment Landscape,N,N,N,No,paypal (pypl),7,,paypal (pypl),,,,klarna,,paypal pay later,afterpay,,payment plan,,,,,,paypal pay in 4,,wells fargo (wfc)
09-03-26,Centre For Neuro Skills,neuroskills.com,President,United States,Lifetime of Healthcare Costs in the U.S.,N,N,N,No,debt relief,3,,,,debt relief,,klarna,,,,,,,,,,,paypal pay in 4,,
09-03-26,Pella Regional Health Center,pellahealth.org,Nurse Practitioner,United States,The Role of Third-Party  Financing in the Health and  Wellness Payment Landscape,N,N,N,No,paypal (pypl),1,,paypal (pypl),,,,,,,,,,,,,,,,,
09-03-26,Press Ganey,pressganey.com,"Financial Leader (VP, Analyst, Counselor)",United States,Lifetime of Healthcare Costs in the U.S.,N,N,N,No,paypal (pypl),7,patient payments,paypal (pypl),,,,,,,,,payment plan,credit Management,,medical billing,,,paypal pay in 4,,wells fargo (wfc)
09-03-26,Providence,providence.org,"Revenue Cycle Leader (VP, Director, Manager)",United States,Recognizing Burnout in Healthcare Staff and Ideas for Addressing It,N,N,N,No,medical billing,8,patient payments,,,,,,sezzle,,,affirm,,credit Management,payment solutions,medical billing,Affirm,paypal credit,,,
09-03-26,Thedacare,thedacare.org,Physician Assistant,United States,How Cost Impacts the Patient and Provider Journey,N,N,N,No,medical billing,7,,,,,,klarna,,,afterpay,,payment plan,,payment solutions,medical billing,,,paypal pay in 4,,wells fargo (wfc)
09-03-26,"Total Health Care, Inc.",totalhealthcare.org,"Revenue Cycle Leader (VP, Director, Manager)",United States,How Cost Impacts the Patient and Provider Journey,N,N,N,No,klarna,3,,paypal (pypl),,,,klarna,,,,,,,,,,,paypal pay in 4,,
09-03-26,University Health Kc,trumed.org,Nurse Practitioner,United States,The Role of Third-Party  Financing in the Health and  Wellness Payment Landscape,N,N,N,No,paypal (pypl),5,patient payments,paypal (pypl),,,,,,,,,payment plan,,,,,,paypal pay in 4,,wells fargo (wfc)
10-03-26,Nationwide Children's Hospital,nationwidechildrens.org,Patient Access/Engagement,United States,Lifetime of Healthcare Costs in the U.S.,N,N,N,No,afterpay,9,patient payments,paypal (pypl),,,,klarna,sezzle,,afterpay,,,,payment solutions,medical billing,,paypal credit,paypal pay in 4,,
10-03-26,Renown Health,renown.org,"Financial Leader (VP, Analyst, Counselor)",United States,How Cost Impacts the Patient and Provider Journey,N,N,N,No,patient payments,9,patient payments,paypal (pypl),,,,,,paypal pay later,afterpay,,,,payment solutions,medical billing,,paypal credit,paypal pay in 4,,wells fargo (wfc)
10-03-26,Southcoast Health,southcoast.org,Nurse Practitioner,United States,How Cost Impacts the Patient and Provider Journey,N,N,N,No,afterpay,8,patient payments,paypal (pypl),,,,,,,afterpay,,payment plan,credit Management,payment solutions,medical billing,,paypal credit,,,
14-03-26,Acadia Healthcare,acadiahealthcare.com,Chief Executive Officer,United States,Lifetime of Healthcare Costs in the U.S.,N,N,N,No,patient payments,9,patient payments,paypal (pypl),,,,klarna,,,afterpay,affirm,,,,medical billing,Affirm,paypal credit,paypal pay in 4,,
14-03-26,Access Telecare,accesstelecare.com,"Financial Leader (VP, Analyst, Counselor)",United States,The Role of Third-Party  Financing in the Health and  Wellness Payment Landscape,N,N,N,No,paypal (pypl),1,,paypal (pypl),,,,,,,,,,,,,,,,,
14-03-26,Access Telecare,accesstelecare.com,"Financial Leader (VP, Analyst, Counselor)",United States,How Cost Impacts the Patient and Provider Journey,N,N,N,No,paypal (pypl),1,,paypal (pypl),,,,,,,,,,,,,,,,,
14-03-26,Adventhealth,adventhealth.com,Nurse Practitioner,United States,Recognizing Burnout in Healthcare Staff and Ideas for Addressing It,N,N,N,No,medical billing,6,patient payments,,,,,,sezzle,paypal pay later,afterpay,,,,,medical billing,,paypal credit,,,
14-03-26,Atlantic Health,atlantichealth.org,Nurse Practitioner,United States,How Cost Impacts the Patient and Provider Journey,N,N,N,No,paypal pay in 4,9,patient payments,paypal (pypl),,,,,sezzle,paypal pay later,afterpay,,payment plan,,payment solutions,medical billing,,,paypal pay in 4,,
14-03-26,Carti,carti.com,Nurse Practitioner,United States,The Role of Third-Party  Financing in the Health and  Wellness Payment Landscape,N,N,N,No,paypal (pypl),4,patient payments,paypal (pypl),,,,,,,,,payment plan,,,,,,,,wells fargo (wfc)
14-03-26,Coastal Orthopedics,coastalorthopedics.com,Chief Executive Officer,United States,How Cost Impacts the Patient and Provider Journey,N,N,N,No,debt relief,1,,,,debt relief,,,,,,,,,,,,,,,
14-03-26,Comforcare,comforcare.com,Chief Executive Officer,United States,Lifetime of Healthcare Costs in the U.S.,N,N,N,No,afterpay,7,patient payments,paypal (pypl),,,,klarna,,,afterpay,,payment plan,,,,,,paypal pay in 4,,wells fargo (wfc)
14-03-26,Community Healthcore,communityhealthcore.com,Nurse Practitioner,United States,Recognizing Burnout in Healthcare Staff and Ideas for Addressing It,N,N,N,No,debt relief,2,,,,debt relief,,,,,,,,,,,,,,,wells fargo (wfc)
14-03-26,Community Support Services - Summit County,cssbh.org,Physician Assistant,United States,How Cost Impacts the Patient and Provider Journey,N,N,N,No,paypal (pypl),2,,paypal (pypl),,debt relief,,,,,,,,,,,,,,,
14-03-26,Deaconess Health System,deaconess.com,Patient Access/Engagement,United States,The Role of Third-Party  Financing in the Health and  Wellness Payment Landscape,N,N,N,No,medical billing,11,patient payments,paypal (pypl),,,,klarna,,,afterpay,affirm,payment plan,,payment solutions,medical billing,Affirm,paypal credit,,,wells fargo (wfc)
14-03-26,Duly Health And Care,dulyhealthandcare.com,Physician Assistant,United States,Lifetime of Healthcare Costs in the U.S.,N,N,N,No,payment solutions,3,,paypal (pypl),,,,,,,,,,,payment solutions,,,,,,wells fargo (wfc)
14-03-26,Finthrive,finthrive.com,Chief Financial Officer,United States,Lifetime of Healthcare Costs in the U.S.,N,N,N,No,debt relief,3,patient payments,,,debt relief,,klarna,,,,,,,,,,,,,
14-03-26,Fred Hutch,fredhutch.org,"Financial Leader (VP, Analyst, Counselor)",United States,Recognizing Burnout in Healthcare Staff and Ideas for Addressing It,N,N,N,No,patient payments,5,patient payments,,,,,,sezzle,paypal pay later,,,payment plan,,,medical billing,,,,,
14-03-26,Genesis,genesishcc.com,Nurse Practitioner,United States,The Role of Third-Party  Financing in the Health and  Wellness Payment Landscape,N,N,N,No,medical billing,6,patient payments,,,,,,sezzle,,afterpay,,payment plan,,payment solutions,medical billing,,,,,
14-03-26,Getixhealth,getixhealth.com,Chief Financial Officer,United States,Recognizing Burnout in Healthcare Staff and Ideas for Addressing It,N,N,N,No,klarna,3,,paypal (pypl),,,,klarna,,,,,,,,,,,paypal pay in 4,,
14-03-26,Hospital For Special Care,hfsc.org,Chief Executive Officer,United States,Lifetime of Healthcare Costs in the U.S.,N,N,N,No,paypal (pypl),3,,paypal (pypl),,,,klarna,,,,,payment plan,,,,,,,,
14-03-26,Hillcrest Healthcare System,hillcrest.com,Nurse Practitioner,United States,How Cost Impacts the Patient and Provider Journey,N,N,N,No,medical billing,7,patient payments,paypal (pypl),,,,,,,afterpay,,payment plan,,payment solutions,medical billing,,,paypal pay in 4,,
14-03-26,Howard Center,howardcenter.org,Nurse Practitioner,United States,The Role of Third-Party  Financing in the Health and  Wellness Payment Landscape,N,N,N,No,paypal (pypl),5,patient payments,paypal (pypl),,debt relief,,klarna,,,,,,,,,,,,,wells fargo (wfc)
14-03-26,Knox Community Hospital,kch.org,Chief Executive Officer,United States,The Role of Third-Party  Financing in the Health and  Wellness Payment Landscape,N,N,N,No,paypal (pypl),1,,paypal (pypl),,,,,,,,,,,,,,,,,
14-03-26,Knox Community Hospital,kch.org,"Revenue Cycle Leader (VP, Director, Manager)",United States,Recognizing Burnout in Healthcare Staff and Ideas for Addressing It,N,N,N,No,paypal (pypl),1,,paypal (pypl),,,,,,,,,,,,,,,,,
14-03-26,Lee Health,leehealth.org,"Financial Leader (VP, Analyst, Counselor)",United States,Recognizing Burnout in Healthcare Staff and Ideas for Addressing It,N,N,N,No,afterpay,5,patient payments,,,,,,,paypal pay later,afterpay,,,credit Management,,medical billing,,,,,
14-03-26,Legacy Health Services,lhshealth.com,Nurse Practitioner,United States,The Role of Third-Party  Financing in the Health and  Wellness Payment Landscape,N,N,N,No,afterpay,3,,paypal (pypl),,,,,,,afterpay,,,,,,,,,,wells fargo (wfc)
14-03-26,Maimonides Medical Center,maimonidesmed.org,"Financial Leader (VP, Analyst, Counselor)",United States,Recognizing Burnout in Healthcare Staff and Ideas for Addressing It,N,N,N,No,medical billing,5,patient payments,paypal (pypl),,,,,,,,,payment plan,,payment solutions,medical billing,,,,,
14-03-26,Maine Medical Center,mainehealth.org,Nurse Practitioner,United States,Lifetime of Healthcare Costs in the U.S.,N,N,N,No,Affirm,13,patient payments,paypal (pypl),laybuy,,zippay,klarna,,,afterpay,affirm,payment plan,,,medical billing,Affirm,paypal credit,paypal pay in 4,,wells fargo (wfc)
14-03-26,Maine Medical Center,mainehealth.org,"Financial Leader (VP, Analyst, Counselor)",United States,How Cost Impacts the Patient and Provider Journey,N,N,N,No,Affirm,13,patient payments,paypal (pypl),laybuy,,zippay,klarna,,,afterpay,affirm,payment plan,,,medical billing,Affirm,paypal credit,paypal pay in 4,,wells fargo (wfc)
14-03-26,Marathon Health,marathon-health.com,Nurse Practitioner,United States,Lifetime of Healthcare Costs in the U.S.,N,N,N,No,debt relief,1,,,,debt relief,,,,,,,,,,,,,,,
14-03-26,Marathon Health,marathon-health.com,Nurse Practitioner,United States,How Cost Impacts the Patient and Provider Journey,N,N,N,No,debt relief,1,,,,debt relief,,,,,,,,,,,,,,,
14-03-26,Mcleod Health,mcleodhealth.org,"Financial Leader (VP, Analyst, Counselor)",United States,Recognizing Burnout in Healthcare Staff and Ideas for Addressing It,N,N,N,No,patient payments,5,patient payments,,,,,,,,afterpay,,,credit Management,,medical billing,,paypal credit,,,
14-03-26,Mercy Cedar Rapids,mercycare.org,Nurse Practitioner,United States,How Cost Impacts the Patient and Provider Journey,N,N,N,No,patient payments,8,patient payments,paypal (pypl),,debt relief,zippay,klarna,,,afterpay,,,credit Management,,medical billing,,,,,
14-03-26,Mercy Cedar Rapids,mercycare.org,Nurse Practitioner,United States,The Role of Third-Party  Financing in the Health and  Wellness Payment Landscape,N,N,N,No,patient payments,8,patient payments,paypal (pypl),,debt relief,zippay,klarna,,,afterpay,,,credit Management,,medical billing,,,,,
14-03-26,"Midwest Health, Inc.",midwest-health.com,President,United States,Recognizing Burnout in Healthcare Staff and Ideas for Addressing It,N,N,N,No,debt relief,1,,,,debt relief,,,,,,,,,,,,,,,
14-03-26,"Naphcare, Inc.",naphcare.com,Nurse Practitioner,United States,Lifetime of Healthcare Costs in the U.S.,N,N,N,No,paypal (pypl),7,,paypal (pypl),,,,klarna,,paypal pay later,afterpay,,payment plan,,,,,,paypal pay in 4,,wells fargo (wfc)
14-03-26,Nani - Nephrology Associates Northern Illinois / Indiana,nephdocs.com,Nurse Practitioner,United States,How Cost Impacts the Patient and Provider Journey,N,N,N,No,patient payments,2,patient payments,paypal (pypl),,,,,,,,,,,,,,,,,
14-03-26,Centre For Neuro Skills,neuroskills.com,Chief Financial Officer,United States,The Role of Third-Party  Financing in the Health and  Wellness Payment Landscape,N,N,N,No,debt relief,3,,,,debt relief,,klarna,,,,,,,,,,,paypal pay in 4,,
14-03-26,Nathan Littauer Hospital,nlh.org,Physician Assistant,United States,Recognizing Burnout in Healthcare Staff and Ideas for Addressing It,N,N,N,No,paypal pay in 4,7,patient payments,paypal (pypl),,debt relief,,,,paypal pay later,,,,,,medical billing,,,paypal pay in 4,,wells fargo (wfc)
14-03-26,Northwestern Memorial Hospital,nmh.org,Nurse Practitioner,United States,How Cost Impacts the Patient and Provider Journey,N,N,N,No,medical billing,6,,paypal (pypl),,debt relief,,,,paypal pay later,afterpay,,payment plan,,,medical billing,,,,,
14-03-26,Northwestern Memorial Hospital,nmh.org,Nurse Practitioner,United States,How Cost Impacts the Patient and Provider Journey,N,N,N,No,medical billing,6,,paypal (pypl),,debt relief,,,,paypal pay later,afterpay,,payment plan,,,medical billing,,,,,
14-03-26,Oneoncology,oneoncology.com,"Revenue Cycle Leader (VP, Director, Manager)",United States,The Role of Third-Party  Financing in the Health and  Wellness Payment Landscape,N,N,N,No,paypal pay in 4,3,,paypal (pypl),,,,,,,afterpay,,,,,,,,paypal pay in 4,,
14-03-26,Park Nicollet Health Services,parknicollet.com,Physician Assistant,United States,Recognizing Burnout in Healthcare Staff and Ideas for Addressing It,N,N,N,No,paypal (pypl),5,patient payments,paypal (pypl),,,,,,,,,,,payment solutions,medical billing,,,,,wells fargo (wfc)
14-03-26,Presbyterian Healthcare Services,phs.org,"Financial Leader (VP, Analyst, Counselor)",United States,Recognizing Burnout in Healthcare Staff and Ideas for Addressing It,N,N,N,No,afterpay,9,patient payments,paypal (pypl),laybuy,,,,sezzle,,afterpay,affirm,,,,medical billing,Affirm,,paypal pay in 4,,
14-03-26,Radnet,radnet.com,"Revenue Cycle Leader (VP, Director, Manager)",United States,How Cost Impacts the Patient and Provider Journey,N,N,N,No,afterpay,7,patient payments,paypal (pypl),,,,,,paypal pay later,afterpay,,,,,medical billing,,paypal credit,paypal pay in 4,,
14-03-26,Regency Hospital Company,regencyhospital.com,Chief Executive Officer,United States,How Cost Impacts the Patient and Provider Journey,N,N,N,No,patient payments,5,patient payments,,,,,klarna,,,,,payment plan,,,medical billing,,paypal credit,,,
14-03-26,Right At Home,rightathome.net,President,United States,Recognizing Burnout in Healthcare Staff and Ideas for Addressing It,N,N,N,No,medical billing,5,,paypal (pypl),,,,klarna,,,afterpay,,payment plan,,,medical billing,,,,,
14-03-26,Right At Home,rightathome.net,"Financial Leader (VP, Analyst, Counselor)",United States,The Role of Third-Party  Financing in the Health and  Wellness Payment Landscape,N,N,N,No,medical billing,5,,paypal (pypl),,,,klarna,,,afterpay,,payment plan,,,medical billing,,,,,
14-03-26,Rotech Healthcare,rotech.com,Chief Financial Officer,United States,The Role of Third-Party  Financing in the Health and  Wellness Payment Landscape,N,N,N,No,patient payments,7,patient payments,paypal (pypl),,,,klarna,,,afterpay,,,,payment solutions,medical billing,,,,,wells fargo (wfc)
14-03-26,Samaritan Health Services,samhealth.org,Nurse Practitioner,United States,The Role of Third-Party  Financing in the Health and  Wellness Payment Landscape,N,N,N,No,patient payments,7,patient payments,paypal (pypl),,,,klarna,,,,,,,payment solutions,medical billing,,,paypal pay in 4,,wells fargo (wfc)
14-03-26,Sbh Health System,sbhny.org,Chief Financial Officer,United States,How Cost Impacts the Patient and Provider Journey,N,N,N,No,afterpay,3,patient payments,,,,,,,,afterpay,,payment plan,,,,,,,,
14-03-26,Scranton Counseling Center,scrantonscc.org,"Financial Leader (VP, Analyst, Counselor)",United States,Recognizing Burnout in Healthcare Staff and Ideas for Addressing It,N,N,N,No,patient payments,3,patient payments,,,debt relief,,,,,,,,,,,,,,,wells fargo (wfc)
14-03-26,Seven Counties Services,sevencounties.org,Chief Financial Officer,United States,Lifetime of Healthcare Costs in the U.S.,N,N,N,No,paypal (pypl),5,,paypal (pypl),,,,,,paypal pay later,afterpay,,,,,,,,paypal pay in 4,,wells fargo (wfc)
14-03-26,Seven Counties Services,sevencounties.org,Nurse Practitioner,United States,Lifetime of Healthcare Costs in the U.S.,N,N,N,No,paypal (pypl),5,,paypal (pypl),,,,,,paypal pay later,afterpay,,,,,,,,paypal pay in 4,,wells fargo (wfc)
14-03-26,Southeast Georgia Health System,sghs.org,Physician Assistant,United States,How Cost Impacts the Patient and Provider Journey,N,N,N,No,klarna,6,patient payments,paypal (pypl),,,,klarna,,paypal pay later,afterpay,,,,,,,,,,wells fargo (wfc)
14-03-26,Southeast Georgia Health System,sghs.org,"Financial Leader (VP, Analyst, Counselor)",United States,The Role of Third-Party  Financing in the Health and  Wellness Payment Landscape,N,N,N,No,klarna,6,patient payments,paypal (pypl),,,,klarna,,paypal pay later,afterpay,,,,,,,,,,wells fargo (wfc)
14-03-26,Suburban Hospital,suburbanhospital.org,President,United States,The Role of Third-Party  Financing in the Health and  Wellness Payment Landscape,N,N,N,No,paypal (pypl),5,,paypal (pypl),,,,,,paypal pay later,,,,,,,,paypal credit,paypal pay in 4,,wells fargo (wfc)
14-03-26,Southwest General Health Center,swgeneral.com,Nurse Practitioner,United States,The Role of Third-Party  Financing in the Health and  Wellness Payment Landscape,N,N,N,No,patient payments,6,patient payments,,,debt relief,,,,paypal pay later,afterpay,,,,,medical billing,,,,,wells fargo (wfc)
14-03-26,Southwest General Health Center,swgeneral.com,Nurse Practitioner,United States,The Role of Third-Party  Financing in the Health and  Wellness Payment Landscape,N,N,N,No,patient payments,6,patient payments,,,debt relief,,,,paypal pay later,afterpay,,,,,medical billing,,,,,wells fargo (wfc)
14-03-26,Team Rehabilitation Physical Therapy,team-rehab.com,"Patient Access Leader (Director, Specialist)",United States,Recognizing Burnout in Healthcare Staff and Ideas for Addressing It,N,N,N,No,patient payments,2,patient payments,,,,,,,,,,,,,,,,,,wells fargo (wfc)
14-03-26,Thresholds,thresholds.org,President,United States,Recognizing Burnout in Healthcare Staff and Ideas for Addressing It,N,N,N,No,paypal (pypl),6,patient payments,paypal (pypl),,debt relief,,klarna,,,,,,,,,,,paypal pay in 4,,wells fargo (wfc)
14-03-26,University Health Kc,trumed.org,Nurse Practitioner,United States,Lifetime of Healthcare Costs in the U.S.,N,N,N,No,paypal (pypl),5,patient payments,paypal (pypl),,,,,,,,,payment plan,,,,,,paypal pay in 4,,wells fargo (wfc)
14-03-26,University Hospitals,uhhospitals.org,Physician Assistant,United States,Lifetime of Healthcare Costs in the U.S.,N,N,N,No,paypal credit,10,patient payments,paypal (pypl),,,,klarna,sezzle,,afterpay,,,,payment solutions,medical billing,,paypal credit,paypal pay in 4,,wells fargo (wfc)
14-03-26,University Hospitals,uhhospitals.org,"Financial Leader (VP, Analyst, Counselor)",United States,Lifetime of Healthcare Costs in the U.S.,N,N,N,No,paypal credit,10,patient payments,paypal (pypl),,,,klarna,sezzle,,afterpay,,,,payment solutions,medical billing,,paypal credit,paypal pay in 4,,wells fargo (wfc)
14-03-26,Unitypoint Health,unitypoint.org,Physician Assistant,United States,Recognizing Burnout in Healthcare Staff and Ideas for Addressing It,N,N,N,No,medical billing,7,patient payments,paypal (pypl),,,,klarna,,,afterpay,,,credit Management,,medical billing,,paypal credit,,,
14-03-26,Upmc,upmc.com,Nurse Practitioner,United States,How Cost Impacts the Patient and Provider Journey,N,N,N,No,patient payments,11,patient payments,paypal (pypl),,,zippay,,sezzle,paypal pay later,afterpay,,payment plan,,,medical billing,,,paypal pay in 4,greensky,wells fargo (wfc)
14-03-26,U.S. Renal Care,usrenalcare.com,"Financial Leader (VP, Analyst, Counselor)",United States,Lifetime of Healthcare Costs in the U.S.,N,N,N,No,afterpay,6,,paypal (pypl),,,,klarna,,,afterpay,,payment plan,,,medical billing,,paypal credit,,,
14-03-26,Wellspan Health,wellspan.org,"Financial Leader (VP, Analyst, Counselor)",United States,Recognizing Burnout in Healthcare Staff and Ideas for Addressing It,N,N,N,No,klarna,11,patient payments,paypal (pypl),,,,klarna,sezzle,,afterpay,affirm,payment plan,,payment solutions,medical billing,Affirm,,paypal pay in 4,,
14-03-26,Western Missouri Medical Center,wmmc.com,Nurse Practitioner,United States,Recognizing Burnout in Healthcare Staff and Ideas for Addressing It,N,N,N,No,paypal pay later,1,,,,,,,,paypal pay later,,,,,,,,,,,
21-03-26,Advocate Health,advocatehealth.org,"Financial Leader (VP, Analyst, Counselor)",United States,Lifetime of Healthcare Costs in the U.S.,N,N,N,No,afterpay,6,patient payments,,,,,,,,afterpay,,,,payment solutions,medical billing,,paypal credit,paypal pay in 4,,
21-03-26,Aspire Indiana Health,aspireindiana.org,Nurse Practitioner,United States,How Cost Impacts the Patient and Provider Journey,N,N,N,No,wells fargo (wfc),2,,,,debt relief,,,,,,,,,,,,,,,wells fargo (wfc)
21-03-26,Cascade Health,cascadehealth.org,Chief Executive Officer,United States,Recognizing Burnout in Healthcare Staff and Ideas for Addressing It,N,N,N,No,patient payments,5,patient payments,paypal (pypl),,,,,,paypal pay later,,,,,,,,,paypal pay in 4,,wells fargo (wfc)
21-03-26,Center For Disability Services,cfdsny.org,Nurse Practitioner,United States,How Cost Impacts the Patient and Provider Journey,N,N,N,No,patient payments,4,patient payments,,,,,,,,afterpay,,,,payment solutions,medical billing,,,,,
21-03-26,Cps,cps.com,"Financial Leader (VP, Analyst, Counselor)",United States,How Cost Impacts the Patient and Provider Journey,N,N,N,No,paypal (pypl),4,,paypal (pypl),,debt relief,,,,,,,payment plan,,,medical billing,,,,,
21-03-26,KIDS CARE CLINIC,dhha.org,Physician Assistant,United States,Lifetime of Healthcare Costs in the U.S.,N,N,N,No,patient payments,7,patient payments,paypal (pypl),,,,,,,afterpay,,payment plan,,payment solutions,,,paypal credit,paypal pay in 4,,
21-03-26,KIDS CARE CLINIC,dhha.org,Physician Assistant,United States,How Cost Impacts the Patient and Provider Journey,N,N,N,No,patient payments,7,patient payments,paypal (pypl),,,,,,,afterpay,,payment plan,,payment solutions,,,paypal credit,paypal pay in 4,,
21-03-26,KIDS CARE CLINIC,dhha.org,Physician Assistant,United States,How Cost Impacts the Patient and Provider Journey,N,N,N,No,patient payments,7,patient payments,paypal (pypl),,,,,,,afterpay,,payment plan,,payment solutions,,,paypal credit,paypal pay in 4,,
21-03-26,Flagler Health+,flaglerhospital.org,"Financial Leader (VP, Analyst, Counselor)",United States,Recognizing Burnout in Healthcare Staff and Ideas for Addressing It,N,N,N,No,paypal pay in 4,7,patient payments,paypal (pypl),,debt relief,,,,paypal pay later,,,payment plan,,,,,,paypal pay in 4,,wells fargo (wfc)
21-03-26,Hospice Of The Chesapeake,hospicechesapeake.org,Nurse Practitioner,United States,Lifetime of Healthcare Costs in the U.S.,N,N,N,No,debt relief,6,patient payments,paypal (pypl),,debt relief,,,,,,,,,,medical billing,,,paypal pay in 4,,wells fargo (wfc)
21-03-26,Iberia Medical Center,iberiamedicalcenter.com,Nurse Practitioner,United States,The Role of Third-Party  Financing in the Health and  Wellness Payment Landscape,N,N,N,No,wells fargo (wfc),3,,,,debt relief,,,,,,,,,,,,,paypal pay in 4,,wells fargo (wfc)
21-03-26,Medasource,medasource.com,President,United States,Recognizing Burnout in Healthcare Staff and Ideas for Addressing It,N,N,N,No,paypal (pypl),3,patient payments,paypal (pypl),,debt relief,,,,,,,,,,,,,,,
21-03-26,Pmmc,pmmconline.com,President,United States,Recognizing Burnout in Healthcare Staff and Ideas for Addressing It,N,N,N,No,wells fargo (wfc),4,patient payments,,,debt relief,,,,,,,,,,,,,paypal pay in 4,,wells fargo (wfc)
21-03-26,Uhs,uhsinc.com,Chief Financial Officer,United States,Recognizing Burnout in Healthcare Staff and Ideas for Addressing It,N,N,N,No,patient payments,5,patient payments,paypal (pypl),,,,,,,,,,credit Management,,medical billing,,paypal credit,,,
23-03-26,Acadia Healthcare,acadiahealthcare.com,Chief Executive Officer,United States,Lifetime of Healthcare Costs in the U.S.,N,N,N,No,patient payments,9,patient payments,paypal (pypl),,,,klarna,,,afterpay,affirm,,,,medical billing,Affirm,paypal credit,paypal pay in 4,,
23-03-26,Adventhealth,adventhealth.com,Nurse Practitioner,United States,Lifetime of Healthcare Costs in the U.S.,N,N,N,No,medical billing,6,patient payments,,,,,,sezzle,paypal pay later,afterpay,,,,,medical billing,,paypal credit,,,
23-03-26,Aoa Orthopedic Specialists,arlingtonortho.com,Physician Assistant,United States,How Cost Impacts the Patient and Provider Journey,N,N,N,No,paypal (pypl),3,,paypal (pypl),,,,klarna,,,,,,,,,,,paypal pay in 4,,
23-03-26,Aspire Indiana Health,aspireindiana.org,Nurse Practitioner,United States,Lifetime of Healthcare Costs in the U.S.,N,N,N,No,wells fargo (wfc),2,,,,debt relief,,,,,,,,,,,,,,,wells fargo (wfc)
23-03-26,Arizona Community Physicians,azacp.com,Nurse Practitioner,United States,The Role of Third-Party  Financing in the Health and  Wellness Payment Landscape,N,N,N,No,wells fargo (wfc),3,,,,,,,,,afterpay,,,,,,,,paypal pay in 4,,wells fargo (wfc)
23-03-26,Bloodworks Northwest,bloodworksnw.org,Chief Executive Officer,United States,Recognizing Burnout in Healthcare Staff and Ideas for Addressing It,N,N,N,No,paypal (pypl),7,patient payments,paypal (pypl),,,,klarna,,paypal pay later,,,payment plan,,payment solutions,,,,paypal pay in 4,,
23-03-26,Boston Medical Center (Bmc),bmc.org,Nurse Practitioner,United States,How Cost Impacts the Patient and Provider Journey,N,N,N,No,medical billing,10,patient payments,paypal (pypl),,,zippay,,,,afterpay,affirm,payment plan,,payment solutions,medical billing,Affirm,paypal credit,,,
23-03-26,Cascade Health,cascadehealth.org,Nurse Practitioner,United States,How Cost Impacts the Patient and Provider Journey,N,N,N,No,patient payments,5,patient payments,paypal (pypl),,,,,,paypal pay later,,,,,,,,,paypal pay in 4,,wells fargo (wfc)
23-03-26,Ccrm Fertility,ccrmivf.com,Physician Assistant,United States,Recognizing Burnout in Healthcare Staff and Ideas for Addressing It,N,N,N,No,credit Management,2,,paypal (pypl),,,,,,,,,,credit Management,,,,,,,
23-03-26,Centromed,centromedsa.com,Physician Assistant,United States,Recognizing Burnout in Healthcare Staff and Ideas for Addressing It,N,N,N,No,paypal (pypl),1,,paypal (pypl),,,,,,,,,,,,,,,,,
23-03-26,Community Care Physicians,communitycare.com,Physician Assistant,United States,How Cost Impacts the Patient and Provider Journey,N,N,N,No,klarna,6,patient payments,paypal (pypl),,,,klarna,,paypal pay later,,,,,,,,,paypal pay in 4,,wells fargo (wfc)
23-03-26,Community Care Physicians,communitycare.com,Physician Assistant,United States,How Cost Impacts the Patient and Provider Journey,N,N,N,No,klarna,6,patient payments,paypal (pypl),,,,klarna,,paypal pay later,,,,,,,,,paypal pay in 4,,wells fargo (wfc)
23-03-26,Community Care Physicians,communitycare.com,Nurse Practitioner,United States,Recognizing Burnout in Healthcare Staff and Ideas for Addressing It,N,N,N,No,klarna,6,patient payments,paypal (pypl),,,,klarna,,paypal pay later,,,,,,,,,paypal pay in 4,,wells fargo (wfc)
23-03-26,Community Reach Center,communityreachcenter.org,Chief Executive Officer,United States,How Cost Impacts the Patient and Provider Journey,N,N,N,No,paypal (pypl),5,patient payments,paypal (pypl),,,,klarna,,,,,,,payment solutions,,,,,,wells fargo (wfc)
23-03-26,Compassus,compassus.com,"Revenue Cycle Leader (VP, Director, Manager)",United States,The Role of Third-Party  Financing in the Health and  Wellness Payment Landscape,N,N,N,No,paypal (pypl),4,patient payments,paypal (pypl),,,,klarna,,,,,,,,medical billing,,,,,
23-03-26,Concord Hospital Health System,concordhospital.org,"Financial Leader (VP, Analyst, Counselor)",United States,Recognizing Burnout in Healthcare Staff and Ideas for Addressing It,N,N,N,No,patient payments,8,patient payments,paypal (pypl),,debt relief,,klarna,sezzle,,,,payment plan,,,medical billing,,,,,wells fargo (wfc)
23-03-26,Cottage Hospital,cottagehospital.org,Nurse Practitioner,United States,Lifetime of Healthcare Costs in the U.S.,N,N,N,No,paypal (pypl),3,patient payments,paypal (pypl),,debt relief,,,,,,,,,,,,,,,
23-03-26,Cottage Hospital,cottagehospital.org,"Patient Access Leader (Director, Specialist)",United States,The Role of Third-Party  Financing in the Health and  Wellness Payment Landscape,N,N,N,No,paypal (pypl),3,patient payments,paypal (pypl),,debt relief,,,,,,,,,,,,,,,
23-03-26,Cps,cps.com,President,United States,How Cost Impacts the Patient and Provider Journey,N,N,N,No,paypal (pypl),4,,paypal (pypl),,debt relief,,,,,,,payment plan,,,medical billing,,,,,
23-03-26,Desc (Downtown Emergency Service Center),desc.org,Nurse Practitioner,United States,How Cost Impacts the Patient and Provider Journey,N,N,N,No,payment plan,1,,,,,,,,,,,payment plan,,,,,,,,
23-03-26,Ensign Services,ensignservices.net,Chief Financial Officer,United States,How Cost Impacts the Patient and Provider Journey,N,N,N,No,patient payments,5,patient payments,paypal (pypl),,debt relief,,,,,afterpay,,,,,,,,,,wells fargo (wfc)
23-03-26,Falck,falck.com,"Revenue Cycle Leader (VP, Director, Manager)",United States,The Role of Third-Party  Financing in the Health and  Wellness Payment Landscape,N,N,N,No,debt relief,4,,paypal (pypl),,debt relief,,,,,,,payment plan,,payment solutions,,,,,,
23-03-26,Falck,falck.com,"Revenue Cycle Leader (VP, Director, Manager)",United States,Lifetime of Healthcare Costs in the U.S.,N,N,N,No,debt relief,4,,paypal (pypl),,debt relief,,,,,,,payment plan,,payment solutions,,,,,,
23-03-26,"Gaudenzia, Inc.",gaudenzia.org,President,United States,How Cost Impacts the Patient and Provider Journey,N,N,N,No,klarna,4,,,,,,klarna,,,,,payment plan,,,medical billing,,,,,wells fargo (wfc)
23-03-26,Generations Family Health Center,genhealth.org,Nurse Practitioner,United States,Recognizing Burnout in Healthcare Staff and Ideas for Addressing It,N,N,N,No,debt relief,1,,,,debt relief,,,,,,,,,,,,,,,
23-03-26,Greenwich Hospital,greenwichhospital.org,Nurse Practitioner,United States,Lifetime of Healthcare Costs in the U.S.,N,N,N,No,medical billing,5,patient payments,paypal (pypl),,,,,,,,,,,payment solutions,medical billing,,,,,wells fargo (wfc)
23-03-26,Healthtrust Performance Group,healthtrustpg.com,Chief Financial Officer,United States,Recognizing Burnout in Healthcare Staff and Ideas for Addressing It,N,N,N,No,patient payments,5,patient payments,paypal (pypl),,debt relief,,,,,,,,,,medical billing,,,paypal pay in 4,,
23-03-26,Holland Hospital,hollandhospital.org,Chief Financial Officer,United States,How Cost Impacts the Patient and Provider Journey,N,N,N,No,payment plan,9,patient payments,paypal (pypl),,debt relief,,,,paypal pay later,afterpay,,payment plan,,,medical billing,,,paypal pay in 4,,wells fargo (wfc)
23-03-26,Iha,ihacares.com,Physician Assistant,United States,The Role of Third-Party  Financing in the Health and  Wellness Payment Landscape,N,N,N,No,paypal (pypl),4,,paypal (pypl),,,,klarna,,paypal pay later,,,,,,medical billing,,,,,
23-03-26,Kootenai Health,kh.org,Physician Assistant,United States,The Role of Third-Party  Financing in the Health and  Wellness Payment Landscape,N,N,N,No,wells fargo (wfc),7,patient payments,,,debt relief,,klarna,,,afterpay,,payment plan,,,medical billing,,,,,wells fargo (wfc)
23-03-26,Landmark Hospitals,landmarkhospitals.com,Chief Executive Officer,United States,Lifetime of Healthcare Costs in the U.S.,N,N,N,No,patient payments,5,patient payments,paypal (pypl),,,,,,paypal pay later,,,payment plan,,,,,,,,wells fargo (wfc)
23-03-26,Lee Health,leehealth.org,"Financial Leader (VP, Analyst, Counselor)",United States,Lifetime of Healthcare Costs in the U.S.,N,N,N,No,afterpay,5,patient payments,,,,,,,paypal pay later,afterpay,,,credit Management,,medical billing,,,,,
23-03-26,Lifestance Health,lifestance.com,Nurse Practitioner,United States,Lifetime of Healthcare Costs in the U.S.,N,N,N,No,medical billing,5,,paypal (pypl),,,,klarna,sezzle,,,,payment plan,,,medical billing,,,,,
23-03-26,Lifestance Health,lifestance.com,Nurse Practitioner,United States,The Role of Third-Party  Financing in the Health and  Wellness Payment Landscape,N,N,N,No,medical billing,5,,paypal (pypl),,,,klarna,sezzle,,,,payment plan,,,medical billing,,,,,
23-03-26,Lifestance Health,lifestance.com,Nurse Practitioner,United States,How Cost Impacts the Patient and Provider Journey,N,N,N,No,medical billing,5,,paypal (pypl),,,,klarna,sezzle,,,,payment plan,,,medical billing,,,,,
23-03-26,Mountain Area Health Education Center - Mahec,mahec.net,Nurse Practitioner,United States,Recognizing Burnout in Healthcare Staff and Ideas for Addressing It,N,N,N,No,patient payments,5,patient payments,paypal (pypl),,,,klarna,,,,,payment plan,,,,,,paypal pay in 4,,
23-03-26,Maimonides Medical Center,maimonidesmed.org,Physician Assistant,United States,Recognizing Burnout in Healthcare Staff and Ideas for Addressing It,N,N,N,No,medical billing,5,patient payments,paypal (pypl),,,,,,,,,payment plan,,payment solutions,medical billing,,,,,
23-03-26,Mary Free Bed Rehabilitation Hospital,maryfreebed.com,"Revenue Cycle Leader (VP, Director, Manager)",United States,How Cost Impacts the Patient and Provider Journey,N,N,N,No,paypal (pypl),5,patient payments,paypal (pypl),,,,klarna,,paypal pay later,,,,,,,,,,,wells fargo (wfc)
23-03-26,Mayfield Brain & Spine,mayfieldclinic.com,Chief Executive Officer,United States,The Role of Third-Party  Financing in the Health and  Wellness Payment Landscape,N,N,N,No,paypal pay later,4,patient payments,paypal (pypl),,debt relief,,,,paypal pay later,,,,,,,,,,,
23-03-26,Mayfield Brain & Spine,mayfieldclinic.com,Nurse Practitioner,United States,Recognizing Burnout in Healthcare Staff and Ideas for Addressing It,N,N,N,No,paypal pay later,4,patient payments,paypal (pypl),,debt relief,,,,paypal pay later,,,,,,,,,,,
23-03-26,Mcleod Health,mcleodhealth.org,"Financial Leader (VP, Analyst, Counselor)",United States,How Cost Impacts the Patient and Provider Journey,N,N,N,No,patient payments,5,patient payments,,,,,,,,afterpay,,,credit Management,,medical billing,,paypal credit,,,
23-03-26,Midland Memorial Hospital,midlandhealth.org,Patient Access/Engagement,United States,Lifetime of Healthcare Costs in the U.S.,N,N,N,No,paypal pay later,5,,paypal (pypl),,debt relief,,,,paypal pay later,,,,,,,,,paypal pay in 4,,wells fargo (wfc)
23-03-26,Mile Bluff Medical Center,milebluff.com,Nurse Practitioner,United States,Recognizing Burnout in Healthcare Staff and Ideas for Addressing It,N,N,N,No,paypal (pypl),3,,paypal (pypl),,,,,,paypal pay later,,,,,,,,,,,wells fargo (wfc)
23-03-26,Monogram Health,monogramhealth.com,Nurse Practitioner,United States,How Cost Impacts the Patient and Provider Journey,N,N,N,No,,0,,,,,,,,,,,,,,,,,,,
23-03-26,Premier Surgical Associates,premiersurgical.com,Chief Executive Officer,United States,Recognizing Burnout in Healthcare Staff and Ideas for Addressing It,N,N,N,No,paypal pay later,3,,paypal (pypl),,,,,,paypal pay later,,,,,,,,,,,wells fargo (wfc)
23-03-26,Proliance Surgeons,proliancesurgeons.com,Physician Assistant,United States,Recognizing Burnout in Healthcare Staff and Ideas for Addressing It,N,N,N,No,patient payments,5,patient payments,paypal (pypl),,,,klarna,,paypal pay later,,,,,,medical billing,,,,,
23-03-26,Proliance Surgeons,proliancesurgeons.com,Physician Assistant,United States,How Cost Impacts the Patient and Provider Journey,N,N,N,No,patient payments,5,patient payments,paypal (pypl),,,,klarna,,paypal pay later,,,,,,medical billing,,,,,
23-03-26,Saint Francis Healthcare System,sfmc.net,Chief Financial Officer,United States,Lifetime of Healthcare Costs in the U.S.,N,N,N,No,paypal credit,6,patient payments,,,debt relief,,,,paypal pay later,afterpay,,,,,,,paypal credit,paypal pay in 4,,
23-03-26,Tenet Healthcare,tenethealth.com,Chief Financial Officer,United States,The Role of Third-Party  Financing in the Health and  Wellness Payment Landscape,N,N,N,No,medical billing,6,patient payments,,,,,,sezzle,,afterpay,,payment plan,,payment solutions,medical billing,,,,,
23-03-26,Uvm Health - Uvm Medical Center,uvmhealth.org,Chief Financial Officer,United States,Recognizing Burnout in Healthcare Staff and Ideas for Addressing It,N,N,N,No,patient payments,5,patient payments,,,,,klarna,,,afterpay,,,,payment solutions,,,,,,wells fargo (wfc)
23-03-26,Woman's Hospital,womans.org,Patient Access/Engagement,United States,The Role of Third-Party  Financing in the Health and  Wellness Payment Landscape,N,N,N,No,payment solutions,7,patient payments,,,,,klarna,,,afterpay,,,,payment solutions,medical billing,,,paypal pay in 4,,wells fargo (wfc)
23-03-26,Yale New Haven Hospital,ynhh.org,Nurse Practitioner,United States,How Cost Impacts the Patient and Provider Journey,N,N,N,No,paypal (pypl),6,patient payments,paypal (pypl),,,,,,,afterpay,,payment plan,,payment solutions,medical billing,,,,,
02-04-26,Aoa Orthopedic Specialists,arlingtonortho.com,Physician Assistant,United States,Lifetime of Healthcare Costs in the U.S.,N,N,N,No,paypal (pypl),3,,paypal (pypl),,,,klarna,,,,,,,,,,,paypal pay in 4,,
02-04-26,Bayhealth,bayhealth.org,Physician Assistant,United States,The Role of Third-Party  Financing in the Health and  Wellness Payment Landscape,N,N,N,No,patient payments,5,patient payments,paypal (pypl),,,,,,,,affirm,,,,medical billing,Affirm,,,,
02-04-26,Bayhealth,bayhealth.org,Nurse Practitioner,United States,Recognizing Burnout in Healthcare Staff and Ideas for Addressing It,N,N,N,No,patient payments,5,patient payments,paypal (pypl),,,,,,,,affirm,,,,medical billing,Affirm,,,,
02-04-26,Bradford Health Services,bradfordhealth.com,Nurse Practitioner,United States,Recognizing Burnout in Healthcare Staff and Ideas for Addressing It,N,N,N,No,paypal (pypl),2,,paypal (pypl),,debt relief,,,,,,,,,,,,,,,
02-04-26,Caravel Autism Health,caravelautism.com,"Financial Leader (VP, Analyst, Counselor)",United States,Lifetime of Healthcare Costs in the U.S.,N,N,N,No,patient payments,2,patient payments,,,debt relief,,,,,,,,,,,,,,,
02-04-26,Campbell County Health,cchwyo.org,Chief Executive Officer,United States,The Role of Third-Party  Financing in the Health and  Wellness Payment Landscape,N,N,N,No,,0,,,,,,,,,,,,,,,,,,,
02-04-26,Centromed,centromedsa.com,Nurse Practitioner,United States,Recognizing Burnout in Healthcare Staff and Ideas for Addressing It,N,N,N,No,paypal (pypl),1,,paypal (pypl),,,,,,,,,,,,,,,,,
02-04-26,Chapters Health System,chaptershealth.org,"Revenue Cycle Leader (VP, Director, Manager)",United States,Recognizing Burnout in Healthcare Staff and Ideas for Addressing It,N,N,N,No,paypal pay in 4,7,patient payments,paypal (pypl),,,,klarna,,paypal pay later,,,,,,,,paypal credit,paypal pay in 4,,wells fargo (wfc)
02-04-26,Central Maine Healthcare,cmhc.org,Nurse Practitioner,United States,The Role of Third-Party  Financing in the Health and  Wellness Payment Landscape,N,N,N,No,payment solutions,7,patient payments,paypal (pypl),,,,klarna,,paypal pay later,,,,,payment solutions,,,,paypal pay in 4,,wells fargo (wfc)
02-04-26,Columbia Memorial Hospital,columbiamemorial.org,Physician Assistant,United States,How Cost Impacts the Patient and Provider Journey,N,N,N,No,medical billing,5,patient payments,paypal (pypl),,debt relief,,,,,afterpay,,,,,medical billing,,,,,
02-04-26,Community Health Care,commhealth.org,Physician Assistant,United States,The Role of Third-Party  Financing in the Health and  Wellness Payment Landscape,N,N,N,No,payment solutions,7,patient payments,paypal (pypl),,debt relief,,,,paypal pay later,,,,,payment solutions,,,,paypal pay in 4,,wells fargo (wfc)
02-04-26,Constellation Health Services,constellationhs.com,Nurse Practitioner,United States,How Cost Impacts the Patient and Provider Journey,N,N,N,No,paypal (pypl),2,,paypal (pypl),,,,klarna,,,,,,,,,,,,,
02-04-26,Constellation Health Services,constellationhs.com,"Revenue Cycle Leader (VP, Director, Manager)",United States,How Cost Impacts the Patient and Provider Journey,N,N,N,No,paypal (pypl),2,,paypal (pypl),,,,klarna,,,,,,,,,,,,,
02-04-26,Muscogee Nation Department Of Health,creekhealth.org,"Financial Leader (VP, Analyst, Counselor)",United States,How Cost Impacts the Patient and Provider Journey,N,N,N,No,debt relief,2,,paypal (pypl),,debt relief,,,,,,,,,,,,,,,
02-04-26,Firsthealth Of The Carolinas,firsthealth.org,Physician Assistant,United States,How Cost Impacts the Patient and Provider Journey,N,N,N,No,medical billing,6,patient payments,paypal (pypl),,debt relief,,klarna,,,,,,,,medical billing,,,paypal pay in 4,,
02-04-26,Fred Hutch,fredhutch.org,Nurse Practitioner,United States,Recognizing Burnout in Healthcare Staff and Ideas for Addressing It,N,N,N,No,patient payments,5,patient payments,,,,,,sezzle,paypal pay later,,,payment plan,,,medical billing,,,,,
02-04-26,Ge Healthcare,gehealthcare.com,Chief Financial Officer,United States,The Role of Third-Party  Financing in the Health and  Wellness Payment Landscape,N,N,N,No,patient payments,4,patient payments,,,,,,,,afterpay,,,,,medical billing,,,,,wells fargo (wfc)
02-04-26,Ge Healthcare,gehealthcare.com,Chief Financial Officer,United States,Recognizing Burnout in Healthcare Staff and Ideas for Addressing It,N,N,N,No,patient payments,4,patient payments,,,,,,,,afterpay,,,,,medical billing,,,,,wells fargo (wfc)
02-04-26,Ge Healthcare,gehealthcare.com,Chief Financial Officer,United States,Recognizing Burnout in Healthcare Staff and Ideas for Addressing It,N,N,N,No,patient payments,4,patient payments,,,,,,,,afterpay,,,,,medical billing,,,,,wells fargo (wfc)
02-04-26,Ge Healthcare,gehealthcare.com,Chief Financial Officer,United States,The Role of Third-Party  Financing in the Health and  Wellness Payment Landscape,N,N,N,No,patient payments,4,patient payments,,,,,,,,afterpay,,,,,medical billing,,,,,wells fargo (wfc)
02-04-26,Greenwich Hospital,greenwichhospital.org,Physician Assistant,United States,Recognizing Burnout in Healthcare Staff and Ideas for Addressing It,N,N,N,No,medical billing,5,patient payments,paypal (pypl),,,,,,,,,,,payment solutions,medical billing,,,,,wells fargo (wfc)
02-04-26,King's Daughters Medical Center,kingsdaughtershealth.com,Physician Assistant,United States,How Cost Impacts the Patient and Provider Journey,N,N,N,No,medical billing,5,patient payments,paypal (pypl),,,,,,paypal pay later,,,,,,medical billing,,,,,wells fargo (wfc)
02-04-26,King's Daughters Medical Center,kingsdaughtershealth.com,Physician Assistant,United States,Lifetime of Healthcare Costs in the U.S.,N,N,N,No,medical billing,5,patient payments,paypal (pypl),,,,,,paypal pay later,,,,,,medical billing,,,,,wells fargo (wfc)
02-04-26,King's Daughters Medical Center,kingsdaughtershealth.com,Physician Assistant,United States,How Cost Impacts the Patient and Provider Journey,N,N,N,No,medical billing,5,patient payments,paypal (pypl),,,,,,paypal pay later,,,,,,medical billing,,,,,wells fargo (wfc)
02-04-26,King's Daughters Medical Center,kingsdaughtershealth.com,Nurse Practitioner,United States,Lifetime of Healthcare Costs in the U.S.,N,N,N,No,medical billing,5,patient payments,paypal (pypl),,,,,,paypal pay later,,,,,,medical billing,,,,,wells fargo (wfc)
02-04-26,Lcmc Health,lcmchealth.org,"Financial Leader (VP, Analyst, Counselor)",United States,The Role of Third-Party  Financing in the Health and  Wellness Payment Landscape,N,N,N,No,payment solutions,5,patient payments,paypal (pypl),,,,,,,afterpay,,,,payment solutions,medical billing,,,,,
02-04-26,Legacy Health Services,lhshealth.com,Chief Financial Officer,United States,The Role of Third-Party  Financing in the Health and  Wellness Payment Landscape,N,N,N,No,afterpay,3,,paypal (pypl),,,,,,,afterpay,,,,,,,,,,wells fargo (wfc)
02-04-26,Lifestance Health,lifestance.com,"Revenue Cycle Leader (VP, Director, Manager)",United States,Recognizing Burnout in Healthcare Staff and Ideas for Addressing It,N,N,N,No,medical billing,5,,paypal (pypl),,,,klarna,sezzle,,,,payment plan,,,medical billing,,,,,
02-04-26,Methodist Hospitals,methodisthospitals.org,"Revenue Cycle Leader (VP, Director, Manager)",United States,Lifetime of Healthcare Costs in the U.S.,N,N,N,No,patient payments,6,patient payments,,,debt relief,,,,,afterpay,,payment plan,,,medical billing,,paypal credit,,,
02-04-26,Mount Sinai Medical Center,msmc.com,"Patient Access Leader (Director, Specialist)",United States,Lifetime of Healthcare Costs in the U.S.,N,N,N,No,afterpay,9,patient payments,paypal (pypl),,,,klarna,,,afterpay,,payment plan,,payment solutions,medical billing,,paypal credit,,,wells fargo (wfc)
02-04-26,Nani - Nephrology Associates Northern Illinois / Indiana,nephdocs.com,Nurse Practitioner,United States,How Cost Impacts the Patient and Provider Journey,N,N,N,No,patient payments,2,patient payments,paypal (pypl),,,,,,,,,,,,,,,,,
02-04-26,Nani - Nephrology Associates Northern Illinois / Indiana,nephdocs.com,Nurse Practitioner,United States,Recognizing Burnout in Healthcare Staff and Ideas for Addressing It,N,N,N,No,patient payments,2,patient payments,paypal (pypl),,,,,,,,,,,,,,,,,
02-04-26,Nani - Nephrology Associates Northern Illinois / Indiana,nephdocs.com,Physician Assistant,United States,Recognizing Burnout in Healthcare Staff and Ideas for Addressing It,N,N,N,No,patient payments,2,patient payments,paypal (pypl),,,,,,,,,,,,,,,,,
02-04-26,Orthocarolina,orthocarolina.com,Physician Assistant,United States,The Role of Third-Party  Financing in the Health and  Wellness Payment Landscape,N,N,N,No,paypal pay in 4,4,,paypal (pypl),,debt relief,,,,paypal pay later,,,,,,,,,paypal pay in 4,,
02-04-26,Park Nicollet Health Services,parknicollet.com,Physician Assistant,United States,Recognizing Burnout in Healthcare Staff and Ideas for Addressing It,N,N,N,No,paypal (pypl),5,patient payments,paypal (pypl),,,,,,,,,,,payment solutions,medical billing,,,,,wells fargo (wfc)
02-04-26,Richmond Behavioral Health,rbha.org,Nurse Practitioner,United States,Lifetime of Healthcare Costs in the U.S.,N,N,N,No,afterpay,2,,,,,,,,,afterpay,,payment plan,,,,,,,,
02-04-26,Roper St. Francis Healthcare,rsfh.com,Nurse Practitioner,United States,Lifetime of Healthcare Costs in the U.S.,N,N,N,No,afterpay,4,patient payments,,,,,,,,afterpay,,,,,medical billing,,paypal credit,,,
02-04-26,Seven Counties Services,sevencounties.org,Chief Executive Officer,United States,Recognizing Burnout in Healthcare Staff and Ideas for Addressing It,N,N,N,No,paypal (pypl),5,,paypal (pypl),,,,,,paypal pay later,afterpay,,,,,,,,paypal pay in 4,,wells fargo (wfc)
02-04-26,St. Peter's Health Partners,sphp.com,Physician Assistant,United States,How Cost Impacts the Patient and Provider Journey,N,N,N,No,patient payments,7,patient payments,paypal (pypl),,,,,,,afterpay,,payment plan,,payment solutions,medical billing,,,,,wells fargo (wfc)
02-04-26,Tutera Senior Living And Health Care,tutera.com,"Revenue Cycle Leader (VP, Director, Manager)",United States,Lifetime of Healthcare Costs in the U.S.,N,N,N,No,payment solutions,2,,,,,,,,,,,payment plan,,payment solutions,,,,,,
02-04-26,York Hospital,yorkhospital.com,Physician Assistant,United States,Recognizing Burnout in Healthcare Staff and Ideas for Addressing It,N,N,N,No,patient payments,7,patient payments,paypal (pypl),,,,klarna,sezzle,,,,,,payment solutions,medical billing,,,,,wells fargo (wfc)
03-04-26,Appalachian Regional Healthcare (Arh),arh.org,President,United States,Lifetime of Healthcare Costs in the U.S.,N,N,N,No,medical billing,5,patient payments,paypal (pypl),,,,,,,,,,,payment solutions,medical billing,,,,,wells fargo (wfc)
03-04-26,Aultman Home Medical Supply,aultman.com,President,United States,Recognizing Burnout in Healthcare Staff and Ideas for Addressing It,N,N,N,No,paypal (pypl),6,patient payments,paypal (pypl),,,,klarna,,paypal pay later,,,,,,medical billing,,,,,wells fargo (wfc)
03-04-26,Aultman Home Medical Supply,aultman.com,President,United States,The Role of Third-Party  Financing in the Health and  Wellness Payment Landscape,N,N,N,No,paypal (pypl),6,patient payments,paypal (pypl),,,,klarna,,paypal pay later,,,,,,medical billing,,,,,wells fargo (wfc)
03-04-26,Carti,carti.com,"Patient Access Leader (Director, Specialist)",United States,How Cost Impacts the Patient and Provider Journey,N,N,N,No,paypal (pypl),4,patient payments,paypal (pypl),,,,,,,,,payment plan,,,,,,,,wells fargo (wfc)
03-04-26,Penn Medicine Chester County Hospital,cchosp.com,Chief Executive Officer,United States,Lifetime of Healthcare Costs in the U.S.,N,N,N,No,klarna,4,,,,debt relief,,klarna,,,,,,,,,,,paypal pay in 4,,wells fargo (wfc)
03-04-26,Kaleida Health,kaleidahealth.org,President,United States,How Cost Impacts the Patient and Provider Journey,N,N,N,No,afterpay,6,patient payments,paypal (pypl),,,,,,,afterpay,,payment plan,,,medical billing,,,paypal pay in 4,,
03-04-26,Northwest Community Healthcare,nch.org,Nurse Practitioner,United States,Lifetime of Healthcare Costs in the U.S.,N,N,N,No,afterpay,8,patient payments,paypal (pypl),,,,klarna,sezzle,,afterpay,,,,payment solutions,medical billing,,paypal credit,,,
03-04-26,Northwest Community Healthcare,nch.org,"Patient Access Leader (Director, Specialist)",United States,Lifetime of Healthcare Costs in the U.S.,N,N,N,No,afterpay,8,patient payments,paypal (pypl),,,,klarna,sezzle,,afterpay,,,,payment solutions,medical billing,,paypal credit,,,
03-04-26,Northwest Community Healthcare,nch.org,"Patient Access Leader (Director, Specialist)",United States,The Role of Third-Party  Financing in the Health and  Wellness Payment Landscape,N,N,N,No,afterpay,8,patient payments,paypal (pypl),,,,klarna,sezzle,,afterpay,,,,payment solutions,medical billing,,paypal credit,,,
03-04-26,Piedmont,piedmont.org,"Patient Access Leader (Director, Specialist)",United States,The Role of Third-Party  Financing in the Health and  Wellness Payment Landscape,N,N,N,No,medical billing,6,patient payments,,,,,,sezzle,,afterpay,,payment plan,,,medical billing,,paypal credit,,,
03-04-26,Prime Time Healthcare,primetimehealthcare.com,President,United States,Lifetime of Healthcare Costs in the U.S.,N,N,N,No,paypal (pypl),1,,paypal (pypl),,,,,,,,,,,,,,,,,
03-04-26,Rogers Behavioral Health,rogersbh.org,Physician Assistant,United States,How Cost Impacts the Patient and Provider Journey,N,N,N,No,patient payments,4,patient payments,paypal (pypl),,,,,,paypal pay later,,,,,,,,,,,wells fargo (wfc)
03-04-26,Rogers Behavioral Health,rogersbh.org,Physician Assistant,United States,The Role of Third-Party  Financing in the Health and  Wellness Payment Landscape,N,N,N,No,patient payments,4,patient payments,paypal (pypl),,,,,,paypal pay later,,,,,,,,,,,wells fargo (wfc)
03-04-26,St. Mary's Health,st-marys.org,President,United States,The Role of Third-Party  Financing in the Health and  Wellness Payment Landscape,N,N,N,No,patient payments,8,patient payments,paypal (pypl),,debt relief,,klarna,,paypal pay later,,,payment plan,,,,,,paypal pay in 4,,wells fargo (wfc)
08-04-26,Aspire Indiana Health,aspireindiana.org,"Patient Access Leader (Director, Specialist)",United States,Recognizing Burnout in Healthcare Staff and Ideas for Addressing It,N,N,N,No,wells fargo (wfc),2,,,,debt relief,,,,,,,,,,,,,,,wells fargo (wfc)
08-04-26,Atlantic Health,atlantichealth.org,"Financial Leader (VP, Analyst, Counselor)",United States,Recognizing Burnout in Healthcare Staff and Ideas for Addressing It,N,N,N,No,paypal pay in 4,9,patient payments,paypal (pypl),,,,,sezzle,paypal pay later,afterpay,,payment plan,,payment solutions,medical billing,,,paypal pay in 4,,
08-04-26,Centracare,centracare.com,Physician Assistant,United States,Lifetime of Healthcare Costs in the U.S.,N,N,N,No,afterpay,7,patient payments,,,,,klarna,,,afterpay,,,,payment solutions,medical billing,,,paypal pay in 4,,wells fargo (wfc)
08-04-26,Craig Hospital,craighospital.org,Nurse Practitioner,United States,Lifetime of Healthcare Costs in the U.S.,N,N,N,No,patient payments,4,patient payments,paypal (pypl),,debt relief,,klarna,,,,,,,,,,,,,
08-04-26,Dch Health System,dchsystem.com,Physician Assistant,United States,Recognizing Burnout in Healthcare Staff and Ideas for Addressing It,N,N,N,No,medical billing,6,patient payments,paypal (pypl),,,,,,paypal pay later,,,,,payment solutions,medical billing,,,,,wells fargo (wfc)
08-04-26,Ernest Health,ernesthealth.com,Chief Financial Officer,United States,Lifetime of Healthcare Costs in the U.S.,N,N,N,No,patient payments,4,patient payments,paypal (pypl),,,,,,,,,payment plan,,,medical billing,,,,,
08-04-26,East Tennessee Children's Hospital,etch.com,Nurse Practitioner,United States,How Cost Impacts the Patient and Provider Journey,N,N,N,No,paypal credit,6,,paypal (pypl),,debt relief,,,,paypal pay later,,,payment plan,,,,,paypal credit,paypal pay in 4,,
08-04-26,"Gaudenzia, Inc.",gaudenzia.org,Nurse Practitioner,United States,The Role of Third-Party  Financing in the Health and  Wellness Payment Landscape,N,N,N,No,klarna,4,,,,,,klarna,,,,,payment plan,,,medical billing,,,,,wells fargo (wfc)
08-04-26,Gerald Champion Regional Medical Center,gcrmc.org,Nurse Practitioner,United States,Lifetime of Healthcare Costs in the U.S.,N,N,N,No,patient payments,2,patient payments,,,debt relief,,,,,,,,,,,,,,,
08-04-26,John Muir Health,johnmuirhealth.com,Nurse Practitioner,United States,Lifetime of Healthcare Costs in the U.S.,N,N,N,No,patient payments,7,patient payments,paypal (pypl),,,zippay,klarna,sezzle,,,,,credit Management,,medical billing,,,,,
08-04-26,John Muir Health,johnmuirhealth.com,"Financial Leader (VP, Analyst, Counselor)",United States,How Cost Impacts the Patient and Provider Journey,N,N,N,No,patient payments,7,patient payments,paypal (pypl),,,zippay,klarna,sezzle,,,,,credit Management,,medical billing,,,,,
08-04-26,Lifebridge Health,lifebridgehealth.org,Physician Assistant,United States,How Cost Impacts the Patient and Provider Journey,N,N,N,No,medical billing,4,patient payments,paypal (pypl),,,,,,,,,payment plan,,,medical billing,,,,,
08-04-26,Lifelong Medical Care,lifelongmedical.org,Nurse Practitioner,United States,The Role of Third-Party  Financing in the Health and  Wellness Payment Landscape,N,N,N,No,patient payments,1,patient payments,,,,,,,,,,,,,,,,,,
08-04-26,Maimonides Medical Center,maimonidesmed.org,"Financial Leader (VP, Analyst, Counselor)",United States,Recognizing Burnout in Healthcare Staff and Ideas for Addressing It,N,N,N,No,medical billing,5,patient payments,paypal (pypl),,,,,,,,,payment plan,,payment solutions,medical billing,,,,,
08-04-26,Mary Free Bed Rehabilitation Hospital,maryfreebed.com,Physician Assistant,United States,The Role of Third-Party  Financing in the Health and  Wellness Payment Landscape,N,N,N,No,paypal (pypl),5,patient payments,paypal (pypl),,,,klarna,,paypal pay later,,,,,,,,,,,wells fargo (wfc)
08-04-26,Mindpath Health,mindpath.com,"Revenue Cycle Leader (VP, Director, Manager)",United States,Recognizing Burnout in Healthcare Staff and Ideas for Addressing It,N,N,N,No,paypal pay later,1,,,,,,,,paypal pay later,,,,,,,,,,,
08-04-26,Modivcare,modivcare.com,Nurse Practitioner,United States,Lifetime of Healthcare Costs in the U.S.,N,N,N,No,patient payments,5,patient payments,,,,,klarna,,paypal pay later,,,,,,,,paypal credit,paypal pay in 4,,
08-04-26,Montefiore Health System,montefiore.org,Physician Assistant,United States,How Cost Impacts the Patient and Provider Journey,N,N,N,No,patient payments,8,patient payments,paypal (pypl),laybuy,,,klarna,sezzle,,afterpay,,,,payment solutions,medical billing,,,,,
08-04-26,North Mississippi Health Services,nmhs.net,"Revenue Cycle Leader (VP, Director, Manager)",United States,Recognizing Burnout in Healthcare Staff and Ideas for Addressing It,N,N,N,No,medical billing,5,patient payments,paypal (pypl),,,,klarna,,,,,,,,medical billing,,paypal credit,,,
08-04-26,Penn Medicine Princeton Health,princetonhcs.org,Nurse Practitioner,United States,Recognizing Burnout in Healthcare Staff and Ideas for Addressing It,N,N,N,No,medical billing,5,patient payments,,,,zippay,,,,,,,,,medical billing,,paypal credit,paypal pay in 4,,
08-04-26,Riverside University Health System,ruhealth.org,Physician Assistant,United States,Recognizing Burnout in Healthcare Staff and Ideas for Addressing It,N,N,N,No,paypal pay later,5,,paypal (pypl),,debt relief,,,,paypal pay later,,affirm,,,,,Affirm,,,,
08-04-26,San Francisco Department Of Public Health,sfdph.org,Nurse Practitioner,United States,Lifetime of Healthcare Costs in the U.S.,N,N,N,No,medical billing,9,patient payments,paypal (pypl),,,,klarna,,,afterpay,,payment plan,,payment solutions,medical billing,,paypal credit,,,wells fargo (wfc)
08-04-26,Stanford Health Care,stanfordmed.org,Nurse Practitioner,United States,Recognizing Burnout in Healthcare Staff and Ideas for Addressing It,N,N,N,No,paypal credit,5,patient payments,,,,,klarna,,,,,,,,medical billing,,paypal credit,,,wells fargo (wfc)
08-04-26,Stanford Health Care,stanfordmed.org,Physician Assistant,United States,The Role of Third-Party  Financing in the Health and  Wellness Payment Landscape,N,N,N,No,paypal credit,5,patient payments,,,,,klarna,,,,,,,,medical billing,,paypal credit,,,wells fargo (wfc)
08-04-26,Stanford Health Care,stanfordmed.org,Physician Assistant,United States,How Cost Impacts the Patient and Provider Journey,N,N,N,No,paypal credit,5,patient payments,,,,,klarna,,,,,,,,medical billing,,paypal credit,,,wells fargo (wfc)
08-04-26,Tanner Health,tanner.org,Nurse Practitioner,United States,Lifetime of Healthcare Costs in the U.S.,N,N,N,No,paypal (pypl),6,patient payments,paypal (pypl),,,,,,,afterpay,,payment plan,,,medical billing,,,paypal pay in 4,,
08-04-26,Visiting Nurse Health System,vnhs.org,"Revenue Cycle Leader (VP, Director, Manager)",United States,How Cost Impacts the Patient and Provider Journey,N,N,N,No,afterpay,3,patient payments,,,,,,,paypal pay later,afterpay,,,,,,,,,,
09-04-26,Allhealth Network,allhealthnetwork.org,Nurse Practitioner,United States,Lifetime of Healthcare Costs in the U.S.,N,N,N,No,,0,,,,,,,,,,,,,,,,,,,
09-04-26,Appalachian Regional Healthcare (Arh),arh.org,Nurse Practitioner,United States,Recognizing Burnout in Healthcare Staff and Ideas for Addressing It,N,N,N,No,medical billing,5,patient payments,paypal (pypl),,,,,,,,,,,payment solutions,medical billing,,,,,wells fargo (wfc)
09-04-26,Axia Women's Health,axiawh.com,Nurse Practitioner,United States,The Role of Third-Party  Financing in the Health and  Wellness Payment Landscape,N,N,N,No,paypal (pypl),4,patient payments,paypal (pypl),,debt relief,,,,,afterpay,,,,,,,,,,
09-04-26,Arizona Community Physicians,azacp.com,Nurse Practitioner,United States,How Cost Impacts the Patient and Provider Journey,N,N,N,No,wells fargo (wfc),3,,,,,,,,,afterpay,,,,,,,,paypal pay in 4,,wells fargo (wfc)
09-04-26,Beth Israel Deaconess Hospital-Plymouth,bidplymouth.org,Nurse Practitioner,United States,Recognizing Burnout in Healthcare Staff and Ideas for Addressing It,N,N,N,No,wells fargo (wfc),2,,,,,,,,,afterpay,,,,,,,,,,wells fargo (wfc)
09-04-26,Centria Autism,centriahealthcare.com,"Revenue Cycle Leader (VP, Director, Manager)",United States,How Cost Impacts the Patient and Provider Journey,N,N,N,No,paypal (pypl),3,patient payments,paypal (pypl),,,,,,,,,,,,medical billing,,,,,
09-04-26,The Centers For Advanced Orthopaedics,cfaortho.com,"Patient Access Leader (Director, Specialist)",United States,Recognizing Burnout in Healthcare Staff and Ideas for Addressing It,N,N,N,No,paypal pay later,3,,,,debt relief,,,,paypal pay later,afterpay,,,,,,,,,,
09-04-26,Chase Brexton Health Care,chasebrexton.org,Nurse Practitioner,United States,The Role of Third-Party  Financing in the Health and  Wellness Payment Landscape,N,N,N,No,paypal pay later,5,patient payments,paypal (pypl),,,,,,paypal pay later,,,,,,medical billing,,,paypal pay in 4,,
09-04-26,Chase Brexton Health Care,chasebrexton.org,Nurse Practitioner,United States,How Cost Impacts the Patient and Provider Journey,N,N,N,No,paypal pay later,5,patient payments,paypal (pypl),,,,,,paypal pay later,,,,,,medical billing,,,paypal pay in 4,,
09-04-26,Child And Family Focus Inc.,childandfamilyfocus.org,Chief Executive Officer,United States,Recognizing Burnout in Healthcare Staff and Ideas for Addressing It,N,N,N,No,klarna,2,,paypal (pypl),,,,klarna,,,,,,,,,,,,,
09-04-26,Community Healthcare Network,chnnyc.org,Nurse Practitioner,United States,Lifetime of Healthcare Costs in the U.S.,N,N,N,No,patient payments,6,patient payments,paypal (pypl),,debt relief,,,,,,,,,,,,paypal credit,paypal pay in 4,,wells fargo (wfc)
09-04-26,"Citrus Cardiology Consultants, P.L.L.C.",citruscardiology.org,Nurse Practitioner,United States,The Role of Third-Party  Financing in the Health and  Wellness Payment Landscape,N,N,N,No,debt relief,2,,,,debt relief,,,,,,,,,,,,,paypal pay in 4,,
09-04-26,Clinica Sierra Vista,clinicasierravista.org,Nurse Practitioner,United States,The Role of Third-Party  Financing in the Health and  Wellness Payment Landscape,N,N,N,No,payment solutions,9,,paypal (pypl),,debt relief,,klarna,sezzle,,afterpay,,,,payment solutions,medical billing,,paypal credit,paypal pay in 4,,
09-04-26,Complete Health,completehealth.com,Chief Financial Officer,United States,Lifetime of Healthcare Costs in the U.S.,N,N,N,No,paypal (pypl),2,,paypal (pypl),,,,,,,,,,,,,,,paypal pay in 4,,
09-04-26,Complete Health,completehealth.com,Nurse Practitioner,United States,Lifetime of Healthcare Costs in the U.S.,N,N,N,No,paypal (pypl),2,,paypal (pypl),,,,,,,,,,,,,,,paypal pay in 4,,
09-04-26,Crossover Health,crossoverhealth.com,Nurse Practitioner,United States,How Cost Impacts the Patient and Provider Journey,N,N,N,No,klarna,6,,paypal (pypl),,debt relief,,klarna,,paypal pay later,,,,,,,,,paypal pay in 4,,wells fargo (wfc)
09-04-26,Wes Health System,drwes.org,Nurse Practitioner,United States,Lifetime of Healthcare Costs in the U.S.,N,N,N,No,paypal pay later,1,,,,,,,,paypal pay later,,,,,,,,,,,
09-04-26,Evergreenhealth,evergreenhealth.com,Nurse Practitioner,United States,Recognizing Burnout in Healthcare Staff and Ideas for Addressing It,N,N,N,No,afterpay,8,patient payments,paypal (pypl),,,,,,paypal pay later,afterpay,,,,,medical billing,,paypal credit,paypal pay in 4,,wells fargo (wfc)
09-04-26,Fairview Health Services,fairview.org,Nurse Practitioner,United States,The Role of Third-Party  Financing in the Health and  Wellness Payment Landscape,N,N,N,No,afterpay,7,patient payments,paypal (pypl),,,,klarna,sezzle,,afterpay,,,,payment solutions,medical billing,,,,,
09-04-26,Horizon Health And Wellness,hhwaz.org,Chief Financial Officer,United States,How Cost Impacts the Patient and Provider Journey,N,N,N,No,wells fargo (wfc),1,,,,,,,,,,,,,,,,,,,wells fargo (wfc)
09-04-26,Hematology-Oncology Associates Of Cny,hoacny.com,Nurse Practitioner,United States,The Role of Third-Party  Financing in the Health and  Wellness Payment Landscape,N,N,N,No,payment plan,1,,,,,,,,,,,payment plan,,,,,,,,
09-04-26,Hematology-Oncology Associates Of Cny,hoacny.com,Nurse Practitioner,United States,The Role of Third-Party  Financing in the Health and  Wellness Payment Landscape,N,N,N,No,payment plan,1,,,,,,,,,,,payment plan,,,,,,,,
09-04-26,Hematology-Oncology Associates Of Cny,hoacny.com,Nurse Practitioner,United States,Lifetime of Healthcare Costs in the U.S.,N,N,N,No,payment plan,1,,,,,,,,,,,payment plan,,,,,,,,
09-04-26,Laseraway,laseraway.com,Chief Financial Officer,United States,Lifetime of Healthcare Costs in the U.S.,N,N,N,No,debt relief,2,,paypal (pypl),,debt relief,,,,,,,,,,,,,,,
09-04-26,lone star circle of care,lscctx.org,Nurse Practitioner,United States,Recognizing Burnout in Healthcare Staff and Ideas for Addressing It,N,N,N,No,paypal (pypl),4,patient payments,paypal (pypl),,debt relief,,,,,,,,,,medical billing,,,,,
09-04-26,Mcfarland Clinic,mcfarlandclinic.com,Chief Executive Officer,United States,Lifetime of Healthcare Costs in the U.S.,N,N,N,No,payment plan,3,,,,debt relief,,,,paypal pay later,,,payment plan,,,,,,,,
09-04-26,Murfreesboro Medical Clinic & Surgicenter,mmclinic.com,Nurse Practitioner,United States,Lifetime of Healthcare Costs in the U.S.,N,N,N,No,paypal (pypl),4,,paypal (pypl),,,,,,paypal pay later,,,,,,,,paypal credit,paypal pay in 4,,
09-04-26,Murfreesboro Medical Clinic & Surgicenter,mmclinic.com,Nurse Practitioner,United States,Lifetime of Healthcare Costs in the U.S.,N,N,N,No,paypal (pypl),4,,paypal (pypl),,,,,,paypal pay later,,,,,,,,paypal credit,paypal pay in 4,,
09-04-26,Murfreesboro Medical Clinic & Surgicenter,mmclinic.com,Nurse Practitioner,United States,Lifetime of Healthcare Costs in the U.S.,N,N,N,No,paypal (pypl),4,,paypal (pypl),,,,,,paypal pay later,,,,,,,,paypal credit,paypal pay in 4,,
09-04-26,Modivcare,modivcare.com,"Revenue Cycle Leader (VP, Director, Manager)",United States,Lifetime of Healthcare Costs in the U.S.,N,N,N,No,patient payments,5,patient payments,,,,,klarna,,paypal pay later,,,,,,,,paypal credit,paypal pay in 4,,
09-04-26,Ozarks Community Hospital (Och),ochonline.com,Chief Financial Officer,United States,Recognizing Burnout in Healthcare Staff and Ideas for Addressing It,N,N,N,No,debt relief,3,patient payments,,,debt relief,,,,,,,payment plan,,,,,,,,
09-04-26,Ochsner Lsu Health,ochsnerlsuhs.org,Nurse Practitioner,United States,How Cost Impacts the Patient and Provider Journey,N,N,N,No,wells fargo (wfc),3,,paypal (pypl),,,,,,paypal pay later,,,,,,,,,,,wells fargo (wfc)
09-04-26,Orthocarolina,orthocarolina.com,Chief Executive Officer,United States,The Role of Third-Party  Financing in the Health and  Wellness Payment Landscape,N,N,N,No,paypal pay in 4,4,,paypal (pypl),,debt relief,,,,paypal pay later,,,,,,,,,paypal pay in 4,,
09-04-26,"Radiology Associates Of North Texas, P.A.",radntx.com,Chief Executive Officer,United States,Recognizing Burnout in Healthcare Staff and Ideas for Addressing It,N,N,N,No,paypal (pypl),4,,paypal (pypl),,,,,,paypal pay later,,,,,,,,,paypal pay in 4,,wells fargo (wfc)
09-04-26,"Radiology Associates Of North Texas, P.A.",radntx.com,Chief Financial Officer,United States,The Role of Third-Party  Financing in the Health and  Wellness Payment Landscape,N,N,N,No,paypal (pypl),4,,paypal (pypl),,,,,,paypal pay later,,,,,,,,,paypal pay in 4,,wells fargo (wfc)
09-04-26,Retina Consultants Of Texas,retinaconsultantstexas.com,"Patient Access Leader (Director, Specialist)",United States,Recognizing Burnout in Healthcare Staff and Ideas for Addressing It,N,N,N,No,wells fargo (wfc),1,,,,,,,,,,,,,,,,,,,wells fargo (wfc)
09-04-26,Sky Lakes Medical Center,skylakes.org,Chief Financial Officer,United States,How Cost Impacts the Patient and Provider Journey,N,N,N,No,patient payments,6,patient payments,paypal (pypl),,,zippay,klarna,,,,,,,,medical billing,,,,,wells fargo (wfc)
09-04-26,State Of Franklin Healthcare Associates,sofha.net,Nurse Practitioner,United States,How Cost Impacts the Patient and Provider Journey,N,N,N,No,debt relief,2,patient payments,,,debt relief,,,,,,,,,,,,,,,
09-04-26,State Of Franklin Healthcare Associates,sofha.net,Nurse Practitioner,United States,How Cost Impacts the Patient and Provider Journey,N,N,N,No,debt relief,2,patient payments,,,debt relief,,,,,,,,,,,,,,,
09-04-26,Positive Behavior Supports Corp.,teampbs.com,Chief Executive Officer,United States,The Role of Third-Party  Financing in the Health and  Wellness Payment Landscape,N,N,N,No,patient payments,6,patient payments,paypal (pypl),,,,,,,afterpay,,payment plan,,,medical billing,,,,,wells fargo (wfc)
09-04-26,Tropical Texas Behavioral Health,ttbh.org,Chief Executive Officer,United States,How Cost Impacts the Patient and Provider Journey,N,N,N,No,patient payments,3,patient payments,paypal (pypl),,debt relief,,,,,,,,,,,,,,,
09-04-26,Western Reserve Hospital,westernreservehospital.org,Nurse Practitioner,United States,Lifetime of Healthcare Costs in the U.S.,N,N,N,No,patient payments,3,patient payments,paypal (pypl),,,,,,,,,,,,,,,paypal pay in 4,,
10-04-26,Southcentral Foundation,southcentralfoundation.com,Nurse Practitioner,United States,Recognizing Burnout in Healthcare Staff and Ideas for Addressing It,N,N,N,No,patient payments,5,patient payments,,,,,,,paypal pay later,,,payment plan,,,medical billing,,,paypal pay in 4,,
10-04-26,Western Reserve Hospital,westernreservehospital.org,Nurse Practitioner,United States,Lifetime of Healthcare Costs in the U.S.,N,N,N,No,patient payments,3,patient payments,paypal (pypl),,,,,,,,,,,,,,,paypal pay in 4,,
13-04-26,Carestar,carestar.com,Chief Financial Officer,United States,Recognizing Burnout in Healthcare Staff and Ideas for Addressing It,N,N,N,No,medical billing,3,,paypal (pypl),,debt relief,,,,,,,,,,medical billing,,,,,
13-04-26,Holland Hospital,hollandhospital.org,Physician Assistant,United States,Lifetime of Healthcare Costs in the U.S.,N,N,N,No,payment plan,9,patient payments,paypal (pypl),,debt relief,,,,paypal pay later,afterpay,,payment plan,,,medical billing,,,paypal pay in 4,,wells fargo (wfc)
13-04-26,The Institute For Family Health,institute.org,Chief Executive Officer,United States,Recognizing Burnout in Healthcare Staff and Ideas for Addressing It,N,N,N,No,afterpay,6,patient payments,paypal (pypl),,,,,,,afterpay,affirm,,,,,Affirm,,,,wells fargo (wfc)
13-04-26,Mount Sinai Medical Center,msmc.com,Physician Assistant,United States,Recognizing Burnout in Healthcare Staff and Ideas for Addressing It,N,N,N,No,afterpay,9,patient payments,paypal (pypl),,,,klarna,,,afterpay,,payment plan,,payment solutions,medical billing,,paypal credit,,,wells fargo (wfc)
13-04-26,Skagit Regional Health,skagitregionalhealth.org,Nurse Practitioner,United States,The Role of Third-Party  Financing in the Health and  Wellness Payment Landscape,N,N,N,No,debt relief,4,patient payments,paypal (pypl),,debt relief,,,,,afterpay,,,,,,,,,,
13-04-26,Vernon Health,vmh.org,Physician Assistant,United States,Lifetime of Healthcare Costs in the U.S.,N,N,N,No,paypal (pypl),2,,paypal (pypl),,debt relief,,,,,,,,,,,,,,,
14-04-26,Ccrm Fertility,ccrmivf.com,Nurse Practitioner,United States,The Role of Third-Party  Financing in the Health and  Wellness Payment Landscape,N,N,N,No,credit Management,2,,paypal (pypl),,,,,,,,,,credit Management,,,,,,,
14-04-26,Ccrm Fertility,ccrmivf.com,"Revenue Cycle Leader (VP, Director, Manager)",United States,How Cost Impacts the Patient and Provider Journey,N,N,N,No,credit Management,2,,paypal (pypl),,,,,,,,,,credit Management,,,,,,,
14-04-26,Christianacare,christianacare.org,Nurse Practitioner,United States,The Role of Third-Party  Financing in the Health and  Wellness Payment Landscape,N,N,N,No,afterpay,9,patient payments,,,debt relief,,,,,afterpay,,payment plan,credit Management,payment solutions,medical billing,,,paypal pay in 4,,wells fargo (wfc)
14-04-26,Finger Lakes Health,flhealth.org,Nurse Practitioner,United States,Recognizing Burnout in Healthcare Staff and Ideas for Addressing It,N,N,N,No,paypal (pypl),4,,paypal (pypl),,,,,,paypal pay later,,,,,,medical billing,,,,,wells fargo (wfc)
14-04-26,North Mississippi Health Services,nmhs.net,Nurse Practitioner,United States,The Role of Third-Party  Financing in the Health and  Wellness Payment Landscape,N,N,N,No,medical billing,5,patient payments,paypal (pypl),,,,klarna,,,,,,,,medical billing,,paypal credit,,,
14-04-26,Oneoncology,oneoncology.com,"Revenue Cycle Leader (VP, Director, Manager)",United States,Recognizing Burnout in Healthcare Staff and Ideas for Addressing It,N,N,N,No,paypal pay in 4,3,,paypal (pypl),,,,,,,afterpay,,,,,,,,paypal pay in 4,,
14-04-26,Southcentral Foundation,southcentralfoundation.com,Nurse Practitioner,United States,How Cost Impacts the Patient and Provider Journey,N,N,N,No,patient payments,5,patient payments,,,,,,,paypal pay later,,,payment plan,,,medical billing,,,paypal pay in 4,,
14-04-26,Vcu Health,vcuhealth.org,Nurse Practitioner,United States,Recognizing Burnout in Healthcare Staff and Ideas for Addressing It,N,N,N,No,medical billing,7,patient payments,paypal (pypl),,,,,,,afterpay,,payment plan,,payment solutions,medical billing,,,,,wells fargo (wfc)
14-04-26,Vida Health,vida.com,Nurse Practitioner,United States,Lifetime of Healthcare Costs in the U.S.,N,N,N,No,patient payments,4,patient payments,paypal (pypl),,debt relief,,,,,,,,,,,,,paypal pay in 4,,
14-04-26,Yale New Haven Hospital,ynhh.org,Nurse Practitioner,United States,Lifetime of Healthcare Costs in the U.S.,N,N,N,No,paypal (pypl),6,patient payments,paypal (pypl),,,,,,,afterpay,,payment plan,,payment solutions,medical billing,,,,,
16-04-26,Fmol Health,fmolhs.org,Nurse Practitioner,United States,How Cost Impacts the Patient and Provider Journey,N,N,N,No,afterpay,6,patient payments,,,,,,,,afterpay,,,credit Management,payment solutions,medical billing,,,,,wells fargo (wfc)
16-04-26,Kintegra Health,kintegra.org,Nurse Practitioner,United States,Recognizing Burnout in Healthcare Staff and Ideas for Addressing It,N,N,N,No,afterpay,3,,,,debt relief,,,,,afterpay,,,,,,,,,,wells fargo (wfc)
16-04-26,Premier Inc.,premierinc.com,"Financial Leader (VP, Analyst, Counselor)",United States,Lifetime of Healthcare Costs in the U.S.,N,N,N,No,afterpay,6,,paypal (pypl),,,,klarna,,,afterpay,,payment plan,,payment solutions,,,paypal credit,,,
16-04-26,Providence,providence.org,Nurse Practitioner,United States,How Cost Impacts the Patient and Provider Journey,N,N,N,No,medical billing,8,patient payments,,,,,,sezzle,,,affirm,,credit Management,payment solutions,medical billing,Affirm,paypal credit,,,
17-04-26,Alameda Health System,alamedahealthsystem.org,Physician Assistant,United States,How Cost Impacts the Patient and Provider Journey,N,N,N,No,medical billing,7,patient payments,paypal (pypl),,,,,sezzle,,afterpay,,,,,medical billing,,paypal credit,paypal pay in 4,,
17-04-26,Charleston Area Medical Center,camc.org,"Financial Leader (VP, Analyst, Counselor)",United States,How Cost Impacts the Patient and Provider Journey,N,N,N,No,patient payments,5,patient payments,paypal (pypl),,,,,sezzle,,afterpay,,,,,medical billing,,,,,
17-04-26,Vidant Health,ecuhealth.org,Nurse Practitioner,United States,Recognizing Burnout in Healthcare Staff and Ideas for Addressing It,N,N,N,No,medical billing,1,,,,,,,,,,,,,,medical billing,,,,,
17-04-26,Fairview Health Services,fairview.org,Chief Financial Officer,United States,Recognizing Burnout in Healthcare Staff and Ideas for Addressing It,N,N,N,No,afterpay,7,patient payments,paypal (pypl),,,,klarna,sezzle,,afterpay,,,,payment solutions,medical billing,,,,,
17-04-26,Freeman Health System,freemanhealth.com,Chief Executive Officer,United States,Recognizing Burnout in Healthcare Staff and Ideas for Addressing It,N,N,N,No,wells fargo (wfc),7,patient payments,,,,,klarna,,,,,payment plan,,,medical billing,,paypal credit,paypal pay in 4,,wells fargo (wfc)
17-04-26,redeemer health,holyredeemer.com,Nurse Practitioner,United States,The Role of Third-Party  Financing in the Health and  Wellness Payment Landscape,N,N,N,No,afterpay,5,patient payments,,,debt relief,,,,,afterpay,,,,,medical billing,,,,,wells fargo (wfc)
17-04-26,Hospital Sisters Health System,hshs.org,Nurse Practitioner,United States,Recognizing Burnout in Healthcare Staff and Ideas for Addressing It,N,N,N,No,medical billing,5,patient payments,,,,,klarna,,,afterpay,,,,,medical billing,,,paypal pay in 4,,
17-04-26,Island Health,islandhospital.org,"Financial Leader (VP, Analyst, Counselor)",United States,Recognizing Burnout in Healthcare Staff and Ideas for Addressing It,N,N,N,No,paypal (pypl),3,,paypal (pypl),,debt relief,,,,,,,payment plan,,,,,,,,
17-04-26,Mountain Area Health Education Center - Mahec,mahec.net,Physician Assistant,United States,How Cost Impacts the Patient and Provider Journey,N,N,N,No,patient payments,5,patient payments,paypal (pypl),,,,klarna,,,,,payment plan,,,,,,paypal pay in 4,,
17-04-26,Maury Regional Health,mauryregional.com,"Financial Leader (VP, Analyst, Counselor)",United States,The Role of Third-Party  Financing in the Health and  Wellness Payment Landscape,N,N,N,No,patient payments,6,patient payments,paypal (pypl),,debt relief,,klarna,,,,,payment plan,,,,,,paypal pay in 4,,
17-04-26,Memorial Healthcare,memorialhealthcare.org,Chief Executive Officer,United States,Lifetime of Healthcare Costs in the U.S.,N,N,N,No,medical billing,4,patient payments,paypal (pypl),,debt relief,,,,,,,,,,medical billing,,,,,
17-04-26,Monogram Health,monogramhealth.com,Chief Financial Officer,United States,How Cost Impacts the Patient and Provider Journey,N,N,N,No,,0,,,,,,,,,,,,,,,,,,,
17-04-26,Presbyterian Healthcare Services,phs.org,Chief Financial Officer,United States,Lifetime of Healthcare Costs in the U.S.,N,N,N,No,afterpay,9,patient payments,paypal (pypl),laybuy,,,,sezzle,,afterpay,affirm,,,,medical billing,Affirm,,paypal pay in 4,,
17-04-26,South Carolina Department Of Mental Health,scdmh.org,Nurse Practitioner,United States,Recognizing Burnout in Healthcare Staff and Ideas for Addressing It,N,N,N,No,zippay,3,patient payments,paypal (pypl),,,zippay,,,,,,,,,,,,,,
17-04-26,Self Regional Healthcare,selfregional.org,Chief Financial Officer,United States,Lifetime of Healthcare Costs in the U.S.,N,N,N,No,afterpay,10,patient payments,paypal (pypl),,debt relief,,klarna,sezzle,,afterpay,,,,payment solutions,medical billing,,,paypal pay in 4,,wells fargo (wfc)
17-04-26,Teamhealth,teamhealth.com,"Financial Leader (VP, Analyst, Counselor)",United States,The Role of Third-Party  Financing in the Health and  Wellness Payment Landscape,N,N,N,No,afterpay,8,patient payments,paypal (pypl),,,,klarna,,,afterpay,,payment plan,,,medical billing,,paypal credit,,,wells fargo (wfc)
17-04-26,Titus Regional Medical Center,titusregional.com,"Financial Leader (VP, Analyst, Counselor)",United States,Recognizing Burnout in Healthcare Staff and Ideas for Addressing It,N,N,N,No,patient payments,8,patient payments,paypal (pypl),,debt relief,,,,paypal pay later,,,payment plan,,,medical billing,,,paypal pay in 4,,wells fargo (wfc)
17-04-26,Trinity Health,trinity-health.org,Nurse Practitioner,United States,How Cost Impacts the Patient and Provider Journey,N,N,N,No,medical billing,8,patient payments,,,,,klarna,sezzle,,,,,,payment solutions,medical billing,,paypal credit,paypal pay in 4,,wells fargo (wfc)
17-04-26,Monte Nido Walden,waldenbehavioralcare.com,Nurse Practitioner,United States,Lifetime of Healthcare Costs in the U.S.,N,N,N,No,paypal pay later,2,,paypal (pypl),,,,,,paypal pay later,,,,,,,,,,,
17-04-26,Monte Nido Walden,waldenbehavioralcare.com,Nurse Practitioner,United States,Recognizing Burnout in Healthcare Staff and Ideas for Addressing It,N,N,N,No,paypal pay later,2,,paypal (pypl),,,,,,paypal pay later,,,,,,,,,,,
17-04-26,Wellspan Health,wellspan.org,Nurse Practitioner,United States,How Cost Impacts the Patient and Provider Journey,N,N,N,No,klarna,11,patient payments,paypal (pypl),,,,klarna,sezzle,,afterpay,affirm,payment plan,,payment solutions,medical billing,Affirm,,paypal pay in 4,,
20-04-26,Campbell County Health,cchwyo.org,Nurse Practitioner,United States,Recognizing Burnout in Healthcare Staff and Ideas for Addressing It,N,N,N,No,,0,,,,,,,,,,,,,,,,,,,
20-04-26,Centromed,centromedsa.com,Nurse Practitioner,United States,Recognizing Burnout in Healthcare Staff and Ideas for Addressing It,N,N,N,No,paypal (pypl),1,,paypal (pypl),,,,,,,,,,,,,,,,,
20-04-26,Columbia Memorial Hospital,columbiamemorial.org,Nurse Practitioner,United States,The Role of Third-Party  Financing in the Health and  Wellness Payment Landscape,N,N,N,No,medical billing,5,patient payments,paypal (pypl),,debt relief,,,,,afterpay,,,,,medical billing,,,,,
20-04-26,Greater Boston Urology,greaterbostonurology.com,Physician Assistant,United States,Lifetime of Healthcare Costs in the U.S.,N,N,N,No,,0,,,,,,,,,,,,,,,,,,,
20-04-26,Greater Boston Urology,greaterbostonurology.com,Nurse Practitioner,United States,The Role of Third-Party  Financing in the Health and  Wellness Payment Landscape,N,N,N,No,,0,,,,,,,,,,,,,,,,,,,
20-04-26,Luminis Health,luminishealth.org,Nurse Practitioner,United States,Lifetime of Healthcare Costs in the U.S.,N,N,N,No,patient payments,3,patient payments,paypal (pypl),,,,,,,,,,,,medical billing,,,,,
20-04-26,Nyu Langone Health,nyulangone.org,Physician Assistant,United States,How Cost Impacts the Patient and Provider Journey,N,N,N,No,medical billing,12,patient payments,paypal (pypl),,,,klarna,sezzle,paypal pay later,afterpay,affirm,,credit Management,,medical billing,Affirm,,paypal pay in 4,,wells fargo (wfc)
20-04-26,Ochsner Lsu Health,ochsnerlsuhs.org,Nurse Practitioner,United States,Recognizing Burnout in Healthcare Staff and Ideas for Addressing It,N,N,N,No,wells fargo (wfc),3,,paypal (pypl),,,,,,paypal pay later,,,,,,,,,,,wells fargo (wfc)
20-04-26,Presbyterian Healthcare Services,phs.org,Nurse Practitioner,United States,How Cost Impacts the Patient and Provider Journey,N,N,N,No,afterpay,9,patient payments,paypal (pypl),laybuy,,,,sezzle,,afterpay,affirm,,,,medical billing,Affirm,,paypal pay in 4,,
20-04-26,Samaritan Health Services,samhealth.org,Nurse Practitioner,United States,The Role of Third-Party  Financing in the Health and  Wellness Payment Landscape,N,N,N,No,patient payments,7,patient payments,paypal (pypl),,,,klarna,,,,,,,payment solutions,medical billing,,,paypal pay in 4,,wells fargo (wfc)
20-04-26,Saint Francis Healthcare System,sfmc.net,Nurse Practitioner,United States,Recognizing Burnout in Healthcare Staff and Ideas for Addressing It,N,N,N,No,paypal credit,6,patient payments,,,debt relief,,,,paypal pay later,afterpay,,,,,,,paypal credit,paypal pay in 4,,
20-04-26,Saint Francis Healthcare System,sfmc.net,Nurse Practitioner,United States,The Role of Third-Party  Financing in the Health and  Wellness Payment Landscape,N,N,N,No,paypal credit,6,patient payments,,,debt relief,,,,paypal pay later,afterpay,,,,,,,paypal credit,paypal pay in 4,,
20-04-26,St. Louis Heart And Vascular,slhv.com,Nurse Practitioner,United States,Recognizing Burnout in Healthcare Staff and Ideas for Addressing It,N,N,N,No,wells fargo (wfc),1,,,,,,,,,,,,,,,,,,,wells fargo (wfc)
20-04-26,St. Louis Heart And Vascular,slhv.com,Nurse Practitioner,United States,Lifetime of Healthcare Costs in the U.S.,N,N,N,No,wells fargo (wfc),1,,,,,,,,,,,,,,,,,,,wells fargo (wfc)
20-04-26,Villagemd,villagemd.com,Nurse Practitioner,United States,Lifetime of Healthcare Costs in the U.S.,N,N,N,No,paypal (pypl),6,patient payments,paypal (pypl),,,,klarna,sezzle,,,,,credit Management,,,,,,,wells fargo (wfc)
20-04-26,White River Health,whiteriverhealth.org,Nurse Practitioner,United States,Recognizing Burnout in Healthcare Staff and Ideas for Addressing It,N,N,N,No,patient payments,1,patient payments,,,,,,,,,,,,,,,,,,
21-04-26,Atlantic Health,atlantichealth.org,Nurse Practitioner,United States,Recognizing Burnout in Healthcare Staff and Ideas for Addressing It,N,N,N,No,paypal pay in 4,9,patient payments,paypal (pypl),,,,,sezzle,paypal pay later,afterpay,,payment plan,,payment solutions,medical billing,,,paypal pay in 4,,
21-04-26,Sentara Health,sentara.com,Physician Assistant,United States,Recognizing Burnout in Healthcare Staff and Ideas for Addressing It,N,N,N,No,sezzle,7,patient payments,paypal (pypl),,,,klarna,sezzle,,afterpay,,,,payment solutions,medical billing,,,,,
21-04-26,Wellspan Health,wellspan.org,Nurse Practitioner,United States,The Role of Third-Party  Financing in the Health and  Wellness Payment Landscape,N,N,N,No,klarna,11,patient payments,paypal (pypl),,,,klarna,sezzle,,afterpay,affirm,payment plan,,payment solutions,medical billing,Affirm,,paypal pay in 4,,
22-04-26,Allergy Partners Pllc,allergypartners.com,Physician Assistant,United States,How Cost Impacts the Patient and Provider Journey,N,N,N,No,klarna,5,patient payments,paypal (pypl),,,,klarna,,paypal pay later,,,payment plan,,,,,,,,
22-04-26,Avance Care,avancecare.com,Physician Assistant,United States,How Cost Impacts the Patient and Provider Journey,N,N,N,No,klarna,1,,,,,,klarna,,,,,,,,,,,,,
22-04-26,Baptist Health System,baptisthealthsystem.com,Chief Executive Officer,United States,How Cost Impacts the Patient and Provider Journey,N,N,N,No,wells fargo (wfc),5,patient payments,paypal (pypl),,,,,,,,,payment plan,credit Management,,,,,,,wells fargo (wfc)
22-04-26,Beacon Specialized Living,beaconspecialized.org,Chief Financial Officer,United States,How Cost Impacts the Patient and Provider Journey,N,N,N,No,patient payments,3,patient payments,,,debt relief,,klarna,,,,,,,,,,,,,
22-04-26,"Behavioral Health Network, Inc (Bhn)",bhninc.org,Chief Financial Officer,United States,The Role of Third-Party  Financing in the Health and  Wellness Payment Landscape,N,N,N,No,patient payments,4,patient payments,,,,,,,paypal pay later,,,payment plan,,,,,,,,wells fargo (wfc)
22-04-26,Campbell County Health,cchwyo.org,Physician Assistant,United States,Recognizing Burnout in Healthcare Staff and Ideas for Addressing It,N,N,N,No,,0,,,,,,,,,,,,,,,,,,,
22-04-26,The Centers For Advanced Orthopaedics,cfaortho.com,Physician Assistant,United States,The Role of Third-Party  Financing in the Health and  Wellness Payment Landscape,N,N,N,No,paypal pay later,3,,,,debt relief,,,,paypal pay later,afterpay,,,,,,,,,,
22-04-26,Chapters Health System,chaptershealth.org,Chief Financial Officer,United States,How Cost Impacts the Patient and Provider Journey,N,N,N,No,paypal pay in 4,7,patient payments,paypal (pypl),,,,klarna,,paypal pay later,,,,,,,,paypal credit,paypal pay in 4,,wells fargo (wfc)
22-04-26,Comforcare,comforcare.com,President,United States,Recognizing Burnout in Healthcare Staff and Ideas for Addressing It,N,N,N,No,afterpay,7,patient payments,paypal (pypl),,,,klarna,,,afterpay,,payment plan,,,,,,paypal pay in 4,,wells fargo (wfc)
22-04-26,"Community Solutions For Children, Families, And Individuals",communitysolutions.org,Chief Financial Officer,United States,Lifetime of Healthcare Costs in the U.S.,N,N,N,No,,0,,,,,,,,,,,,,,,,,,,
22-04-26,Complete Health,completehealth.com,Physician Assistant,United States,How Cost Impacts the Patient and Provider Journey,N,N,N,No,paypal (pypl),2,,paypal (pypl),,,,,,,,,,,,,,,paypal pay in 4,,
22-04-26,Complexcare Solutions,complexcaresolutions.com,Chief Financial Officer,United States,How Cost Impacts the Patient and Provider Journey,N,N,N,No,patient payments,5,patient payments,paypal (pypl),,debt relief,,,,,,,,credit Management,payment solutions,,,,,,
22-04-26,Excelsior Orthopaedics,excelsiorortho.com,Physician Assistant,United States,Recognizing Burnout in Healthcare Staff and Ideas for Addressing It,N,N,N,No,,0,,,,,,,,,,,,,,,,,,,
22-04-26,Excelsior Orthopaedics,excelsiorortho.com,Physician Assistant,United States,The Role of Third-Party  Financing in the Health and  Wellness Payment Landscape,N,N,N,No,,0,,,,,,,,,,,,,,,,,,,
22-04-26,Excelsior Orthopaedics,excelsiorortho.com,Physician Assistant,United States,The Role of Third-Party  Financing in the Health and  Wellness Payment Landscape,N,N,N,No,,0,,,,,,,,,,,,,,,,,,,
22-04-26,Falck,falck.com,"Revenue Cycle Leader (VP, Director, Manager)",United States,How Cost Impacts the Patient and Provider Journey,N,N,N,No,debt relief,4,,paypal (pypl),,debt relief,,,,,,,payment plan,,payment solutions,,,,,,
22-04-26,Fastmed Urgent Care,fastmed.com,Physician Assistant,United States,Recognizing Burnout in Healthcare Staff and Ideas for Addressing It,N,N,N,No,afterpay,2,,paypal (pypl),,,,,,,afterpay,,,,,,,,,,
22-04-26,The Institute For Family Health,institute.org,Chief Financial Officer,United States,Lifetime of Healthcare Costs in the U.S.,N,N,N,No,afterpay,6,patient payments,paypal (pypl),,,,,,,afterpay,affirm,,,,,Affirm,,,,wells fargo (wfc)
22-04-26,"Jefferson Regional, Pine Bluff",jrmc.org,Chief Financial Officer,United States,Lifetime of Healthcare Costs in the U.S.,N,N,N,No,paypal (pypl),2,,paypal (pypl),,,,,,paypal pay later,,,,,,,,,,,
22-04-26,Lane Regional Medical Center,lanermc.org,Physician Assistant,United States,The Role of Third-Party  Financing in the Health and  Wellness Payment Landscape,N,N,N,No,wells fargo (wfc),2,,,,debt relief,,,,,,,,,,,,,,,wells fargo (wfc)
22-04-26,Liberty Regional Medical Center,libertyregional.org,Chief Financial Officer,United States,The Role of Third-Party  Financing in the Health and  Wellness Payment Landscape,N,N,N,No,paypal pay later,4,,paypal (pypl),,debt relief,,klarna,,paypal pay later,,,,,,,,,,,
22-04-26,Lifespring Health Systems,lifespringhealthsystems.org,Chief Executive Officer,United States,Recognizing Burnout in Healthcare Staff and Ideas for Addressing It,N,N,N,No,debt relief,1,,,,debt relief,,,,,,,,,,,,,,,
22-04-26,Lutheran Social Services Of The Southwest,lss-sw.org,Chief Financial Officer,United States,Recognizing Burnout in Healthcare Staff and Ideas for Addressing It,N,N,N,No,paypal (pypl),3,,paypal (pypl),,debt relief,,,,,,,,,,,,,,,wells fargo (wfc)
22-04-26,Mcfarland Clinic,mcfarlandclinic.com,Physician Assistant,United States,The Role of Third-Party  Financing in the Health and  Wellness Payment Landscape,N,N,N,No,payment plan,3,,,,debt relief,,,,paypal pay later,,,payment plan,,,,,,,,
22-04-26,met council,metcouncil.org,Chief Financial Officer,United States,Lifetime of Healthcare Costs in the U.S.,N,N,N,No,patient payments,5,patient payments,paypal (pypl),,,,,,,afterpay,,,,payment solutions,,,,paypal pay in 4,,
22-04-26,Midland Memorial Hospital,midlandhealth.org,Chief Financial Officer,United States,The Role of Third-Party  Financing in the Health and  Wellness Payment Landscape,N,N,N,No,paypal pay later,5,,paypal (pypl),,debt relief,,,,paypal pay later,,,,,,,,,paypal pay in 4,,wells fargo (wfc)
22-04-26,"Naphcare, Inc.",naphcare.com,Chief Financial Officer,United States,Lifetime of Healthcare Costs in the U.S.,N,N,N,No,paypal (pypl),7,,paypal (pypl),,,,klarna,,paypal pay later,afterpay,,payment plan,,,,,,paypal pay in 4,,wells fargo (wfc)
22-04-26,Nationwide Children's Hospital,nationwidechildrens.org,"Financial Leader (VP, Analyst, Counselor)",United States,Lifetime of Healthcare Costs in the U.S.,N,N,N,No,afterpay,9,patient payments,paypal (pypl),,,,klarna,sezzle,,afterpay,,,,payment solutions,medical billing,,paypal credit,paypal pay in 4,,
22-04-26,Nucara Pharmacy,nucara.com,Chief Financial Officer,United States,Lifetime of Healthcare Costs in the U.S.,N,N,N,No,wells fargo (wfc),2,,,,debt relief,,,,,,,,,,,,,,,wells fargo (wfc)
22-04-26,"Oak Street Health, Part Of Cvs Health",oakstreethealth.com,Physician Assistant,United States,Lifetime of Healthcare Costs in the U.S.,N,N,N,No,patient payments,8,patient payments,paypal (pypl),,debt relief,,,,paypal pay later,,,payment plan,credit Management,payment solutions,,,,,,wells fargo (wfc)
22-04-26,Premier Surgical Associates,premiersurgical.com,Physician Assistant,United States,The Role of Third-Party  Financing in the Health and  Wellness Payment Landscape,N,N,N,No,paypal pay later,3,,paypal (pypl),,,,,,paypal pay later,,,,,,,,,,,wells fargo (wfc)
22-04-26,Pressley Ridge,pressleyridge.org,Chief Executive Officer,United States,Recognizing Burnout in Healthcare Staff and Ideas for Addressing It,N,N,N,No,paypal (pypl),5,patient payments,paypal (pypl),,,,,,,,,payment plan,,,,,,paypal pay in 4,,wells fargo (wfc)
22-04-26,Proliance Surgeons,proliancesurgeons.com,Physician Assistant,United States,How Cost Impacts the Patient and Provider Journey,N,N,N,No,patient payments,5,patient payments,paypal (pypl),,,,klarna,,paypal pay later,,,,,,medical billing,,,,,
22-04-26,"Radiology Associates Of North Texas, P.A.",radntx.com,Physician Assistant,United States,How Cost Impacts the Patient and Provider Journey,N,N,N,No,paypal (pypl),4,,paypal (pypl),,,,,,paypal pay later,,,,,,,,,paypal pay in 4,,wells fargo (wfc)
22-04-26,"Radiology Associates Of North Texas, P.A.",radntx.com,Physician Assistant,United States,The Role of Third-Party  Financing in the Health and  Wellness Payment Landscape,N,N,N,No,paypal (pypl),4,,paypal (pypl),,,,,,paypal pay later,,,,,,,,,paypal pay in 4,,wells fargo (wfc)
22-04-26,Schweiger Dermatology Group,schweigerderm.com,Physician Assistant,United States,The Role of Third-Party  Financing in the Health and  Wellness Payment Landscape,N,N,N,No,paypal (pypl),3,,paypal (pypl),,debt relief,,,,,,,,,,,,,paypal pay in 4,,
22-04-26,Schweiger Dermatology Group,schweigerderm.com,Physician Assistant,United States,Lifetime of Healthcare Costs in the U.S.,N,N,N,No,paypal (pypl),3,,paypal (pypl),,debt relief,,,,,,,,,,,,,paypal pay in 4,,
22-04-26,Schweiger Dermatology Group,schweigerderm.com,Physician Assistant,United States,Recognizing Burnout in Healthcare Staff and Ideas for Addressing It,N,N,N,No,paypal (pypl),3,,paypal (pypl),,debt relief,,,,,,,,,,,,,paypal pay in 4,,
22-04-26,Schweiger Dermatology Group,schweigerderm.com,Physician Assistant,United States,How Cost Impacts the Patient and Provider Journey,N,N,N,No,paypal (pypl),3,,paypal (pypl),,debt relief,,,,,,,,,,,,,paypal pay in 4,,
22-04-26,Self Regional Healthcare,selfregional.org,Chief Executive Officer,United States,How Cost Impacts the Patient and Provider Journey,N,N,N,No,afterpay,10,patient payments,paypal (pypl),,debt relief,,klarna,sezzle,,afterpay,,,,payment solutions,medical billing,,,paypal pay in 4,,wells fargo (wfc)
22-04-26,Southeast Georgia Health System,sghs.org,Chief Executive Officer,United States,How Cost Impacts the Patient and Provider Journey,N,N,N,No,klarna,6,patient payments,paypal (pypl),,,,klarna,,paypal pay later,afterpay,,,,,,,,,,wells fargo (wfc)
22-04-26,Sound Family Medicine,soundfamilymedicine.com,Physician Assistant,United States,The Role of Third-Party  Financing in the Health and  Wellness Payment Landscape,N,N,N,No,paypal (pypl),1,,paypal (pypl),,,,,,,,,,,,,,,,,
22-04-26,Team Rehabilitation Physical Therapy,team-rehab.com,Chief Financial Officer,United States,Recognizing Burnout in Healthcare Staff and Ideas for Addressing It,N,N,N,No,patient payments,2,patient payments,,,,,,,,,,,,,,,,,,wells fargo (wfc)
22-04-26,Touching Hearts At Home,touchinghearts.com,Chief Financial Officer,United States,How Cost Impacts the Patient and Provider Journey,N,N,N,No,paypal (pypl),2,patient payments,paypal (pypl),,,,,,,,,,,,,,,,,
22-04-26,Vista Del Mar,vistadelmar.org,Chief Executive Officer,United States,Recognizing Burnout in Healthcare Staff and Ideas for Addressing It,N,N,N,No,paypal (pypl),4,,paypal (pypl),,,,,,paypal pay later,,,,,,,,paypal credit,paypal pay in 4,,
23-04-26,Radnet,radnet.com,"Revenue Cycle Leader (VP, Director, Manager)",United States,The Role of Third-Party  Financing in the Health and  Wellness Payment Landscape,N,N,N,No,afterpay,7,patient payments,paypal (pypl),,,,,,paypal pay later,afterpay,,,,,medical billing,,paypal credit,paypal pay in 4,,
23-04-26,Southcoast Health,southcoast.org,Chief Financial Officer,United States,The Role of Third-Party  Financing in the Health and  Wellness Payment Landscape,N,N,N,No,afterpay,8,patient payments,paypal (pypl),,,,,,,afterpay,,payment plan,credit Management,payment solutions,medical billing,,paypal credit,,,
23-04-26,University Hospitals,uhhospitals.org,President,United States,Lifetime of Healthcare Costs in the U.S.,N,N,N,No,paypal credit,10,patient payments,paypal (pypl),,,,klarna,sezzle,,afterpay,,,,payment solutions,medical billing,,paypal credit,paypal pay in 4,,wells fargo (wfc)
24-04-26,Accesshealth,accesshealthwv.com,Physician Assistant,United States,How Cost Impacts the Patient and Provider Journey,N,N,N,No,wells fargo (wfc),6,patient payments,paypal (pypl),,,,klarna,,,,,,,payment solutions,medical billing,,,,,wells fargo (wfc)
24-04-26,Aegis Living,aegisliving.com,"Financial Leader (VP, Analyst, Counselor)",United States,The Role of Third-Party  Financing in the Health and  Wellness Payment Landscape,N,N,N,No,paypal pay in 4,4,,paypal (pypl),,debt relief,,klarna,,,,,,,,,,,paypal pay in 4,,
24-04-26,Allergy Partners Pllc,allergypartners.com,"Revenue Cycle Leader (VP, Director, Manager)",United States,The Role of Third-Party  Financing in the Health and  Wellness Payment Landscape,N,N,N,No,klarna,5,patient payments,paypal (pypl),,,,klarna,,paypal pay later,,,payment plan,,,,,,,,
24-04-26,Boys Town,boystown.org,"Patient Access Leader (Director, Specialist)",United States,How Cost Impacts the Patient and Provider Journey,N,N,N,No,paypal (pypl),7,patient payments,paypal (pypl),,,,,,,afterpay,,,,payment solutions,medical billing,,,paypal pay in 4,,wells fargo (wfc)
24-04-26,Boys Town,boystown.org,"Financial Leader (VP, Analyst, Counselor)",United States,Recognizing Burnout in Healthcare Staff and Ideas for Addressing It,N,N,N,No,paypal (pypl),7,patient payments,paypal (pypl),,,,,,,afterpay,,,,payment solutions,medical billing,,,paypal pay in 4,,wells fargo (wfc)
24-04-26,Caloptima,caloptima.org,"Financial Leader (VP, Analyst, Counselor)",United States,How Cost Impacts the Patient and Provider Journey,N,N,N,No,patient payments,9,patient payments,paypal (pypl),laybuy,debt relief,,,,paypal pay later,afterpay,,payment plan,,,,,,paypal pay in 4,,wells fargo (wfc)
24-04-26,Caloptima,caloptima.org,"Financial Leader (VP, Analyst, Counselor)",United States,How Cost Impacts the Patient and Provider Journey,N,N,N,No,patient payments,9,patient payments,paypal (pypl),laybuy,debt relief,,,,paypal pay later,afterpay,,payment plan,,,,,,paypal pay in 4,,wells fargo (wfc)
24-04-26,Camarena Health,camarenahealth.org,Physician Assistant,United States,Recognizing Burnout in Healthcare Staff and Ideas for Addressing It,N,N,N,No,paypal (pypl),1,,paypal (pypl),,,,,,,,,,,,,,,,,
24-04-26,Cassena Care,cassenacare.com,"Financial Leader (VP, Analyst, Counselor)",United States,Recognizing Burnout in Healthcare Staff and Ideas for Addressing It,N,N,N,No,paypal (pypl),3,,paypal (pypl),,debt relief,,,,,afterpay,,,,,,,,,,
24-04-26,Chesapeake Regional Healthcare,chesapeakeregional.com,Physician Assistant,United States,The Role of Third-Party  Financing in the Health and  Wellness Payment Landscape,N,N,N,No,paypal (pypl),7,patient payments,paypal (pypl),,,,klarna,,paypal pay later,,,payment plan,,,medical billing,,,paypal pay in 4,,
24-04-26,Choc Children's,choc.org,Physician Assistant,United States,The Role of Third-Party  Financing in the Health and  Wellness Payment Landscape,N,N,N,No,patient payments,9,patient payments,paypal (pypl),,,zippay,klarna,,paypal pay later,,,,credit Management,payment solutions,medical billing,,paypal credit,,,
24-04-26,Cleveland Clinic,clevelandclinic.org,"Financial Leader (VP, Analyst, Counselor)",United States,Lifetime of Healthcare Costs in the U.S.,N,N,N,No,medical billing,4,patient payments,,,,,,sezzle,,afterpay,,,,,medical billing,,,,,
24-04-26,Cornell Scott - Hill Health Center,cornellscott.org,Physician Assistant,United States,How Cost Impacts the Patient and Provider Journey,N,N,N,No,payment plan,2,patient payments,,,,,,,,,,payment plan,,,,,,,,
24-04-26,Columbia Valley Community Health,cvch.org,Physician Assistant,United States,The Role of Third-Party  Financing in the Health and  Wellness Payment Landscape,N,N,N,No,wells fargo (wfc),2,,paypal (pypl),,,,,,,,,,,,,,,,,wells fargo (wfc)
24-04-26,Epoch Senior Living,epochsl.com,"Financial Leader (VP, Analyst, Counselor)",United States,The Role of Third-Party  Financing in the Health and  Wellness Payment Landscape,N,N,N,No,paypal pay later,3,,,,,,,,paypal pay later,,,,,,,,,paypal pay in 4,,wells fargo (wfc)
24-04-26,Excelsior Orthopaedics,excelsiorortho.com,Physician Assistant,United States,Lifetime of Healthcare Costs in the U.S.,N,N,N,No,,0,,,,,,,,,,,,,,,,,,,
24-04-26,Getixhealth,getixhealth.com,"Patient Access Leader (Director, Specialist)",United States,Lifetime of Healthcare Costs in the U.S.,N,N,N,No,klarna,3,,paypal (pypl),,,,klarna,,,,,,,,,,,paypal pay in 4,,
24-04-26,Judson Senior Living,judsonsmartliving.org,"Financial Leader (VP, Analyst, Counselor)",United States,Lifetime of Healthcare Costs in the U.S.,N,N,N,No,medical billing,4,,paypal (pypl),,debt relief,,,,,,,,,,medical billing,,,paypal pay in 4,,
24-04-26,Learn Behavioral,learnbehavioral.com,"Financial Leader (VP, Analyst, Counselor)",United States,How Cost Impacts the Patient and Provider Journey,N,N,N,No,paypal pay in 4,2,,paypal (pypl),,,,,,,,,,,,,,,paypal pay in 4,,
24-04-26,Learn Behavioral,learnbehavioral.com,"Financial Leader (VP, Analyst, Counselor)",United States,How Cost Impacts the Patient and Provider Journey,N,N,N,No,paypal pay in 4,2,,paypal (pypl),,,,,,,,,,,,,,,paypal pay in 4,,
24-04-26,North Mississippi Health Services,nmhs.net,"Patient Access Leader (Director, Specialist)",United States,Lifetime of Healthcare Costs in the U.S.,N,N,N,No,medical billing,5,patient payments,paypal (pypl),,,,klarna,,,,,,,,medical billing,,paypal credit,,,
24-04-26,Self Regional Healthcare,selfregional.org,Physician Assistant,United States,How Cost Impacts the Patient and Provider Journey,N,N,N,No,afterpay,10,patient payments,paypal (pypl),,debt relief,,klarna,sezzle,,afterpay,,,,payment solutions,medical billing,,,paypal pay in 4,,wells fargo (wfc)
24-04-26,Sma Healthcare,smahealthcare.org,"Financial Leader (VP, Analyst, Counselor)",United States,Recognizing Burnout in Healthcare Staff and Ideas for Addressing It,N,N,N,No,paypal (pypl),2,,paypal (pypl),,debt relief,,,,,,,,,,,,,,,
24-04-26,Texas Digestive Disease Consultants,tddctx.com,Physician Assistant,United States,Lifetime of Healthcare Costs in the U.S.,N,N,N,No,debt relief,6,patient payments,paypal (pypl),,debt relief,,,,,,,,,,medical billing,,,paypal pay in 4,,wells fargo (wfc)
24-04-26,Vns Health,vnshealth.org,"Financial Leader (VP, Analyst, Counselor)",United States,Lifetime of Healthcare Costs in the U.S.,N,N,N,No,medical billing,5,patient payments,paypal (pypl),,,,,,,afterpay,,payment plan,,,medical billing,,,,,
24-04-26,Well Care Health,wellcarehealth.com,"Financial Leader (VP, Analyst, Counselor)",United States,Recognizing Burnout in Healthcare Staff and Ideas for Addressing It,N,N,N,No,wells fargo (wfc),2,,,,debt relief,,,,,,,,,,,,,,,wells fargo (wfc)
24-04-26,Woman's Hospital,womans.org,Physician Assistant,United States,Lifetime of Healthcare Costs in the U.S.,N,N,N,No,payment solutions,7,patient payments,,,,,klarna,,,afterpay,,,,payment solutions,medical billing,,,paypal pay in 4,,wells fargo (wfc)
25-04-26,Dch Health System,dchsystem.com,Nurse Practitioner,United States,The Role of Third-Party  Financing in the Health and  Wellness Payment Landscape,N,N,N,No,medical billing,6,patient payments,paypal (pypl),,,,,,paypal pay later,,,,,payment solutions,medical billing,,,,,wells fargo (wfc)
25-04-26,Dch Health System,dchsystem.com,Nurse Practitioner,United States,Lifetime of Healthcare Costs in the U.S.,N,N,N,No,medical billing,6,patient payments,paypal (pypl),,,,,,paypal pay later,,,,,payment solutions,medical billing,,,,,wells fargo (wfc)
25-04-26,Desc (Downtown Emergency Service Center),desc.org,Nurse Practitioner,United States,How Cost Impacts the Patient and Provider Journey,N,N,N,No,payment plan,1,,,,,,,,,,,payment plan,,,,,,,,
27-04-26,Chapters Health System,chaptershealth.org,Patient Access/Engagement,United States,The Role of Third-Party  Financing in the Health and  Wellness Payment Landscape,N,N,N,No,paypal pay in 4,7,patient payments,paypal (pypl),,,,klarna,,paypal pay later,,,,,,,,paypal credit,paypal pay in 4,,wells fargo (wfc)
27-04-26,Guthrie,guthrie.org,Nurse Practitioner,United States,Lifetime of Healthcare Costs in the U.S.,N,N,N,No,paypal (pypl),5,patient payments,paypal (pypl),,,,,,,afterpay,,,,,,,paypal credit,,,wells fargo (wfc)
01-05-26,Crossover Health,crossoverhealth.com,Nurse Practitioner,United States,Recognizing Burnout in Healthcare Staff and Ideas for Addressing It,N,N,N,No,klarna,6,,paypal (pypl),,debt relief,,klarna,,paypal pay later,,,,,,,,,paypal pay in 4,,wells fargo (wfc)
01-05-26,Summit Health,summithealth.com,"Financial Leader (VP, Analyst, Counselor)",United States,How Cost Impacts the Patient and Provider Journey,N,N,N,No,patient payments,7,patient payments,paypal (pypl),,,,klarna,,,afterpay,,payment plan,,payment solutions,,,,paypal pay in 4,,
01-05-26,Tanner Health,tanner.org,Physician Assistant,United States,How Cost Impacts the Patient and Provider Journey,N,N,N,No,paypal (pypl),6,patient payments,paypal (pypl),,,,,,,afterpay,,payment plan,,,medical billing,,,paypal pay in 4,,
02-05-26,Bellin Health,bellin.org,Physician Assistant,United States,Recognizing Burnout in Healthcare Staff and Ideas for Addressing It,N,N,N,No,medical billing,9,patient payments,,,,zippay,,sezzle,paypal pay later,,,payment plan,,payment solutions,medical billing,,paypal credit,paypal pay in 4,,
02-05-26,Boston Medical Center (Bmc),bmc.org,Nurse Practitioner,United States,Lifetime of Healthcare Costs in the U.S.,N,N,N,No,medical billing,10,patient payments,paypal (pypl),,,zippay,,,,afterpay,affirm,payment plan,,payment solutions,medical billing,Affirm,paypal credit,,,
02-05-26,Boston Medical Center (Bmc),bmc.org,Physician Assistant,United States,How Cost Impacts the Patient and Provider Journey,N,N,N,No,medical billing,10,patient payments,paypal (pypl),,,zippay,,,,afterpay,affirm,payment plan,,payment solutions,medical billing,Affirm,paypal credit,,,
02-05-26,Community Health System,communitymedical.org,"Revenue Cycle Leader (VP, Director, Manager)",United States,Recognizing Burnout in Healthcare Staff and Ideas for Addressing It,N,N,N,No,medical billing,7,patient payments,paypal (pypl),,,zippay,klarna,,,afterpay,,,,,medical billing,,paypal credit,,,
02-05-26,Community Health System,communitymedical.org,"Revenue Cycle Leader (VP, Director, Manager)",United States,The Role of Third-Party  Financing in the Health and  Wellness Payment Landscape,N,N,N,No,medical billing,7,patient payments,paypal (pypl),,,zippay,klarna,,,afterpay,,,,,medical billing,,paypal credit,,,
02-05-26,Community Health System,communitymedical.org,Nurse Practitioner,United States,How Cost Impacts the Patient and Provider Journey,N,N,N,No,medical billing,7,patient payments,paypal (pypl),,,zippay,klarna,,,afterpay,,,,,medical billing,,paypal credit,,,
02-05-26,Duly Health And Care,dulyhealthandcare.com,Nurse Practitioner,United States,Recognizing Burnout in Healthcare Staff and Ideas for Addressing It,N,N,N,No,payment solutions,3,,paypal (pypl),,,,,,,,,,,payment solutions,,,,,,wells fargo (wfc)
02-05-26,St Francis Health Care System,stfrancishawaii.org,Nurse Practitioner,United States,Recognizing Burnout in Healthcare Staff and Ideas for Addressing It,N,N,N,No,patient payments,6,patient payments,paypal (pypl),,,,,,paypal pay later,,,payment plan,,,medical billing,,,paypal pay in 4,,
02-05-26,Summit Health,summithealth.com,Physician Assistant,United States,Recognizing Burnout in Healthcare Staff and Ideas for Addressing It,N,N,N,No,patient payments,7,patient payments,paypal (pypl),,,,klarna,,,afterpay,,payment plan,,payment solutions,,,,paypal pay in 4,,
02-05-26,University Hospitals,uhhospitals.org,Physician Assistant,United States,Lifetime of Healthcare Costs in the U.S.,N,N,N,No,paypal credit,10,patient payments,paypal (pypl),,,,klarna,sezzle,,afterpay,,,,payment solutions,medical billing,,paypal credit,paypal pay in 4,,wells fargo (wfc)
05-05-26,"Blue Cross And Blue Shield Of Massachusetts, Inc.",bcbsma.com,"Financial Leader (VP, Analyst, Counselor)",United States,Lifetime of Healthcare Costs in the U.S.,N,N,N,No,medical billing,8,patient payments,paypal (pypl),,debt relief,,,,paypal pay later,afterpay,,,,,medical billing,,,paypal pay in 4,,wells fargo (wfc)
05-05-26,"Blue Cross And Blue Shield Of Massachusetts, Inc.",bcbsma.com,"Financial Leader (VP, Analyst, Counselor)",United States,How Cost Impacts the Patient and Provider Journey,N,N,N,No,medical billing,8,patient payments,paypal (pypl),,debt relief,,,,paypal pay later,afterpay,,,,,medical billing,,,paypal pay in 4,,wells fargo (wfc)
05-05-26,Baltimore Medical System,bmsi.org,Nurse Practitioner,United States,Lifetime of Healthcare Costs in the U.S.,N,N,N,No,paypal pay in 4,1,,,,,,,,,,,,,,,,,paypal pay in 4,,
05-05-26,Baltimore Medical System,bmsi.org,Nurse Practitioner,United States,How Cost Impacts the Patient and Provider Journey,N,N,N,No,paypal pay in 4,1,,,,,,,,,,,,,,,,,paypal pay in 4,,
05-05-26,Baltimore Medical System,bmsi.org,Nurse Practitioner,United States,Lifetime of Healthcare Costs in the U.S.,N,N,N,No,paypal pay in 4,1,,,,,,,,,,,,,,,,,paypal pay in 4,,
05-05-26,Baltimore Medical System,bmsi.org,Nurse Practitioner,United States,Recognizing Burnout in Healthcare Staff and Ideas for Addressing It,N,N,N,No,paypal pay in 4,1,,,,,,,,,,,,,,,,,paypal pay in 4,,
05-05-26,Bon Secours Mercy Health,bsmhealth.org,Nurse Practitioner,United States,Lifetime of Healthcare Costs in the U.S.,N,N,N,No,greensky,3,patient payments,paypal (pypl),,,,,,,,,,,,,,,,greensky,
05-05-26,Coleman Health Services,colemanservices.org,Nurse Practitioner,United States,Recognizing Burnout in Healthcare Staff and Ideas for Addressing It,N,N,N,No,klarna,5,,paypal (pypl),,debt relief,,klarna,,paypal pay later,,,,,,,,,,,wells fargo (wfc)
05-05-26,Community Health System,communitymedical.org,"Revenue Cycle Leader (VP, Director, Manager)",United States,Lifetime of Healthcare Costs in the U.S.,N,N,N,No,medical billing,7,patient payments,paypal (pypl),,,zippay,klarna,,,afterpay,,,,,medical billing,,paypal credit,,,
05-05-26,Complexcare Solutions,complexcaresolutions.com,Nurse Practitioner,United States,Lifetime of Healthcare Costs in the U.S.,N,N,N,No,patient payments,5,patient payments,paypal (pypl),,debt relief,,,,,,,,credit Management,payment solutions,,,,,,
05-05-26,Community Support Services - Summit County,cssbh.org,Nurse Practitioner,United States,How Cost Impacts the Patient and Provider Journey,N,N,N,No,paypal (pypl),2,,paypal (pypl),,debt relief,,,,,,,,,,,,,,,
05-05-26,Community Support Services - Summit County,cssbh.org,Nurse Practitioner,United States,How Cost Impacts the Patient and Provider Journey,N,N,N,No,paypal (pypl),2,,paypal (pypl),,debt relief,,,,,,,,,,,,,,,
05-05-26,Gwinnett Clinic,gwinnettclinic.com,Nurse Practitioner,United States,Recognizing Burnout in Healthcare Staff and Ideas for Addressing It,N,N,N,No,debt relief,3,,paypal (pypl),,debt relief,,,,paypal pay later,,,,,,,,,,,
05-05-26,Holy Cross Health,holycrosshealth.org,Nurse Practitioner,United States,Lifetime of Healthcare Costs in the U.S.,N,N,N,No,paypal (pypl),5,patient payments,paypal (pypl),,,,klarna,,,,,,,,medical billing,,,,,wells fargo (wfc)
05-05-26,Iqvia,iqvia.com,Chief Financial Officer,United States,How Cost Impacts the Patient and Provider Journey,N,N,N,No,patient payments,6,patient payments,,,,,,sezzle,,afterpay,,,,,medical billing,,paypal credit,,,wells fargo (wfc)
05-05-26,Iqvia,iqvia.com,"Financial Leader (VP, Analyst, Counselor)",United States,Lifetime of Healthcare Costs in the U.S.,N,N,N,No,patient payments,6,patient payments,,,,,,sezzle,,afterpay,,,,,medical billing,,paypal credit,,,wells fargo (wfc)
05-05-26,Iqvia,iqvia.com,"Financial Leader (VP, Analyst, Counselor)",United States,How Cost Impacts the Patient and Provider Journey,N,N,N,No,patient payments,6,patient payments,,,,,,sezzle,,afterpay,,,,,medical billing,,paypal credit,,,wells fargo (wfc)
05-05-26,Memorial Health Ohio,memorialohio.com,Nurse Practitioner,United States,How Cost Impacts the Patient and Provider Journey,N,N,N,No,patient payments,4,patient payments,paypal (pypl),,,,,,,,,,,,,,,paypal pay in 4,,wells fargo (wfc)
05-05-26,Memorial Health Ohio,memorialohio.com,Nurse Practitioner,United States,How Cost Impacts the Patient and Provider Journey,N,N,N,No,patient payments,4,patient payments,paypal (pypl),,,,,,,,,,,,,,,paypal pay in 4,,wells fargo (wfc)
05-05-26,"Oak Street Health, Part Of Cvs Health",oakstreethealth.com,Nurse Practitioner,United States,The Role of Third-Party  Financing in the Health and  Wellness Payment Landscape,N,N,N,No,patient payments,8,patient payments,paypal (pypl),,debt relief,,,,paypal pay later,,,payment plan,credit Management,payment solutions,,,,,,wells fargo (wfc)
05-05-26,Palomar Pomerado Lifeline,pph.org,Nurse Practitioner,United States,Recognizing Burnout in Healthcare Staff and Ideas for Addressing It,N,N,N,No,patient payments,2,patient payments,,,,,klarna,,,,,,,,,,,,,
05-05-26,Premier Surgical Associates,premiersurgical.com,Chief Executive Officer,United States,How Cost Impacts the Patient and Provider Journey,N,N,N,No,paypal pay later,3,,paypal (pypl),,,,,,paypal pay later,,,,,,,,,,,wells fargo (wfc)
05-05-26,Texas Digestive Disease Consultants,tddctx.com,Physician Assistant,United States,The Role of Third-Party  Financing in the Health and  Wellness Payment Landscape,N,N,N,No,debt relief,6,patient payments,paypal (pypl),,debt relief,,,,,,,,,,medical billing,,,paypal pay in 4,,wells fargo (wfc)
05-05-26,"Trilogy Health Services, Llc",trilogyhs.com,"Revenue Cycle Leader (VP, Director, Manager)",United States,The Role of Third-Party  Financing in the Health and  Wellness Payment Landscape,N,N,N,No,medical billing,5,,paypal (pypl),,,,klarna,,,afterpay,,,,,medical billing,,,paypal pay in 4,,
05-05-26,University Health Kc,trumed.org,Nurse Practitioner,United States,The Role of Third-Party  Financing in the Health and  Wellness Payment Landscape,N,N,N,No,paypal (pypl),5,patient payments,paypal (pypl),,,,,,,,,payment plan,,,,,,paypal pay in 4,,wells fargo (wfc)
05-05-26,U.S. Renal Care,usrenalcare.com,Nurse Practitioner,United States,Recognizing Burnout in Healthcare Staff and Ideas for Addressing It,N,N,N,No,afterpay,6,,paypal (pypl),,,,klarna,,,afterpay,,payment plan,,,medical billing,,paypal credit,,,
05-05-26,Villagemd,villagemd.com,Chief Financial Officer,United States,How Cost Impacts the Patient and Provider Journey,N,N,N,No,paypal (pypl),6,patient payments,paypal (pypl),,,,klarna,sezzle,,,,,credit Management,,,,,,,wells fargo (wfc)
05-05-26,Whittier Street Health Center,wshc.org,Nurse Practitioner,United States,How Cost Impacts the Patient and Provider Journey,N,N,N,No,debt relief,3,,paypal (pypl),,debt relief,,,,,,,,,,,,,paypal pay in 4,,
06-05-26,Access Telecare,accesstelecare.com,"Revenue Cycle Leader (VP, Director, Manager)",United States,How Cost Impacts the Patient and Provider Journey,N,N,N,No,paypal (pypl),1,,paypal (pypl),,,,,,,,,,,,,,,,,
06-05-26,Adventist Healthcare,adventisthealthcare.com,"Financial Leader (VP, Analyst, Counselor)",United States,Recognizing Burnout in Healthcare Staff and Ideas for Addressing It,N,N,N,No,patient payments,6,patient payments,paypal (pypl),,debt relief,,,,,afterpay,,,,payment solutions,medical billing,,,,,
06-05-26,Allhealth Network,allhealthnetwork.org,Nurse Practitioner,United States,How Cost Impacts the Patient and Provider Journey,N,N,N,No,,0,,,,,,,,,,,,,,,,,,,
06-05-26,Community Healthcare Network,chnnyc.org,Nurse Practitioner,United States,Lifetime of Healthcare Costs in the U.S.,N,N,N,No,patient payments,6,patient payments,paypal (pypl),,debt relief,,,,,,,,,,,,paypal credit,paypal pay in 4,,wells fargo (wfc)
06-05-26,The Cigna Group,cigna.com,Nurse Practitioner,United States,Recognizing Burnout in Healthcare Staff and Ideas for Addressing It,N,N,N,No,patient payments,5,patient payments,paypal (pypl),,,,,sezzle,,,,,,,medical billing,,paypal credit,,,
06-05-26,The Cigna Group,cigna.com,Nurse Practitioner,United States,The Role of Third-Party  Financing in the Health and  Wellness Payment Landscape,N,N,N,No,patient payments,5,patient payments,paypal (pypl),,,,,sezzle,,,,,,,medical billing,,paypal credit,,,
06-05-26,Dent Neurologic Institute,dentinstitute.com,Physician Assistant,United States,Lifetime of Healthcare Costs in the U.S.,N,N,N,No,paypal (pypl),3,,paypal (pypl),,,,,,paypal pay later,,,,,,,,,paypal pay in 4,,
06-05-26,Emcare,emcare.com,Physician Assistant,United States,How Cost Impacts the Patient and Provider Journey,N,N,N,No,paypal (pypl),6,patient payments,paypal (pypl),,,,,,paypal pay later,,,,,payment solutions,medical billing,,paypal credit,,,
06-05-26,"Gaudenzia, Inc.",gaudenzia.org,"Revenue Cycle Leader (VP, Director, Manager)",United States,Lifetime of Healthcare Costs in the U.S.,N,N,N,No,klarna,4,,,,,,klarna,,,,,payment plan,,,medical billing,,,,,wells fargo (wfc)
06-05-26,Genova Diagnostics,gdx.net,Chief Financial Officer,United States,How Cost Impacts the Patient and Provider Journey,N,N,N,No,wells fargo (wfc),6,patient payments,paypal (pypl),,,,,,,,,payment plan,,,medical billing,,,paypal pay in 4,,wells fargo (wfc)
06-05-26,Genesis,genesishcc.com,Nurse Practitioner,United States,The Role of Third-Party  Financing in the Health and  Wellness Payment Landscape,N,N,N,No,medical billing,6,patient payments,,,,,,sezzle,,afterpay,,payment plan,,payment solutions,medical billing,,,,,
06-05-26,Hutchinson Clinic,hutchclinic.com,Nurse Practitioner,United States,Recognizing Burnout in Healthcare Staff and Ideas for Addressing It,N,N,N,No,debt relief,3,patient payments,paypal (pypl),,debt relief,,,,,,,,,,,,,,,
06-05-26,Lake Charles Memorial Health System,lcmh.com,Nurse Practitioner,United States,Recognizing Burnout in Healthcare Staff and Ideas for Addressing It,N,N,N,No,wells fargo (wfc),4,patient payments,paypal (pypl),,debt relief,,,,,,,,,,,,,,,wells fargo (wfc)
06-05-26,Learn Behavioral,learnbehavioral.com,Chief Executive Officer,United States,Lifetime of Healthcare Costs in the U.S.,N,N,N,No,paypal pay in 4,2,,paypal (pypl),,,,,,,,,,,,,,,paypal pay in 4,,
06-05-26,Medspeed,medspeed.com,"Financial Leader (VP, Analyst, Counselor)",United States,The Role of Third-Party  Financing in the Health and  Wellness Payment Landscape,N,N,N,No,paypal (pypl),4,,paypal (pypl),,debt relief,,,sezzle,,,,,,,medical billing,,,,,
06-05-26,Medspeed,medspeed.com,"Financial Leader (VP, Analyst, Counselor)",United States,Recognizing Burnout in Healthcare Staff and Ideas for Addressing It,N,N,N,No,paypal (pypl),4,,paypal (pypl),,debt relief,,,sezzle,,,,,,,medical billing,,,,,
06-05-26,Medstar Health,medstarhealth.org,"Revenue Cycle Leader (VP, Director, Manager)",United States,Recognizing Burnout in Healthcare Staff and Ideas for Addressing It,N,N,N,No,medical billing,10,patient payments,paypal (pypl),,,,,,paypal pay later,afterpay,affirm,,,payment solutions,medical billing,Affirm,paypal credit,,,wells fargo (wfc)
06-05-26,Mile Bluff Medical Center,milebluff.com,Physician Assistant,United States,Recognizing Burnout in Healthcare Staff and Ideas for Addressing It,N,N,N,No,paypal (pypl),3,,paypal (pypl),,,,,,paypal pay later,,,,,,,,,,,wells fargo (wfc)
06-05-26,Nexus Family Healing,nexusfamilyhealing.org,"Financial Leader (VP, Analyst, Counselor)",United States,How Cost Impacts the Patient and Provider Journey,N,N,N,No,wells fargo (wfc),4,patient payments,paypal (pypl),,,,,,,,,,,,medical billing,,,,,wells fargo (wfc)
06-05-26,Northwestern Memorial Hospital,nmh.org,"Patient Access Leader (Director, Specialist)",United States,Lifetime of Healthcare Costs in the U.S.,N,N,N,No,medical billing,6,,paypal (pypl),,debt relief,,,,paypal pay later,afterpay,,payment plan,,,medical billing,,,,,
06-05-26,Quorum Health,quorumhealth.com,"Financial Leader (VP, Analyst, Counselor)",United States,Lifetime of Healthcare Costs in the U.S.,N,N,N,No,paypal (pypl),6,patient payments,paypal (pypl),,,,,,paypal pay later,,,payment plan,,,medical billing,,,,,wells fargo (wfc)
06-05-26,Senior Lifestyle,seniorlifestyle.com,"Financial Leader (VP, Analyst, Counselor)",United States,Recognizing Burnout in Healthcare Staff and Ideas for Addressing It,N,N,N,No,medical billing,8,patient payments,,,,,klarna,,paypal pay later,afterpay,,,,,medical billing,,paypal credit,paypal pay in 4,,wells fargo (wfc)
06-05-26,Senior Lifestyle,seniorlifestyle.com,Chief Financial Officer,United States,Lifetime of Healthcare Costs in the U.S.,N,N,N,No,medical billing,8,patient payments,,,,,klarna,,paypal pay later,afterpay,,,,,medical billing,,paypal credit,paypal pay in 4,,wells fargo (wfc)
06-05-26,Skill Creations Inc.,skillcreations.com,Chief Executive Officer,United States,How Cost Impacts the Patient and Provider Journey,N,N,N,No,debt relief,3,,paypal (pypl),,debt relief,,klarna,,,,,,,,,,,,,
06-05-26,Team Rehabilitation Physical Therapy,team-rehab.com,"Revenue Cycle Leader (VP, Director, Manager)",United States,How Cost Impacts the Patient and Provider Journey,N,N,N,No,patient payments,2,patient payments,,,,,,,,,,,,,,,,,,wells fargo (wfc)
06-05-26,The Texas Heart Institute At Baylor College Of Medicine,texasheart.org,"Financial Leader (VP, Analyst, Counselor)",United States,How Cost Impacts the Patient and Provider Journey,N,N,N,No,wells fargo (wfc),3,,paypal (pypl),,,,,,paypal pay later,,,,,,,,,,,wells fargo (wfc)
06-05-26,Valley Presbyterian Hospital,valleypres.org,Chief Financial Officer,United States,Lifetime of Healthcare Costs in the U.S.,N,N,N,No,patient payments,2,patient payments,,,,,,,,,,,,,,,,paypal pay in 4,,
08-05-26,Alameda Health System,alamedahealthsystem.org,Physician Assistant,United States,Lifetime of Healthcare Costs in the U.S.,N,N,N,No,medical billing,7,patient payments,paypal (pypl),,,,,sezzle,,afterpay,,,,,medical billing,,paypal credit,paypal pay in 4,,
08-05-26,Axia Women's Health,axiawh.com,Nurse Practitioner,United States,Lifetime of Healthcare Costs in the U.S.,N,N,N,No,paypal (pypl),4,patient payments,paypal (pypl),,debt relief,,,,,afterpay,,,,,,,,,,
08-05-26,Christianacare,christianacare.org,Physician Assistant,United States,Lifetime of Healthcare Costs in the U.S.,N,N,N,No,afterpay,9,patient payments,,,debt relief,,,,,afterpay,,payment plan,credit Management,payment solutions,medical billing,,,paypal pay in 4,,wells fargo (wfc)
08-05-26,"Greater Philadelphia Health Action, Inc.",gphainc.org,Nurse Practitioner,United States,Lifetime of Healthcare Costs in the U.S.,N,N,N,No,wells fargo (wfc),2,,,,,,klarna,,,,,,,,,,,,,wells fargo (wfc)
08-05-26,Hear.Com,hear.com,Chief Financial Officer,United States,Lifetime of Healthcare Costs in the U.S.,N,N,N,No,,0,,,,,,,,,,,,,,,,,,,
08-05-26,Homewatch Caregivers,homewatchcaregivers.com,President,United States,How Cost Impacts the Patient and Provider Journey,N,N,N,No,afterpay,6,patient payments,,,,,klarna,,,afterpay,,,,payment solutions,,,,paypal pay in 4,,wells fargo (wfc)
08-05-26,Lake Charles Memorial Health System,lcmh.com,Nurse Practitioner,United States,Lifetime of Healthcare Costs in the U.S.,N,N,N,No,wells fargo (wfc),4,patient payments,paypal (pypl),,debt relief,,,,,,,,,,,,,,,wells fargo (wfc)
08-05-26,Lake Charles Memorial Health System,lcmh.com,Nurse Practitioner,United States,Recognizing Burnout in Healthcare Staff and Ideas for Addressing It,N,N,N,No,wells fargo (wfc),4,patient payments,paypal (pypl),,debt relief,,,,,,,,,,,,,,,wells fargo (wfc)
08-05-26,Learn Behavioral,learnbehavioral.com,President,United States,How Cost Impacts the Patient and Provider Journey,N,N,N,No,paypal pay in 4,2,,paypal (pypl),,,,,,,,,,,,,,,paypal pay in 4,,
08-05-26,Lifespring Health Systems,lifespringhealthsystems.org,Nurse Practitioner,United States,The Role of Third-Party  Financing in the Health and  Wellness Payment Landscape,N,N,N,No,debt relief,1,,,,debt relief,,,,,,,,,,,,,,,
08-05-26,Medspeed,medspeed.com,Chief Financial Officer,United States,The Role of Third-Party  Financing in the Health and  Wellness Payment Landscape,N,N,N,No,paypal (pypl),4,,paypal (pypl),,debt relief,,,sezzle,,,,,,,medical billing,,,,,
08-05-26,Medspeed,medspeed.com,President,United States,Recognizing Burnout in Healthcare Staff and Ideas for Addressing It,N,N,N,No,paypal (pypl),4,,paypal (pypl),,debt relief,,,sezzle,,,,,,,medical billing,,,,,
08-05-26,Midland Memorial Hospital,midlandhealth.org,Nurse Practitioner,United States,The Role of Third-Party  Financing in the Health and  Wellness Payment Landscape,N,N,N,No,paypal pay later,5,,paypal (pypl),,debt relief,,,,paypal pay later,,,,,,,,,paypal pay in 4,,wells fargo (wfc)
08-05-26,Saint Anthony Hospital,sahchicago.org,Chief Financial Officer,United States,Lifetime of Healthcare Costs in the U.S.,N,N,N,No,paypal (pypl),3,,paypal (pypl),,debt relief,,,,,,,,,,medical billing,,,,,
08-05-26,Select Medical Corporation,selectmedicalcorp.com,Nurse Practitioner,United States,Lifetime of Healthcare Costs in the U.S.,N,N,N,No,medical billing,9,patient payments,paypal (pypl),,,zippay,klarna,sezzle,,afterpay,,,,,medical billing,,,paypal pay in 4,,wells fargo (wfc)
08-05-26,The Doctors Clinic,thedoctorsclinic.com,Chief Financial Officer,United States,Recognizing Burnout in Healthcare Staff and Ideas for Addressing It,N,N,N,No,paypal (pypl),4,patient payments,paypal (pypl),,debt relief,,,,,,,,,,,,,paypal pay in 4,,
08-05-26,"Total Health Care, Inc.",totalhealthcare.org,Nurse Practitioner,United States,The Role of Third-Party  Financing in the Health and  Wellness Payment Landscape,N,N,N,No,klarna,3,,paypal (pypl),,,,klarna,,,,,,,,,,,paypal pay in 4,,
08-05-26,Vernon Health,vmh.org,Physician Assistant,United States,Recognizing Burnout in Healthcare Staff and Ideas for Addressing It,N,N,N,No,paypal (pypl),2,,paypal (pypl),,debt relief,,,,,,,,,,,,,,,
11-05-26,Aegis Living,aegisliving.com,President,United States,Lifetime of Healthcare Costs in the U.S.,N,N,N,No,paypal pay in 4,4,,paypal (pypl),,debt relief,,klarna,,,,,,,,,,,paypal pay in 4,,
11-05-26,Ahima,ahima.org,"Revenue Cycle Leader (VP, Director, Manager)",United States,The Role of Third-Party  Financing in the Health and  Wellness Payment Landscape,N,N,N,No,paypal (pypl),5,,paypal (pypl),,,,,,paypal pay later,,,payment plan,,,,,,paypal pay in 4,,wells fargo (wfc)
11-05-26,Allergy Partners Pllc,allergypartners.com,"Financial Leader (VP, Analyst, Counselor)",United States,The Role of Third-Party  Financing in the Health and  Wellness Payment Landscape,N,N,N,No,klarna,5,patient payments,paypal (pypl),,,,klarna,,paypal pay later,,,payment plan,,,,,,,,
11-05-26,Allhealth Network,allhealthnetwork.org,Nurse Practitioner,United States,The Role of Third-Party  Financing in the Health and  Wellness Payment Landscape,N,N,N,No,,0,,,,,,,,,,,,,,,,,,,
11-05-26,Ambulatory Surgery Center Association (Asca),ascassociation.org,Chief Executive Officer,United States,Lifetime of Healthcare Costs in the U.S.,N,N,N,No,klarna,3,,paypal (pypl),,,,klarna,,,,,,,,,,,paypal pay in 4,,
11-05-26,Arkansas Womens Center Pa,baptist-health.org,President,United States,How Cost Impacts the Patient and Provider Journey,N,N,N,No,paypal pay later,11,patient payments,paypal (pypl),,debt relief,,,,paypal pay later,,affirm,payment plan,,payment solutions,medical billing,Affirm,,paypal pay in 4,,wells fargo (wfc)
11-05-26,"Baptist Memorial Hospital-Golden Triangle, Inc.",bmhcc.org,"Financial Leader (VP, Analyst, Counselor)",United States,The Role of Third-Party  Financing in the Health and  Wellness Payment Landscape,N,N,N,No,wells fargo (wfc),7,patient payments,paypal (pypl),laybuy,,,,,paypal pay later,,,payment plan,,,,,,paypal pay in 4,,wells fargo (wfc)
11-05-26,Bradford Health Services,bradfordhealth.com,Chief Financial Officer,United States,How Cost Impacts the Patient and Provider Journey,N,N,N,No,paypal (pypl),2,,paypal (pypl),,debt relief,,,,,,,,,,,,,,,
11-05-26,Caris Healthcare,carishealthcare.com,Chief Financial Officer,United States,Recognizing Burnout in Healthcare Staff and Ideas for Addressing It,N,N,N,No,patient payments,3,patient payments,paypal (pypl),,,,,,,,,,,,,,,paypal pay in 4,,
11-05-26,Cascadia Healthcare,cascadiahc.com,Chief Executive Officer,United States,Lifetime of Healthcare Costs in the U.S.,N,N,N,No,paypal pay later,2,,paypal (pypl),,,,,,paypal pay later,,,,,,,,,,,
11-05-26,Cascadia Healthcare,cascadiahc.com,President,United States,Recognizing Burnout in Healthcare Staff and Ideas for Addressing It,N,N,N,No,paypal pay later,2,,paypal (pypl),,,,,,paypal pay later,,,,,,,,,,,
11-05-26,Cenclear,cenclear.org,Nurse Practitioner,United States,How Cost Impacts the Patient and Provider Journey,N,N,N,No,wells fargo (wfc),6,,paypal (pypl),,debt relief,,,,,,,payment plan,,payment solutions,,,,paypal pay in 4,,wells fargo (wfc)
11-05-26,Child And Family Focus Inc.,childandfamilyfocus.org,Nurse Practitioner,United States,Lifetime of Healthcare Costs in the U.S.,N,N,N,No,klarna,2,,paypal (pypl),,,,klarna,,,,,,,,,,,,,
11-05-26,Complexcare Solutions,complexcaresolutions.com,Nurse Practitioner,United States,How Cost Impacts the Patient and Provider Journey,N,N,N,No,patient payments,5,patient payments,paypal (pypl),,debt relief,,,,,,,,credit Management,payment solutions,,,,,,
11-05-26,Complexcare Solutions,complexcaresolutions.com,Nurse Practitioner,United States,The Role of Third-Party  Financing in the Health and  Wellness Payment Landscape,N,N,N,No,patient payments,5,patient payments,paypal (pypl),,debt relief,,,,,,,,credit Management,payment solutions,,,,,,
11-05-26,Central Peninsula Hospital,cpgh.org,"Revenue Cycle Leader (VP, Director, Manager)",United States,Lifetime of Healthcare Costs in the U.S.,N,N,N,No,paypal pay in 4,2,,paypal (pypl),,,,,,,,,,,,,,,paypal pay in 4,,
11-05-26,Dent Neurologic Institute,dentinstitute.com,Physician Assistant,United States,How Cost Impacts the Patient and Provider Journey,N,N,N,No,paypal (pypl),3,,paypal (pypl),,,,,,paypal pay later,,,,,,,,,paypal pay in 4,,
11-05-26,Erlanger,erlanger.org,"Revenue Cycle Leader (VP, Director, Manager)",United States,The Role of Third-Party  Financing in the Health and  Wellness Payment Landscape,N,N,N,No,afterpay,7,patient payments,paypal (pypl),,,,klarna,,paypal pay later,afterpay,,,,,medical billing,,,paypal pay in 4,,
11-05-26,Finthrive,finthrive.com,"Financial Leader (VP, Analyst, Counselor)",United States,Lifetime of Healthcare Costs in the U.S.,N,N,N,No,debt relief,3,patient payments,,,debt relief,,klarna,,,,,,,,,,,,,
11-05-26,Finthrive,finthrive.com,"Revenue Cycle Leader (VP, Director, Manager)",United States,Recognizing Burnout in Healthcare Staff and Ideas for Addressing It,N,N,N,No,debt relief,3,patient payments,,,debt relief,,klarna,,,,,,,,,,,,,
11-05-26,Hutchinson Clinic,hutchclinic.com,Physician Assistant,United States,Lifetime of Healthcare Costs in the U.S.,N,N,N,No,debt relief,3,patient payments,paypal (pypl),,debt relief,,,,,,,,,,,,,,,
11-05-26,Hutchinson Clinic,hutchclinic.com,Nurse Practitioner,United States,Lifetime of Healthcare Costs in the U.S.,N,N,N,No,debt relief,3,patient payments,paypal (pypl),,debt relief,,,,,,,,,,,,,,,
11-05-26,Inland Imaging,inlandimaging.com,"Financial Leader (VP, Analyst, Counselor)",United States,The Role of Third-Party  Financing in the Health and  Wellness Payment Landscape,N,N,N,No,paypal pay in 4,6,,paypal (pypl),,debt relief,,,,paypal pay later,afterpay,,payment plan,,,,,,paypal pay in 4,,
11-05-26,Iqvia,iqvia.com,"Financial Leader (VP, Analyst, Counselor)",United States,The Role of Third-Party  Financing in the Health and  Wellness Payment Landscape,N,N,N,No,patient payments,6,patient payments,,,,,,sezzle,,afterpay,,,,,medical billing,,paypal credit,,,wells fargo (wfc)
11-05-26,Kuakini Health System,kuakini.org,Chief Financial Officer,United States,The Role of Third-Party  Financing in the Health and  Wellness Payment Landscape,N,N,N,No,paypal (pypl),5,,paypal (pypl),,debt relief,,,,paypal pay later,,,,,,,,,paypal pay in 4,,wells fargo (wfc)
11-05-26,Logixhealth,logixhealth.com,"Financial Leader (VP, Analyst, Counselor)",United States,How Cost Impacts the Patient and Provider Journey,N,N,N,No,paypal (pypl),4,,paypal (pypl),,debt relief,,,,,,,,,,,,paypal credit,,,wells fargo (wfc)
11-05-26,Nexus Family Healing,nexusfamilyhealing.org,Chief Executive Officer,United States,The Role of Third-Party  Financing in the Health and  Wellness Payment Landscape,N,N,N,No,wells fargo (wfc),4,patient payments,paypal (pypl),,,,,,,,,,,,medical billing,,,,,wells fargo (wfc)
11-05-26,Rady Children's Hospital-San Diego,rchsd.org,Physician Assistant,United States,Lifetime of Healthcare Costs in the U.S.,N,N,N,No,patient payments,8,patient payments,paypal (pypl),,,,,,paypal pay later,afterpay,,,,payment solutions,medical billing,,paypal credit,paypal pay in 4,,
11-05-26,Riverside University Health System,ruhealth.org,Physician Assistant,United States,Lifetime of Healthcare Costs in the U.S.,N,N,N,No,paypal pay later,5,,paypal (pypl),,debt relief,,,,paypal pay later,,affirm,,,,,Affirm,,,,
11-05-26,Sparrow Health System,sparrow.org,"Financial Leader (VP, Analyst, Counselor)",United States,Lifetime of Healthcare Costs in the U.S.,N,N,N,No,medical billing,5,patient payments,paypal (pypl),,debt relief,,,,,,,,,,medical billing,,,,,wells fargo (wfc)
11-05-26,Summit Healthcare Regional Medical Center,summithealthcare.net,Nurse Practitioner,United States,Lifetime of Healthcare Costs in the U.S.,N,N,N,No,paypal (pypl),4,patient payments,paypal (pypl),,debt relief,,,,,,,,,,,,,,,wells fargo (wfc)
11-05-26,The Center For Cancer And Blood Disorders,thecentertx.com,"Revenue Cycle Leader (VP, Director, Manager)",United States,How Cost Impacts the Patient and Provider Journey,N,N,N,No,patient payments,4,patient payments,paypal (pypl),,,,,,paypal pay later,,,,,,,,,,,wells fargo (wfc)
11-05-26,The Center For Cancer And Blood Disorders,thecentertx.com,Nurse Practitioner,United States,The Role of Third-Party  Financing in the Health and  Wellness Payment Landscape,N,N,N,No,patient payments,4,patient payments,paypal (pypl),,,,,,paypal pay later,,,,,,,,,,,wells fargo (wfc)
11-05-26,Twin Lakes Community,twinlakescomm.org,President,United States,Recognizing Burnout in Healthcare Staff and Ideas for Addressing It,N,N,N,No,paypal (pypl),4,patient payments,paypal (pypl),,debt relief,,,,,,,,,,,,,paypal pay in 4,,
11-05-26,Uf Health,ufhealth.org,Nurse Practitioner,United States,How Cost Impacts the Patient and Provider Journey,N,N,N,No,sezzle,10,patient payments,paypal (pypl),,,,klarna,sezzle,,afterpay,,payment plan,,payment solutions,medical billing,,paypal credit,,,wells fargo (wfc)
12-05-26,Firstlight Home Care,firstlighthomecare.com,President,United States,How Cost Impacts the Patient and Provider Journey,N,N,N,No,wells fargo (wfc),4,,,,debt relief,,,,,,,payment plan,,,medical billing,,,,,wells fargo (wfc)
12-05-26,"Hcf Management, Inc.",hcfinc.com,President,United States,Recognizing Burnout in Healthcare Staff and Ideas for Addressing It,N,N,N,No,paypal pay later,3,,paypal (pypl),,debt relief,,,,paypal pay later,,,,,,,,,,,
12-05-26,Hillhaven Nursing Home,kindred.com,Chief Executive Officer,United States,How Cost Impacts the Patient and Provider Journey,N,N,N,No,paypal (pypl),7,,paypal (pypl),,debt relief,,klarna,,paypal pay later,afterpay,,payment plan,,,medical billing,,,,,
12-05-26,Hillhaven Nursing Home,kindred.com,Chief Executive Officer,United States,Lifetime of Healthcare Costs in the U.S.,N,N,N,No,paypal (pypl),7,,paypal (pypl),,debt relief,,klarna,,paypal pay later,afterpay,,payment plan,,,medical billing,,,,,
12-05-26,Kintegra Health,kintegra.org,Nurse Practitioner,United States,Recognizing Burnout in Healthcare Staff and Ideas for Addressing It,N,N,N,No,afterpay,3,,,,debt relief,,,,,afterpay,,,,,,,,,,wells fargo (wfc)
12-05-26,Kintegra Health,kintegra.org,Nurse Practitioner,United States,How Cost Impacts the Patient and Provider Journey,N,N,N,No,afterpay,3,,,,debt relief,,,,,afterpay,,,,,,,,,,wells fargo (wfc)
12-05-26,Luminis Health,luminishealth.org,Nurse Practitioner,United States,The Role of Third-Party  Financing in the Health and  Wellness Payment Landscape,N,N,N,No,patient payments,3,patient payments,paypal (pypl),,,,,,,,,,,,medical billing,,,,,
12-05-26,Luminis Health,luminishealth.org,Physician Assistant,United States,The Role of Third-Party  Financing in the Health and  Wellness Payment Landscape,N,N,N,No,patient payments,3,patient payments,paypal (pypl),,,,,,,,,,,,medical billing,,,,,
12-05-26,Pomerene Hospital,pomerenehospital.org,Nurse Practitioner,United States,The Role of Third-Party  Financing in the Health and  Wellness Payment Landscape,N,N,N,No,paypal pay later,1,,,,,,,,paypal pay later,,,,,,,,,,,
12-05-26,St. Mary's Health,st-marys.org,Nurse Practitioner,United States,Recognizing Burnout in Healthcare Staff and Ideas for Addressing It,N,N,N,No,patient payments,8,patient payments,paypal (pypl),,debt relief,,klarna,,paypal pay later,,,payment plan,,,,,,paypal pay in 4,,wells fargo (wfc)
12-05-26,Suburban Hospital,suburbanhospital.org,Nurse Practitioner,United States,The Role of Third-Party  Financing in the Health and  Wellness Payment Landscape,N,N,N,No,paypal (pypl),5,,paypal (pypl),,,,,,paypal pay later,,,,,,,,paypal credit,paypal pay in 4,,wells fargo (wfc)
12-05-26,The Villages of Indiana Inc.,villages.org,Chief Executive Officer,United States,How Cost Impacts the Patient and Provider Journey,N,N,N,No,debt relief,2,patient payments,,,debt relief,,,,,,,,,,,,,,,
12-05-26,Vital Decisions (Now Evolent),vitaldecisions.net,Vice President,United States,How Cost Impacts the Patient and Provider Journey,N,N,N,No,wells fargo (wfc),2,,,,debt relief,,,,,,,,,,,,,,,wells fargo (wfc)
12-05-26,Well Care Health,wellcarehealth.com,"Financial Leader (VP, Analyst, Counselor)",United States,Lifetime of Healthcare Costs in the U.S.,N,N,N,No,wells fargo (wfc),2,,,,debt relief,,,,,,,,,,,,,,,wells fargo (wfc)
15-05-26,Uvm Health - Champlain Valley Physicians Hospital,alicehyde.com,"Financial Leader (VP, Analyst, Counselor)",United States,The Role of Third-Party  Financing in the Health and  Wellness Payment Landscape,N,N,N,No,debt relief,5,,,,debt relief,,,,paypal pay later,,,payment plan,,,medical billing,,,paypal pay in 4,,
15-05-26,The Children's Clinic,childrens-clinic.com,Chief Executive Officer,United States,How Cost Impacts the Patient and Provider Journey,N,N,N,No,,0,,,,,,,,,,,,,,,,,,,
15-05-26,Community Healthcare Network,chnnyc.org,President,United States,How Cost Impacts the Patient and Provider Journey,N,N,N,No,patient payments,6,patient payments,paypal (pypl),,debt relief,,,,,,,,,,,,paypal credit,paypal pay in 4,,wells fargo (wfc)
15-05-26,"Citrus Cardiology Consultants, P.L.L.C.",citruscardiology.org,Nurse Practitioner,United States,The Role of Third-Party  Financing in the Health and  Wellness Payment Landscape,N,N,N,No,debt relief,2,,,,debt relief,,,,,,,,,,,,,paypal pay in 4,,
15-05-26,Coleman Health Services,colemanservices.org,Nurse Practitioner,United States,How Cost Impacts the Patient and Provider Journey,N,N,N,No,klarna,5,,paypal (pypl),,debt relief,,klarna,,paypal pay later,,,,,,,,,,,wells fargo (wfc)
15-05-26,Community Healthcore,communityhealthcore.com,"Financial Leader (VP, Analyst, Counselor)",United States,The Role of Third-Party  Financing in the Health and  Wellness Payment Landscape,N,N,N,No,debt relief,2,,,,debt relief,,,,,,,,,,,,,,,wells fargo (wfc)
15-05-26,Cooper University Health Care,cooperhealth.org,Nurse Practitioner,United States,The Role of Third-Party  Financing in the Health and  Wellness Payment Landscape,N,N,N,No,medical billing,7,patient payments,,,,,,,,afterpay,,payment plan,credit Management,payment solutions,medical billing,,,paypal pay in 4,,
15-05-26,Cooper University Health Care,cooperhealth.org,Nurse Practitioner,United States,How Cost Impacts the Patient and Provider Journey,N,N,N,No,medical billing,7,patient payments,,,,,,,,afterpay,,payment plan,credit Management,payment solutions,medical billing,,,paypal pay in 4,,
15-05-26,Cooper University Health Care,cooperhealth.org,Physician Assistant,United States,The Role of Third-Party  Financing in the Health and  Wellness Payment Landscape,N,N,N,No,medical billing,7,patient payments,,,,,,,,afterpay,,payment plan,credit Management,payment solutions,medical billing,,,paypal pay in 4,,
15-05-26,Cooper University Health Care,cooperhealth.org,Nurse Practitioner,United States,The Role of Third-Party  Financing in the Health and  Wellness Payment Landscape,N,N,N,No,medical billing,7,patient payments,,,,,,,,afterpay,,payment plan,credit Management,payment solutions,medical billing,,,paypal pay in 4,,
15-05-26,Emmaus Homes,emmaushomes.org,President,United States,How Cost Impacts the Patient and Provider Journey,N,N,N,No,paypal (pypl),2,,paypal (pypl),,,,,,,,,,,,,,,paypal pay in 4,,
15-05-26,Northeast Regional Epilepsy Group,epilepsygroup.com,Nurse Practitioner,United States,Recognizing Burnout in Healthcare Staff and Ideas for Addressing It,N,N,N,No,,0,,,,,,,,,,,,,,,,,,,
15-05-26,Ophthalmic Consultants Of Boston,eyeboston.com,"Revenue Cycle Leader (VP, Director, Manager)",United States,How Cost Impacts the Patient and Provider Journey,N,N,N,No,klarna,4,,paypal (pypl),,,,klarna,,,,,payment plan,,,,,,,,wells fargo (wfc)
15-05-26,Georgia Cancer Specialists,gacancer.com,Nurse Practitioner,United States,The Role of Third-Party  Financing in the Health and  Wellness Payment Landscape,N,N,N,No,patient payments,8,patient payments,paypal (pypl),,debt relief,,klarna,,paypal pay later,,,payment plan,,,,,,paypal pay in 4,,wells fargo (wfc)
15-05-26,Georgia Cancer Specialists,gacancer.com,Nurse Practitioner,United States,Lifetime of Healthcare Costs in the U.S.,N,N,N,No,patient payments,8,patient payments,paypal (pypl),,debt relief,,klarna,,paypal pay later,,,payment plan,,,,,,paypal pay in 4,,wells fargo (wfc)
15-05-26,Georgia Cancer Specialists,gacancer.com,Nurse Practitioner,United States,How Cost Impacts the Patient and Provider Journey,N,N,N,No,patient payments,8,patient payments,paypal (pypl),,debt relief,,klarna,,paypal pay later,,,payment plan,,,,,,paypal pay in 4,,wells fargo (wfc)
15-05-26,Hospital For Special Care,hfsc.org,Nurse Practitioner,United States,The Role of Third-Party  Financing in the Health and  Wellness Payment Landscape,N,N,N,No,paypal (pypl),3,,paypal (pypl),,,,klarna,,,,,payment plan,,,,,,,,
15-05-26,Homewatch Caregivers,homewatchcaregivers.com,Chief Executive Officer,United States,Lifetime of Healthcare Costs in the U.S.,N,N,N,No,afterpay,6,patient payments,,,,,klarna,,,afterpay,,,,payment solutions,,,,paypal pay in 4,,wells fargo (wfc)
15-05-26,Hillhaven Nursing Home,kindred.com,Chief Financial Officer,United States,Lifetime of Healthcare Costs in the U.S.,N,N,N,No,paypal (pypl),7,,paypal (pypl),,debt relief,,klarna,,paypal pay later,afterpay,,payment plan,,,medical billing,,,,,
15-05-26,Laseraway,laseraway.com,Nurse Practitioner,United States,How Cost Impacts the Patient and Provider Journey,N,N,N,No,debt relief,2,,paypal (pypl),,debt relief,,,,,,,,,,,,,,,
15-05-26,Laseraway,laseraway.com,Nurse Practitioner,United States,How Cost Impacts the Patient and Provider Journey,N,N,N,No,debt relief,2,,paypal (pypl),,debt relief,,,,,,,,,,,,,,,
15-05-26,Lifepoint Health®,lifepointhealth.net,"Revenue Cycle Leader (VP, Director, Manager)",United States,How Cost Impacts the Patient and Provider Journey,N,N,N,No,medical billing,4,patient payments,paypal (pypl),,,,,,,,,,,,medical billing,,,,,wells fargo (wfc)
15-05-26,Loretto Hospital,lorettohospital.org,"Financial Leader (VP, Analyst, Counselor)",United States,How Cost Impacts the Patient and Provider Journey,N,N,N,No,wells fargo (wfc),3,patient payments,paypal (pypl),,,,,,,,,,,,,,,,,wells fargo (wfc)
15-05-26,Maryland Treatment Centers,marylandtreatment.org,Nurse Practitioner,United States,The Role of Third-Party  Financing in the Health and  Wellness Payment Landscape,N,N,N,No,wells fargo (wfc),1,,,,,,,,,,,,,,,,,,,wells fargo (wfc)
15-05-26,Maxliving,maxliving.com,Chief Executive Officer,United States,The Role of Third-Party  Financing in the Health and  Wellness Payment Landscape,N,N,N,No,,0,,,,,,,,,,,,,,,,,,,
15-05-26,"Naphcare, Inc.",naphcare.com,Nurse Practitioner,United States,The Role of Third-Party  Financing in the Health and  Wellness Payment Landscape,N,N,N,No,paypal (pypl),7,,paypal (pypl),,,,klarna,,paypal pay later,afterpay,,payment plan,,,,,,paypal pay in 4,,wells fargo (wfc)
15-05-26,Northfield Hospital + Clinics,northfieldhospital.org,President,United States,The Role of Third-Party  Financing in the Health and  Wellness Payment Landscape,N,N,N,No,paypal pay in 4,6,patient payments,paypal (pypl),,,,klarna,,paypal pay later,,,payment plan,,,,,,paypal pay in 4,,
15-05-26,Panoramic Health,panoramichealth.com,Nurse Practitioner,United States,How Cost Impacts the Patient and Provider Journey,N,N,N,No,debt relief,1,,,,debt relief,,,,,,,,,,,,,,,
15-05-26,Panoramic Health,panoramichealth.com,"Revenue Cycle Leader (VP, Director, Manager)",United States,Recognizing Burnout in Healthcare Staff and Ideas for Addressing It,N,N,N,No,debt relief,1,,,,debt relief,,,,,,,,,,,,,,,
15-05-26,Proscan Imaging,proscan.com,Chief Financial Officer,United States,How Cost Impacts the Patient and Provider Journey,N,N,N,No,patient payments,3,patient payments,,,debt relief,,,,,,,,,,,,,paypal pay in 4,,
15-05-26,Proscan Imaging,proscan.com,Physician Assistant,United States,The Role of Third-Party  Financing in the Health and  Wellness Payment Landscape,N,N,N,No,patient payments,3,patient payments,,,debt relief,,,,,,,,,,,,,paypal pay in 4,,
15-05-26,R1 Rcm,r1rcm.com,"Revenue Cycle Leader (VP, Director, Manager)",United States,How Cost Impacts the Patient and Provider Journey,N,N,N,No,medical billing,5,,paypal (pypl),,,,klarna,,,,,,,,medical billing,,paypal credit,paypal pay in 4,,
15-05-26,Reliant Rehabilitation,reliant-rehab.com,"Financial Leader (VP, Analyst, Counselor)",United States,Lifetime of Healthcare Costs in the U.S.,N,N,N,No,paypal (pypl),8,patient payments,paypal (pypl),,,,klarna,sezzle,paypal pay later,,,,credit Management,,,,,paypal pay in 4,,wells fargo (wfc)
15-05-26,Sgmc Health,sgmc.org,Nurse Practitioner,United States,How Cost Impacts the Patient and Provider Journey,N,N,N,No,medical billing,8,patient payments,paypal (pypl),,,,klarna,,paypal pay later,,,payment plan,,,medical billing,,,paypal pay in 4,,wells fargo (wfc)
15-05-26,Center For Sports Medicine & Orthopaedics,sportmed.com,Physician Assistant,United States,Recognizing Burnout in Healthcare Staff and Ideas for Addressing It,N,N,N,No,,0,,,,,,,,,,,,,,,,,,,
15-05-26,Center For Sports Medicine & Orthopaedics,sportmed.com,Physician Assistant,United States,The Role of Third-Party  Financing in the Health and  Wellness Payment Landscape,N,N,N,No,,0,,,,,,,,,,,,,,,,,,,
15-05-26,Summit Orthopedics,summitortho.com,Physician Assistant,United States,Recognizing Burnout in Healthcare Staff and Ideas for Addressing It,N,N,N,No,afterpay,4,patient payments,paypal (pypl),,debt relief,,,,,afterpay,,,,,,,,,,
15-05-26,Monte Nido Walden,waldenbehavioralcare.com,Nurse Practitioner,United States,How Cost Impacts the Patient and Provider Journey,N,N,N,No,paypal pay later,2,,paypal (pypl),,,,,,paypal pay later,,,,,,,,,,,
16-05-26,Afc Urgent Care,afcurgentcare.com,Physician Assistant,United States,The Role of Third-Party  Financing in the Health and  Wellness Payment Landscape,N,N,N,No,payment plan,2,,,,,,,,,,,payment plan,,payment solutions,,,,,,
16-05-26,Alameda Health System,alamedahealthsystem.org,Physician Assistant,United States,Lifetime of Healthcare Costs in the U.S.,N,N,N,No,medical billing,7,patient payments,paypal (pypl),,,,,sezzle,,afterpay,,,,,medical billing,,paypal credit,paypal pay in 4,,
16-05-26,Centromed,centromedsa.com,Nurse Practitioner,United States,How Cost Impacts the Patient and Provider Journey,N,N,N,No,paypal (pypl),1,,paypal (pypl),,,,,,,,,,,,,,,,,
16-05-26,Eisenhower Health,eisenhowerhealth.org,Physician Assistant,United States,Lifetime of Healthcare Costs in the U.S.,N,N,N,No,medical billing,4,patient payments,paypal (pypl),,,,klarna,,,,,,,,medical billing,,,,,
16-05-26,Ent And Allergy Associates,entandallergy.com,Chief Executive Officer,United States,The Role of Third-Party  Financing in the Health and  Wellness Payment Landscape,N,N,N,No,patient payments,4,patient payments,,,debt relief,,,,,,,payment plan,,,,,,,,wells fargo (wfc)
16-05-26,Georgia Cancer Specialists,gacancer.com,"Financial Leader (VP, Analyst, Counselor)",United States,The Role of Third-Party  Financing in the Health and  Wellness Payment Landscape,N,N,N,No,patient payments,8,patient payments,paypal (pypl),,debt relief,,klarna,,paypal pay later,,,payment plan,,,,,,paypal pay in 4,,wells fargo (wfc)
16-05-26,Generations Family Health Center,genhealth.org,Chief Executive Officer,United States,Lifetime of Healthcare Costs in the U.S.,N,N,N,No,debt relief,1,,,,debt relief,,,,,,,,,,,,,,,
16-05-26,Henry Mayo Newhall Hospital,henrymayo.com,"Financial Leader (VP, Analyst, Counselor)",United States,The Role of Third-Party  Financing in the Health and  Wellness Payment Landscape,N,N,N,No,patient payments,11,patient payments,paypal (pypl),,debt relief,,klarna,,paypal pay later,afterpay,,payment plan,,payment solutions,medical billing,,,paypal pay in 4,,wells fargo (wfc)
16-05-26,Lane Regional Medical Center,lanermc.org,Chief Financial Officer,United States,Recognizing Burnout in Healthcare Staff and Ideas for Addressing It,N,N,N,No,wells fargo (wfc),2,,,,debt relief,,,,,,,,,,,,,,,wells fargo (wfc)
16-05-26,Laseraway,laseraway.com,Nurse Practitioner,United States,Recognizing Burnout in Healthcare Staff and Ideas for Addressing It,N,N,N,No,debt relief,2,,paypal (pypl),,debt relief,,,,,,,,,,,,,,,
16-05-26,Loretto Hospital,lorettohospital.org,"Financial Leader (VP, Analyst, Counselor)",United States,Recognizing Burnout in Healthcare Staff and Ideas for Addressing It,N,N,N,No,wells fargo (wfc),3,patient payments,paypal (pypl),,,,,,,,,,,,,,,,,wells fargo (wfc)
16-05-26,Marathon Health,marathon-health.com,"Financial Leader (VP, Analyst, Counselor)",United States,How Cost Impacts the Patient and Provider Journey,N,N,N,No,debt relief,1,,,,debt relief,,,,,,,,,,,,,,,
16-05-26,Medi-Weightloss®,mediweightloss.com,Chief Financial Officer,United States,How Cost Impacts the Patient and Provider Journey,N,N,N,No,klarna,1,,,,,,klarna,,,,,,,,,,,,,
16-05-26,Medi-Weightloss®,mediweightloss.com,Chief Executive Officer,United States,How Cost Impacts the Patient and Provider Journey,N,N,N,No,klarna,1,,,,,,klarna,,,,,,,,,,,,,
16-05-26,North Oaks Health System,northoaks.org,Nurse Practitioner,United States,Lifetime of Healthcare Costs in the U.S.,N,N,N,No,debt relief,8,patient payments,paypal (pypl),,debt relief,,klarna,,paypal pay later,,,payment plan,,,,,,paypal pay in 4,,wells fargo (wfc)
16-05-26,Neumann Jane L Md,phci.org,Nurse Practitioner,United States,How Cost Impacts the Patient and Provider Journey,N,N,N,No,wells fargo (wfc),1,,,,,,,,,,,,,,,,,,,wells fargo (wfc)
16-05-26,Philips,philips.com,Chief Financial Officer,United States,The Role of Third-Party  Financing in the Health and  Wellness Payment Landscape,N,N,N,No,paypal pay in 4,6,patient payments,paypal (pypl),,,,,,,afterpay,,payment plan,,,medical billing,,,paypal pay in 4,,
16-05-26,Philips,philips.com,Chief Financial Officer,United States,The Role of Third-Party  Financing in the Health and  Wellness Payment Landscape,N,N,N,No,paypal pay in 4,6,patient payments,paypal (pypl),,,,,,,afterpay,,payment plan,,,medical billing,,,paypal pay in 4,,
16-05-26,Summit Orthopedics,summitortho.com,Physician Assistant,United States,Lifetime of Healthcare Costs in the U.S.,N,N,N,No,afterpay,4,patient payments,paypal (pypl),,debt relief,,,,,afterpay,,,,,,,,,,
16-05-26,Summit Orthopedics,summitortho.com,Physician Assistant,United States,How Cost Impacts the Patient and Provider Journey,N,N,N,No,afterpay,4,patient payments,paypal (pypl),,debt relief,,,,,afterpay,,,,,,,,,,
16-05-26,Summit Orthopedics,summitortho.com,Physician Assistant,United States,Recognizing Burnout in Healthcare Staff and Ideas for Addressing It,N,N,N,No,afterpay,4,patient payments,paypal (pypl),,debt relief,,,,,afterpay,,,,,,,,,,
16-05-26,Texas Digestive Disease Consultants,tddctx.com,Nurse Practitioner,United States,How Cost Impacts the Patient and Provider Journey,N,N,N,No,debt relief,6,patient payments,paypal (pypl),,debt relief,,,,,,,,,,medical billing,,,paypal pay in 4,,wells fargo (wfc)
16-05-26,Texas Digestive Disease Consultants,tddctx.com,Nurse Practitioner,United States,Recognizing Burnout in Healthcare Staff and Ideas for Addressing It,N,N,N,No,debt relief,6,patient payments,paypal (pypl),,debt relief,,,,,,,,,,medical billing,,,paypal pay in 4,,wells fargo (wfc)
18-05-26,Villagemd,villagemd.com,Physician Assistant,United States,The Role of Third-Party  Financing in the Health and  Wellness Payment Landscape,N,N,N,No,paypal (pypl),6,patient payments,paypal (pypl),,,,klarna,sezzle,,,,,credit Management,,,,,,,wells fargo (wfc)
18-05-26,Vns Health,vnshealth.org,"Financial Leader (VP, Analyst, Counselor)",United States,How Cost Impacts the Patient and Provider Journey,N,N,N,No,medical billing,5,patient payments,paypal (pypl),,,,,,,afterpay,,payment plan,,,medical billing,,,,,
19-05-26,"Greater Philadelphia Health Action, Inc.",gphainc.org,Nurse Practitioner,United States,The Role of Third-Party  Financing in the Health and  Wellness Payment Landscape,N,N,N,No,wells fargo (wfc),2,,,,,,klarna,,,,,,,,,,,,,wells fargo (wfc)
19-05-26,Ozarks Community Hospital (Och),ochonline.com,Nurse Practitioner,United States,Recognizing Burnout in Healthcare Staff and Ideas for Addressing It,N,N,N,No,debt relief,3,patient payments,,,debt relief,,,,,,,payment plan,,,,,,,,
22-05-26,Aoa Orthopedic Specialists,arlingtonortho.com,Physician Assistant,United States,Recognizing Burnout in Healthcare Staff and Ideas for Addressing It,N,N,N,No,paypal (pypl),3,,paypal (pypl),,,,klarna,,,,,,,,,,,paypal pay in 4,,
22-05-26,Bert Nash Community Mental Health Center,bertnash.org,Chief Executive Officer,United States,The Role of Third-Party  Financing in the Health and  Wellness Payment Landscape,N,N,N,No,,0,,,,,,,,,,,,,,,,,,,
22-05-26,Chapters Health System,chaptershealth.org,"Financial Leader (VP, Analyst, Counselor)",United States,Lifetime of Healthcare Costs in the U.S.,N,N,N,No,paypal pay in 4,7,patient payments,paypal (pypl),,,,klarna,,paypal pay later,,,,,,,,paypal credit,paypal pay in 4,,wells fargo (wfc)
22-05-26,Doorways,doorwaysva.org,Chief Executive Officer,United States,How Cost Impacts the Patient and Provider Journey,N,N,N,No,paypal (pypl),1,,paypal (pypl),,,,,,,,,,,,,,,,,
22-05-26,Exodus Refugee Immigration,exodusrefugee.org,Chief Executive Officer,United States,Lifetime of Healthcare Costs in the U.S.,N,N,N,No,debt relief,1,,,,debt relief,,,,,,,,,,,,,,,
22-05-26,Hopebridge,hopebridge.com,Chief Executive Officer,United States,Lifetime of Healthcare Costs in the U.S.,N,N,N,No,paypal pay in 4,2,,,,,,,,,,,,,,,,,paypal pay in 4,,wells fargo (wfc)
22-05-26,Liberty Regional Medical Center,libertyregional.org,Chief Executive Officer,United States,Lifetime of Healthcare Costs in the U.S.,N,N,N,No,paypal pay later,4,,paypal (pypl),,debt relief,,klarna,,paypal pay later,,,,,,,,,,,
22-05-26,Mountain Area Health Education Center - Mahec,mahec.net,Nurse Practitioner,United States,Recognizing Burnout in Healthcare Staff and Ideas for Addressing It,N,N,N,No,patient payments,5,patient payments,paypal (pypl),,,,klarna,,,,,payment plan,,,,,,paypal pay in 4,,
22-05-26,Morris Heights Health Center,mhhc.org,Nurse Practitioner,United States,Recognizing Burnout in Healthcare Staff and Ideas for Addressing It,N,N,N,No,wells fargo (wfc),6,patient payments,,,,,,,paypal pay later,,,,,payment solutions,,,paypal credit,paypal pay in 4,,wells fargo (wfc)
22-05-26,Panoramic Health,panoramichealth.com,"Revenue Cycle Leader (VP, Director, Manager)",United States,Lifetime of Healthcare Costs in the U.S.,N,N,N,No,debt relief,1,,,,debt relief,,,,,,,,,,,,,,,
22-05-26,Neumann Jane L Md,phci.org,Nurse Practitioner,United States,How Cost Impacts the Patient and Provider Journey,N,N,N,No,wells fargo (wfc),1,,,,,,,,,,,,,,,,,,,wells fargo (wfc)
22-05-26,Senior Helpers,seniorhelpers.com,President,United States,The Role of Third-Party  Financing in the Health and  Wellness Payment Landscape,N,N,N,No,medical billing,8,,,,,,,,,afterpay,affirm,payment plan,,payment solutions,medical billing,Affirm,paypal credit,,,wells fargo (wfc)
22-05-26,Senior Helpers,seniorhelpers.com,President,United States,Recognizing Burnout in Healthcare Staff and Ideas for Addressing It,N,N,N,No,medical billing,8,,,,,,,,,afterpay,affirm,payment plan,,payment solutions,medical billing,Affirm,paypal credit,,,wells fargo (wfc)
22-05-26,Southlight Healthcare,southlight.org,Chief Executive Officer,United States,Recognizing Burnout in Healthcare Staff and Ideas for Addressing It,N,N,N,No,,0,,,,,,,,,,,,,,,,,,,
22-05-26,Teamhealth,teamhealth.com,President,United States,Lifetime of Healthcare Costs in the U.S.,N,N,N,No,afterpay,8,patient payments,paypal (pypl),,,,klarna,,,afterpay,,payment plan,,,medical billing,,paypal credit,,,wells fargo (wfc)
22-05-26,Touching Hearts At Home,touchinghearts.com,President,United States,Recognizing Burnout in Healthcare Staff and Ideas for Addressing It,N,N,N,No,paypal (pypl),2,patient payments,paypal (pypl),,,,,,,,,,,,,,,,,
22-05-26,"Trilogy Health Services, Llc",trilogyhs.com,Chief Financial Officer,United States,The Role of Third-Party  Financing in the Health and  Wellness Payment Landscape,N,N,N,No,medical billing,5,,paypal (pypl),,,,klarna,,,afterpay,,,,,medical billing,,,paypal pay in 4,,
22-05-26,Tulsa Health Department,tulsa-health.org,Nurse Practitioner,United States,Recognizing Burnout in Healthcare Staff and Ideas for Addressing It,N,N,N,No,debt relief,1,,,,debt relief,,,,,,,,,,,,,,,
22-05-26,"Viaquest, Inc.",viaquestinc.com,Chief Financial Officer,United States,The Role of Third-Party  Financing in the Health and  Wellness Payment Landscape,N,N,N,No,paypal pay later,1,,,,,,,,paypal pay later,,,,,,,,,,,
25-05-26,"Franciscan Alliance, Inc.",franciscanalliance.org,Nurse Practitioner,United States,Recognizing Burnout in Healthcare Staff and Ideas for Addressing It,N,N,N,No,medical billing,10,patient payments,paypal (pypl),laybuy,,zippay,klarna,,,afterpay,,,,payment solutions,medical billing,,,paypal pay in 4,,wells fargo (wfc)
25-05-26,Orlando Health,orlandohealth.com,"Financial Leader (VP, Analyst, Counselor)",United States,The Role of Third-Party  Financing in the Health and  Wellness Payment Landscape,N,N,N,No,afterpay,11,patient payments,paypal (pypl),,,zippay,,sezzle,paypal pay later,afterpay,,,credit Management,payment solutions,medical billing,,paypal credit,paypal pay in 4,,
25-05-26,Orlando Health,orlandohealth.com,Physician Assistant,United States,How Cost Impacts the Patient and Provider Journey,N,N,N,No,afterpay,11,patient payments,paypal (pypl),,,zippay,,sezzle,paypal pay later,afterpay,,,credit Management,payment solutions,medical billing,,paypal credit,paypal pay in 4,,
25-05-26,Uvm Health - Uvm Medical Center,uvmhealth.org,Physician Assistant,United States,How Cost Impacts the Patient and Provider Journey,N,N,N,No,patient payments,5,patient payments,,,,,klarna,,,afterpay,,,,payment solutions,,,,,,wells fargo (wfc)
26-05-26,Crossover Health,crossoverhealth.com,Nurse Practitioner,United States,Recognizing Burnout in Healthcare Staff and Ideas for Addressing It,N,N,N,Yes,klarna,6,,paypal (pypl),,debt relief,,klarna,,paypal pay later,,,,,,,,,paypal pay in 4,,wells fargo (wfc)
26-05-26,Summit Health,summithealth.com,"Financial Leader (VP, Analyst, Counselor)",United States,How Cost Impacts the Patient and Provider Journey,N,N,N,Yes,patient payments,7,patient payments,paypal (pypl),,,,klarna,,,afterpay,,payment plan,,payment solutions,,,,paypal pay in 4,,
26-05-26,Tanner Health,tanner.org,Physician Assistant,United States,How Cost Impacts the Patient and Provider Journey,N,N,N,Yes,paypal (pypl),6,patient payments,paypal (pypl),,,,,,,afterpay,,payment plan,,,medical billing,,,paypal pay in 4,,
27-05-26,Ablelight,ablelight.org,Chief Executive Officer,United States,The Role of Third-Party  Financing in the Health and  Wellness Payment Landscape,N,N,N,No,wells fargo (wfc),2,,,,,,klarna,,,,,,,,,,,,,wells fargo (wfc)
27-05-26,Archbold,archbold.org,Chief Financial Officer,United States,Recognizing Burnout in Healthcare Staff and Ideas for Addressing It,N,N,N,No,paypal (pypl),5,patient payments,paypal (pypl),,debt relief,,,,paypal pay later,,,,,,,,,,,wells fargo (wfc)
27-05-26,"Assisting Hands Home Care, Llc",assistinghands.com,Chief Executive Officer,United States,How Cost Impacts the Patient and Provider Journey,N,N,N,No,paypal (pypl),4,patient payments,paypal (pypl),,,,klarna,,,afterpay,,,,,,,,,,
27-05-26,Beloit Memorial Hospital,beloitmemorialhospital.org,Physician Assistant,United States,How Cost Impacts the Patient and Provider Journey,N,N,N,No,patient payments,6,patient payments,paypal (pypl),,debt relief,,klarna,,,,,payment plan,,,,,,paypal pay in 4,,
27-05-26,Beloit Memorial Hospital,beloitmemorialhospital.org,Physician Assistant,United States,Lifetime of Healthcare Costs in the U.S.,N,N,N,No,patient payments,6,patient payments,paypal (pypl),,debt relief,,klarna,,,,,payment plan,,,,,,paypal pay in 4,,
27-05-26,Buffalo Medical Group,buffalomedicalgroup.com,Physician Assistant,United States,The Role of Third-Party  Financing in the Health and  Wellness Payment Landscape,N,N,N,No,medical billing,6,,paypal (pypl),,,,klarna,,,,,payment plan,,payment solutions,medical billing,,,,,wells fargo (wfc)
27-05-26,Cano Health,canohealth.com,"Financial Leader (VP, Analyst, Counselor)",United States,The Role of Third-Party  Financing in the Health and  Wellness Payment Landscape,N,N,N,No,paypal (pypl),2,,paypal (pypl),,,,,,,,,,,,,,,,,wells fargo (wfc)
27-05-26,The Children's Clinic,childrens-clinic.com,"Patient Access Leader (Director, Specialist)",United States,The Role of Third-Party  Financing in the Health and  Wellness Payment Landscape,N,N,N,No,,0,,,,,,,,,,,,,,,,,,,
27-05-26,BONE & JOINT CLINIC,covhlth.com,Nurse Practitioner,United States,Recognizing Burnout in Healthcare Staff and Ideas for Addressing It,N,N,N,No,patient payments,4,patient payments,,,debt relief,,,,paypal pay later,,,,,,,,,,,wells fargo (wfc)
27-05-26,Craig Hospital,craighospital.org,President,United States,The Role of Third-Party  Financing in the Health and  Wellness Payment Landscape,N,N,N,No,patient payments,4,patient payments,paypal (pypl),,debt relief,,klarna,,,,,,,,,,,,,
27-05-26,Crossover Health,crossoverhealth.com,Nurse Practitioner,United States,Lifetime of Healthcare Costs in the U.S.,N,N,N,No,klarna,6,,paypal (pypl),,debt relief,,klarna,,paypal pay later,,,,,,,,,paypal pay in 4,,wells fargo (wfc)
27-05-26,Firefly Children & Family Alliance,fireflyin.org,President,United States,How Cost Impacts the Patient and Provider Journey,N,N,N,No,debt relief,1,,,,debt relief,,,,,,,,,,,,,,,
27-05-26,Generations Family Health Center,genhealth.org,Nurse Practitioner,United States,The Role of Third-Party  Financing in the Health and  Wellness Payment Landscape,N,N,N,No,debt relief,1,,,,debt relief,,,,,,,,,,,,,,,
27-05-26,Great Plains Health,gphealth.org,Physician Assistant,United States,Lifetime of Healthcare Costs in the U.S.,N,N,N,No,patient payments,4,patient payments,paypal (pypl),,debt relief,,,,,,,,,,,,,paypal pay in 4,,
27-05-26,Included Health,includedhealth.com,Nurse Practitioner,United States,How Cost Impacts the Patient and Provider Journey,N,N,N,No,wells fargo (wfc),6,patient payments,,,,,klarna,,paypal pay later,,,payment plan,,,medical billing,,,,,wells fargo (wfc)
27-05-26,Included Health,includedhealth.com,Physician Assistant,United States,How Cost Impacts the Patient and Provider Journey,N,N,N,No,wells fargo (wfc),6,patient payments,,,,,klarna,,paypal pay later,,,payment plan,,,medical billing,,,,,wells fargo (wfc)
27-05-26,Included Health,includedhealth.com,Nurse Practitioner,United States,How Cost Impacts the Patient and Provider Journey,N,N,N,No,wells fargo (wfc),6,patient payments,,,,,klarna,,paypal pay later,,,payment plan,,,medical billing,,,,,wells fargo (wfc)
27-05-26,Included Health,includedhealth.com,Physician Assistant,United States,Lifetime of Healthcare Costs in the U.S.,N,N,N,No,wells fargo (wfc),6,patient payments,,,,,klarna,,paypal pay later,,,payment plan,,,medical billing,,,,,wells fargo (wfc)
27-05-26,Innovage,innovage.com,Nurse Practitioner,United States,Recognizing Burnout in Healthcare Staff and Ideas for Addressing It,N,N,N,No,debt relief,2,,,,debt relief,,,,paypal pay later,,,,,,,,,,,
27-05-26,Innovage,innovage.com,Chief Financial Officer,United States,Recognizing Burnout in Healthcare Staff and Ideas for Addressing It,N,N,N,No,debt relief,2,,,,debt relief,,,,paypal pay later,,,,,,,,,,,
27-05-26,Innovage,innovage.com,Nurse Practitioner,United States,Lifetime of Healthcare Costs in the U.S.,N,N,N,No,debt relief,2,,,,debt relief,,,,paypal pay later,,,,,,,,,,,
27-05-26,Methodist Hospitals,methodisthospitals.org,"Financial Leader (VP, Analyst, Counselor)",United States,The Role of Third-Party  Financing in the Health and  Wellness Payment Landscape,N,N,N,No,patient payments,6,patient payments,,,debt relief,,,,,afterpay,,payment plan,,,medical billing,,paypal credit,,,
27-05-26,North Carolina Nephrology Pa,ncnephrology.com,Physician Assistant,United States,Lifetime of Healthcare Costs in the U.S.,N,N,N,No,,0,,,,,,,,,,,,,,,,,,,
27-05-26,North Carolina Nephrology Pa,ncnephrology.com,Physician Assistant,United States,Lifetime of Healthcare Costs in the U.S.,N,N,N,No,,0,,,,,,,,,,,,,,,,,,,
27-05-26,"Nevada Donor Network, Inc.",nvdonor.org,"Financial Leader (VP, Analyst, Counselor)",United States,Lifetime of Healthcare Costs in the U.S.,N,N,N,No,debt relief,1,,,,debt relief,,,,,,,,,,,,,,,
27-05-26,"Ohi - Ocean Health Initiatives, Inc.",ohinj.org,Physician Assistant,United States,How Cost Impacts the Patient and Provider Journey,N,N,N,No,paypal (pypl),1,,paypal (pypl),,,,,,,,,,,,,,,,,
27-05-26,Penn Medicine Princeton Health,princetonhcs.org,Chief Financial Officer,United States,The Role of Third-Party  Financing in the Health and  Wellness Payment Landscape,N,N,N,No,medical billing,5,patient payments,,,,zippay,,,,,,,,,medical billing,,paypal credit,paypal pay in 4,,
27-05-26,Quorum Health,quorumhealth.com,"Financial Leader (VP, Analyst, Counselor)",United States,How Cost Impacts the Patient and Provider Journey,N,N,N,No,paypal (pypl),6,patient payments,paypal (pypl),,,,,,paypal pay later,,,payment plan,,,medical billing,,,,,wells fargo (wfc)
27-05-26,Sma Healthcare,smahealthcare.org,Chief Executive Officer,United States,The Role of Third-Party  Financing in the Health and  Wellness Payment Landscape,N,N,N,No,paypal (pypl),2,,paypal (pypl),,debt relief,,,,,,,,,,,,,,,
27-05-26,Salina Regional Health Center,srhc.com,Nurse Practitioner,United States,Lifetime of Healthcare Costs in the U.S.,N,N,N,No,patient payments,7,patient payments,paypal (pypl),,,,klarna,,paypal pay later,,,,,payment solutions,medical billing,,,,,wells fargo (wfc)
27-05-26,Summit Health,summithealth.com,"Financial Leader (VP, Analyst, Counselor)",United States,The Role of Third-Party  Financing in the Health and  Wellness Payment Landscape,N,N,N,No,patient payments,7,patient payments,paypal (pypl),,,,klarna,,,afterpay,,payment plan,,payment solutions,,,,paypal pay in 4,,
27-05-26,Southwest General Health Center,swgeneral.com,Physician Assistant,United States,Lifetime of Healthcare Costs in the U.S.,N,N,N,No,patient payments,6,patient payments,,,debt relief,,,,paypal pay later,afterpay,,,,,medical billing,,,,,wells fargo (wfc)
27-05-26,Tanner Health,tanner.org,Physician Assistant,United States,The Role of Third-Party  Financing in the Health and  Wellness Payment Landscape,N,N,N,No,paypal (pypl),6,patient payments,paypal (pypl),,,,,,,afterpay,,payment plan,,,medical billing,,,paypal pay in 4,,
27-05-26,Uhs,uhsinc.com,"Financial Leader (VP, Analyst, Counselor)",United States,How Cost Impacts the Patient and Provider Journey,N,N,N,No,patient payments,5,patient payments,paypal (pypl),,,,,,,,,,credit Management,,medical billing,,paypal credit,,,
27-05-26,"Zeiders Enterprises, Inc.",zeiders.com,President,United States,Lifetime of Healthcare Costs in the U.S.,N,N,N,No,paypal pay later,5,patient payments,paypal (pypl),,debt relief,,,,paypal pay later,,,,,,,,,paypal pay in 4,,
28-05-26,Concentra,concentra.com,"Financial Leader (VP, Analyst, Counselor)",United States,Recognizing Burnout in Healthcare Staff and Ideas for Addressing It,N,N,N,No,patient payments,7,patient payments,,,debt relief,,,,,afterpay,affirm,,,,medical billing,Affirm,,,,wells fargo (wfc)
28-05-26,Phoenix Children's,phoenixchildrens.com,Physician Assistant,United States,Recognizing Burnout in Healthcare Staff and Ideas for Addressing It,N,N,N,No,paypal (pypl),7,patient payments,paypal (pypl),,debt relief,,,,,,,,credit Management,payment solutions,medical billing,,,,,wells fargo (wfc)
28-05-26,Vernon Health,vmh.org,Physician Assistant,United States,Recognizing Burnout in Healthcare Staff and Ideas for Addressing It,N,N,N,No,paypal (pypl),2,,paypal (pypl),,debt relief,,,,,,,,,,,,,,,
28-05-26,Western Missouri Medical Center,wmmc.com,"Financial Leader (VP, Analyst, Counselor)",United States,How Cost Impacts the Patient and Provider Journey,N,N,N,No,paypal pay later,1,,,,,,,,paypal pay later,,,,,,,,,,,
29-05-26,Catholic Health,chsli.org,Nurse Practitioner,United States,Recognizing Burnout in Healthcare Staff and Ideas for Addressing It,N,N,N,No,afterpay,3,patient payments,,,,,,,,afterpay,,,,payment solutions,,,,,,
29-05-26,Gwinnett Clinic,gwinnettclinic.com,Physician Assistant,United States,The Role of Third-Party  Financing in the Health and  Wellness Payment Landscape,N,N,N,No,debt relief,3,,paypal (pypl),,debt relief,,,,paypal pay later,,,,,,,,,,,
29-05-26,Gwinnett Clinic,gwinnettclinic.com,Physician Assistant,United States,The Role of Third-Party  Financing in the Health and  Wellness Payment Landscape,N,N,N,No,debt relief,3,,paypal (pypl),,debt relief,,,,paypal pay later,,,,,,,,,,,
29-05-26,Lhc Group,lhcgroup.com,Chief Financial Officer,United States,Recognizing Burnout in Healthcare Staff and Ideas for Addressing It,N,N,N,No,payment solutions,9,patient payments,,,debt relief,,,sezzle,paypal pay later,afterpay,,payment plan,,payment solutions,medical billing,,paypal credit,,,
29-05-26,Retina Consultants Of Texas,retinaconsultantstexas.com,"Patient Access Leader (Director, Specialist)",United States,How Cost Impacts the Patient and Provider Journey,N,N,N,No,wells fargo (wfc),1,,,,,,,,,,,,,,,,,,,wells fargo (wfc)
30-05-26,Healthfirst,healthfirst.org,"Financial Leader (VP, Analyst, Counselor)",United States,Lifetime of Healthcare Costs in the U.S.,N,N,N,No,patient payments,7,patient payments,paypal (pypl),,,,klarna,,,,,,,,medical billing,,paypal credit,paypal pay in 4,,wells fargo (wfc)
30-05-26,Healthfirst,healthfirst.org,"Financial Leader (VP, Analyst, Counselor)",United States,Recognizing Burnout in Healthcare Staff and Ideas for Addressing It,N,N,N,No,patient payments,7,patient payments,paypal (pypl),,,,klarna,,,,,,,,medical billing,,paypal credit,paypal pay in 4,,wells fargo (wfc)
30-05-26,Southwest General Health Center,swgeneral.com,"Financial Leader (VP, Analyst, Counselor)",United States,The Role of Third-Party  Financing in the Health and  Wellness Payment Landscape,N,N,N,No,patient payments,6,patient payments,,,debt relief,,,,paypal pay later,afterpay,,,,,medical billing,,,,,wells fargo (wfc)
01-06-26,Advantagecare Physicians,acpny.com,Physician Assistant,United States,Recognizing Burnout in Healthcare Staff and Ideas for Addressing It,N,N,N,No,paypal credit,7,,paypal (pypl),,debt relief,,klarna,,paypal pay later,afterpay,,,,,,,paypal credit,,,wells fargo (wfc)
01-06-26,"Citrus Cardiology Consultants, P.L.L.C.",citruscardiology.org,Physician Assistant,United States,The Role of Third-Party  Financing in the Health and  Wellness Payment Landscape,N,N,N,No,debt relief,2,,,,debt relief,,,,,,,,,,,,,paypal pay in 4,,
01-06-26,Orlando Health,orlandohealth.com,Physician Assistant,United States,The Role of Third-Party  Financing in the Health and  Wellness Payment Landscape,N,N,N,No,afterpay,11,patient payments,paypal (pypl),,,zippay,,sezzle,paypal pay later,afterpay,,,credit Management,payment solutions,medical billing,,paypal credit,paypal pay in 4,,
01-06-26,Presbyterian Healthcare Services,phs.org,"Financial Leader (VP, Analyst, Counselor)",United States,How Cost Impacts the Patient and Provider Journey,N,N,N,No,afterpay,9,patient payments,paypal (pypl),laybuy,,,,sezzle,,afterpay,affirm,,,,medical billing,Affirm,,paypal pay in 4,,
02-06-26,Accentcare,accentcare.com,"Financial Leader (VP, Analyst, Counselor)",United States,How Cost Impacts the Patient and Provider Journey,N,N,N,No,patient payments,8,patient payments,paypal (pypl),,,,,,,afterpay,,payment plan,,payment solutions,medical billing,,paypal credit,paypal pay in 4,,
02-06-26,Beacon Specialized Living,beaconspecialized.org,Chief Executive Officer,United States,The Role of Third-Party  Financing in the Health and  Wellness Payment Landscape,N,N,N,No,patient payments,3,patient payments,,,debt relief,,klarna,,,,,,,,,,,,,
02-06-26,redeemer health,holyredeemer.com,"Financial Leader (VP, Analyst, Counselor)",United States,Recognizing Burnout in Healthcare Staff and Ideas for Addressing It,N,N,N,No,afterpay,5,patient payments,,,debt relief,,,,,afterpay,,,,,medical billing,,,,,wells fargo (wfc)
02-06-26,Newyork-Presbyterian Hospital,nyp.org,"Financial Leader (VP, Analyst, Counselor)",United States,Recognizing Burnout in Healthcare Staff and Ideas for Addressing It,N,N,N,No,medical billing,10,patient payments,paypal (pypl),,debt relief,,,,,afterpay,,,credit Management,payment solutions,medical billing,,paypal credit,paypal pay in 4,,wells fargo (wfc)
02-06-26,Newyork-Presbyterian Hospital,nyp.org,"Financial Leader (VP, Analyst, Counselor)",United States,Recognizing Burnout in Healthcare Staff and Ideas for Addressing It,N,N,N,No,medical billing,10,patient payments,paypal (pypl),,debt relief,,,,,afterpay,,,credit Management,payment solutions,medical billing,,paypal credit,paypal pay in 4,,wells fargo (wfc)
02-06-26,Newyork-Presbyterian Hospital,nyp.org,"Financial Leader (VP, Analyst, Counselor)",United States,How Cost Impacts the Patient and Provider Journey,N,N,N,No,medical billing,10,patient payments,paypal (pypl),,debt relief,,,,,afterpay,,,credit Management,payment solutions,medical billing,,paypal credit,paypal pay in 4,,wells fargo (wfc)
02-06-26,Newyork-Presbyterian Hospital,nyp.org,"Financial Leader (VP, Analyst, Counselor)",United States,How Cost Impacts the Patient and Provider Journey,N,N,N,No,medical billing,10,patient payments,paypal (pypl),,debt relief,,,,,afterpay,,,credit Management,payment solutions,medical billing,,paypal credit,paypal pay in 4,,wells fargo (wfc)
02-06-26,Primary Health Medical Group,primaryhealth.com,Physician Assistant,United States,How Cost Impacts the Patient and Provider Journey,N,N,N,No,paypal pay in 4,4,,paypal (pypl),,,,,,paypal pay later,,,,,,,,,paypal pay in 4,,wells fargo (wfc)
02-06-26,Primary Health Medical Group,primaryhealth.com,Physician Assistant,United States,Lifetime of Healthcare Costs in the U.S.,N,N,N,No,paypal pay in 4,4,,paypal (pypl),,,,,,paypal pay later,,,,,,,,,paypal pay in 4,,wells fargo (wfc)
02-06-26,Primary Health Medical Group,primaryhealth.com,Physician Assistant,United States,Recognizing Burnout in Healthcare Staff and Ideas for Addressing It,N,N,N,No,paypal pay in 4,4,,paypal (pypl),,,,,,paypal pay later,,,,,,,,,paypal pay in 4,,wells fargo (wfc)
02-06-26,Primary Health Medical Group,primaryhealth.com,Physician Assistant,United States,Recognizing Burnout in Healthcare Staff and Ideas for Addressing It,N,N,N,No,paypal pay in 4,4,,paypal (pypl),,,,,,paypal pay later,,,,,,,,,paypal pay in 4,,wells fargo (wfc)
02-06-26,Scan,scanhealthplan.com,Nurse Practitioner,United States,Recognizing Burnout in Healthcare Staff and Ideas for Addressing It,N,N,N,No,patient payments,8,patient payments,paypal (pypl),,,,klarna,,paypal pay later,afterpay,,,,,,,paypal credit,paypal pay in 4,,wells fargo (wfc)
02-06-26,State Of Franklin Healthcare Associates,sofha.net,Physician Assistant,United States,Recognizing Burnout in Healthcare Staff and Ideas for Addressing It,N,N,N,No,debt relief,2,patient payments,,,debt relief,,,,,,,,,,,,,,,
04-06-26,"Community Health Of South Florida, Inc.",chisouthfl.org,Nurse Practitioner,United States,How Cost Impacts the Patient and Provider Journey,N,N,N,No,paypal pay later,8,patient payments,paypal (pypl),,debt relief,,,,paypal pay later,,,payment plan,,payment solutions,,,,paypal pay in 4,,wells fargo (wfc)
04-06-26,Citizens Memorial,citizensmemorial.com,Nurse Practitioner,United States,Recognizing Burnout in Healthcare Staff and Ideas for Addressing It,N,N,N,No,wells fargo (wfc),2,patient payments,,,,,,,,,,,,,,,,,,wells fargo (wfc)
04-06-26,"Greater Philadelphia Health Action, Inc.",gphainc.org,Nurse Practitioner,United States,Lifetime of Healthcare Costs in the U.S.,N,N,N,No,wells fargo (wfc),2,,,,,,klarna,,,,,,,,,,,,,wells fargo (wfc)
04-06-26,Odyssey House Louisiana,ohlinc.org,Nurse Practitioner,United States,The Role of Third-Party  Financing in the Health and  Wellness Payment Landscape,N,N,N,No,debt relief,1,,,,debt relief,,,,,,,,,,,,,,,
04-06-26,Odyssey House Louisiana,ohlinc.org,Nurse Practitioner,United States,Recognizing Burnout in Healthcare Staff and Ideas for Addressing It,N,N,N,No,debt relief,1,,,,debt relief,,,,,,,,,,,,,,,
04-06-26,St. Luke's University Health Network,slhn.org,"Financial Leader (VP, Analyst, Counselor)",United States,The Role of Third-Party  Financing in the Health and  Wellness Payment Landscape,N,N,N,No,paypal credit,6,,paypal (pypl),,,,klarna,,,afterpay,,,,payment solutions,,,paypal credit,,,wells fargo (wfc)
04-06-26,"Surgery Partners, Inc",surgerypartners.com,Chief Financial Officer,United States,Recognizing Burnout in Healthcare Staff and Ideas for Addressing It,N,N,N,No,payment solutions,5,patient payments,,,,,,,,afterpay,,payment plan,,payment solutions,,,,,,wells fargo (wfc)
04-06-26,Vaya Health,vayahealth.com,"Financial Leader (VP, Analyst, Counselor)",United States,Lifetime of Healthcare Costs in the U.S.,N,N,N,No,patient payments,4,patient payments,paypal (pypl),,debt relief,,,,,,,,,,,,,,,wells fargo (wfc)
04-06-26,Willow Valley Communities,willowvalley.org,"Financial Leader (VP, Analyst, Counselor)",United States,How Cost Impacts the Patient and Provider Journey,N,N,N,No,wells fargo (wfc),3,patient payments,,,,,,,,,,payment plan,,,,,,,,wells fargo (wfc)
08-06-26,Avance Care,avancecare.com,Physician Assistant,United States,Lifetime of Healthcare Costs in the U.S.,N,N,N,No,klarna,1,,,,,,klarna,,,,,,,,,,,,,
08-06-26,Avance Care,avancecare.com,Physician Assistant,United States,The Role of Third-Party  Financing in the Health and  Wellness Payment Landscape,N,N,N,No,klarna,1,,,,,,klarna,,,,,,,,,,,,,
08-06-26,Beth Israel Deaconess Hospital-Plymouth,bidplymouth.org,Physician Assistant,United States,The Role of Third-Party  Financing in the Health and  Wellness Payment Landscape,N,N,N,No,wells fargo (wfc),2,,,,,,,,,afterpay,,,,,,,,,,wells fargo (wfc)
08-06-26,AMATEUR ATHLETIC UNION OF THE UNITED STA,bmcjax.com,Physician Assistant,United States,How Cost Impacts the Patient and Provider Journey,N,N,N,No,medical billing,7,patient payments,paypal (pypl),,,,klarna,,,,,payment plan,,payment solutions,medical billing,,,paypal pay in 4,,
08-06-26,Centracare,centracare.com,Nurse Practitioner,United States,Lifetime of Healthcare Costs in the U.S.,N,N,N,No,afterpay,7,patient payments,,,,,klarna,,,afterpay,,,,payment solutions,medical billing,,,paypal pay in 4,,wells fargo (wfc)
08-06-26,Centracare,centracare.com,Nurse Practitioner,United States,Recognizing Burnout in Healthcare Staff and Ideas for Addressing It,N,N,N,No,afterpay,7,patient payments,,,,,klarna,,,afterpay,,,,payment solutions,medical billing,,,paypal pay in 4,,wells fargo (wfc)
08-06-26,Chesapeake Regional Healthcare,chesapeakeregional.com,Physician Assistant,United States,Recognizing Burnout in Healthcare Staff and Ideas for Addressing It,N,N,N,No,paypal (pypl),7,patient payments,paypal (pypl),,,,klarna,,paypal pay later,,,payment plan,,,medical billing,,,paypal pay in 4,,
08-06-26,Columbia Valley Community Health,cvch.org,Physician Assistant,United States,How Cost Impacts the Patient and Provider Journey,N,N,N,No,wells fargo (wfc),2,,paypal (pypl),,,,,,,,,,,,,,,,,wells fargo (wfc)
08-06-26,Equitas Health,equitashealth.com,Nurse Practitioner,United States,Recognizing Burnout in Healthcare Staff and Ideas for Addressing It,N,N,N,No,debt relief,3,,,,debt relief,,klarna,,paypal pay later,,,,,,,,,,,
08-06-26,Equitas Health,equitashealth.com,Nurse Practitioner,United States,How Cost Impacts the Patient and Provider Journey,N,N,N,No,debt relief,3,,,,debt relief,,klarna,,paypal pay later,,,,,,,,,,,
08-06-26,Indiana University Health,iuhealth.org,Nurse Practitioner,United States,Recognizing Burnout in Healthcare Staff and Ideas for Addressing It,N,N,N,No,paypal (pypl),9,patient payments,paypal (pypl),,debt relief,,,,,afterpay,,payment plan,credit Management,payment solutions,medical billing,,,,,wells fargo (wfc)
08-06-26,Indiana University Health,iuhealth.org,Nurse Practitioner,United States,Lifetime of Healthcare Costs in the U.S.,N,N,N,No,paypal (pypl),9,patient payments,paypal (pypl),,debt relief,,,,,afterpay,,payment plan,credit Management,payment solutions,medical billing,,,,,wells fargo (wfc)
08-06-26,Indiana University Health,iuhealth.org,Nurse Practitioner,United States,Recognizing Burnout in Healthcare Staff and Ideas for Addressing It,N,N,N,No,paypal (pypl),9,patient payments,paypal (pypl),,debt relief,,,,,afterpay,,payment plan,credit Management,payment solutions,medical billing,,,,,wells fargo (wfc)
08-06-26,Mcfarland Clinic,mcfarlandclinic.com,Physician Assistant,United States,Recognizing Burnout in Healthcare Staff and Ideas for Addressing It,N,N,N,No,payment plan,3,,,,debt relief,,,,paypal pay later,,,payment plan,,,,,,,,
08-06-26,Mcfarland Clinic,mcfarlandclinic.com,Physician Assistant,United States,Lifetime of Healthcare Costs in the U.S.,N,N,N,No,payment plan,3,,,,debt relief,,,,paypal pay later,,,payment plan,,,,,,,,
08-06-26,Methodist Hospitals,methodisthospitals.org,Physician Assistant,United States,Recognizing Burnout in Healthcare Staff and Ideas for Addressing It,N,N,N,No,patient payments,6,patient payments,,,debt relief,,,,,afterpay,,payment plan,,,medical billing,,paypal credit,,,
08-06-26,Methodist Le Bonheur Healthcare.,mlh.org,Nurse Practitioner,United States,Lifetime of Healthcare Costs in the U.S.,N,N,N,No,patient payments,6,patient payments,paypal (pypl),,debt relief,,,,paypal pay later,,,,,,,,,paypal pay in 4,,wells fargo (wfc)
08-06-26,Methodist Le Bonheur Healthcare.,mlh.org,Nurse Practitioner,United States,Lifetime of Healthcare Costs in the U.S.,N,N,N,No,patient payments,6,patient payments,paypal (pypl),,debt relief,,,,paypal pay later,,,,,,,,,paypal pay in 4,,wells fargo (wfc)
08-06-26,Orthocarolina,orthocarolina.com,Physician Assistant,United States,The Role of Third-Party  Financing in the Health and  Wellness Payment Landscape,N,N,N,No,paypal pay in 4,4,,paypal (pypl),,debt relief,,,,paypal pay later,,,,,,,,,paypal pay in 4,,
08-06-26,Orthocarolina,orthocarolina.com,Physician Assistant,United States,How Cost Impacts the Patient and Provider Journey,N,N,N,No,paypal pay in 4,4,,paypal (pypl),,debt relief,,,,paypal pay later,,,,,,,,,paypal pay in 4,,
08-06-26,Samaritan Health Services,samhealth.org,Physician Assistant,United States,Lifetime of Healthcare Costs in the U.S.,N,N,N,No,patient payments,7,patient payments,paypal (pypl),,,,klarna,,,,,,,payment solutions,medical billing,,,paypal pay in 4,,wells fargo (wfc)
08-06-26,Skagit Regional Health,skagitregionalhealth.org,Nurse Practitioner,United States,Recognizing Burnout in Healthcare Staff and Ideas for Addressing It,N,N,N,No,debt relief,4,patient payments,paypal (pypl),,debt relief,,,,,afterpay,,,,,,,,,,
08-06-26,Skagit Regional Health,skagitregionalhealth.org,Physician Assistant,United States,The Role of Third-Party  Financing in the Health and  Wellness Payment Landscape,N,N,N,No,debt relief,4,patient payments,paypal (pypl),,debt relief,,,,,afterpay,,,,,,,,,,
08-06-26,Southern Ohio Medical Center,somc.org,Physician Assistant,United States,Recognizing Burnout in Healthcare Staff and Ideas for Addressing It,N,N,N,No,klarna,5,patient payments,paypal (pypl),,,,klarna,,paypal pay later,,,,,,,,,paypal pay in 4,,
08-06-26,Tennessee Orthopaedic Alliance,toa.com,Physician Assistant,United States,How Cost Impacts the Patient and Provider Journey,N,N,N,No,afterpay,6,patient payments,paypal (pypl),,debt relief,,,,,afterpay,,,,,,,,paypal pay in 4,,wells fargo (wfc)
09-06-26,Accentcare,accentcare.com,"Financial Leader (VP, Analyst, Counselor)",United States,How Cost Impacts the Patient and Provider Journey,N,N,N,No,patient payments,8,patient payments,paypal (pypl),,,,,,,afterpay,,payment plan,,payment solutions,medical billing,,paypal credit,paypal pay in 4,,
09-06-26,Afc Urgent Care,afcurgentcare.com,Physician Assistant,United States,Lifetime of Healthcare Costs in the U.S.,N,N,N,No,payment plan,2,,,,,,,,,,,payment plan,,payment solutions,,,,,,
09-06-26,"Anderson Area Ymca (Anderson, Sc)",andersonareaymca.org,Chief Executive Officer,United States,How Cost Impacts the Patient and Provider Journey,N,N,N,No,paypal pay in 4,2,,,,,,,,,,,,,,medical billing,,,paypal pay in 4,,
09-06-26,The Arc Westchester,arcwestchester.org,Chief Financial Officer,United States,How Cost Impacts the Patient and Provider Journey,N,N,N,No,klarna,3,,paypal (pypl),,,,klarna,,paypal pay later,,,,,,,,,,,
09-06-26,Athletico,athletico.com,Vice President,United States,Recognizing Burnout in Healthcare Staff and Ideas for Addressing It,N,N,N,No,paypal pay in 4,5,patient payments,,,,,,sezzle,paypal pay later,afterpay,,,,,,,,paypal pay in 4,,
09-06-26,Ati Physical Therapy,atipt.com,"Revenue Cycle Leader (VP, Director, Manager)",United States,How Cost Impacts the Patient and Provider Journey,N,N,N,No,sezzle,9,patient payments,paypal (pypl),,debt relief,,,sezzle,paypal pay later,afterpay,,payment plan,,payment solutions,medical billing,,,,,
09-06-26,Atlanticare,atlanticare.org,Chief Financial Officer,United States,Lifetime of Healthcare Costs in the U.S.,N,N,N,No,patient payments,6,patient payments,paypal (pypl),,,,,,,afterpay,,,,,medical billing,,,paypal pay in 4,,wells fargo (wfc)
09-06-26,Avance Care,avancecare.com,Physician Assistant,United States,Lifetime of Healthcare Costs in the U.S.,N,N,N,No,klarna,1,,,,,,klarna,,,,,,,,,,,,,
09-06-26,Antelope Valley Medical Center,avmc.org,Chief Executive Officer,United States,How Cost Impacts the Patient and Provider Journey,N,N,N,No,klarna,3,,,,,,klarna,,paypal pay later,,,,,,,,,paypal pay in 4,,
09-06-26,Bamsi,bamsi.org,President,United States,How Cost Impacts the Patient and Provider Journey,N,N,N,No,patient payments,5,patient payments,paypal (pypl),,,,,,,,,,,,medical billing,,paypal credit,,,wells fargo (wfc)
09-06-26,"Upper Manhattan Mental Health Center, Inc.",bowencsc.org,Chief Financial Officer,United States,How Cost Impacts the Patient and Provider Journey,N,N,N,No,paypal (pypl),2,,paypal (pypl),,,,,,paypal pay later,,,,,,,,,,,
09-06-26,bon secours health system,bshsi.org,Chief Financial Officer,United States,How Cost Impacts the Patient and Provider Journey,N,N,N,No,afterpay,7,patient payments,,,,,,sezzle,,afterpay,,,credit Management,payment solutions,medical billing,,,,,wells fargo (wfc)
09-06-26,bon secours health system,bshsi.org,Chief Financial Officer,United States,Lifetime of Healthcare Costs in the U.S.,N,N,N,No,afterpay,7,patient payments,,,,,,sezzle,,afterpay,,,credit Management,payment solutions,medical billing,,,,,wells fargo (wfc)
09-06-26,Charleston Area Medical Center,camc.org,Physician Assistant,United States,Recognizing Burnout in Healthcare Staff and Ideas for Addressing It,N,N,N,No,patient payments,5,patient payments,paypal (pypl),,,,,sezzle,,afterpay,,,,,medical billing,,,,,
09-06-26,Carti,carti.com,"Revenue Cycle Leader (VP, Director, Manager)",United States,The Role of Third-Party  Financing in the Health and  Wellness Payment Landscape,N,N,N,No,paypal (pypl),4,patient payments,paypal (pypl),,,,,,,,,payment plan,,,,,,,,wells fargo (wfc)
09-06-26,Cci Health Services,cciweb.org,Chief Financial Officer,United States,Recognizing Burnout in Healthcare Staff and Ideas for Addressing It,N,N,N,No,klarna,4,,,,debt relief,,klarna,,paypal pay later,,,,,,,,,,,wells fargo (wfc)
09-06-26,Cody Regional Health,codyregionalhealth.org,Chief Financial Officer,United States,How Cost Impacts the Patient and Provider Journey,N,N,N,No,debt relief,1,,,,debt relief,,,,,,,,,,,,,,,
09-06-26,Jcc Of Greater Columbus,columbusjcc.org,Chief Financial Officer,United States,Lifetime of Healthcare Costs in the U.S.,N,N,N,No,debt relief,3,,paypal (pypl),,debt relief,,,,,,,,,,,,,paypal pay in 4,,
09-06-26,Muscogee Nation Department Of Health,creekhealth.org,Chief Financial Officer,United States,The Role of Third-Party  Financing in the Health and  Wellness Payment Landscape,N,N,N,No,debt relief,2,,paypal (pypl),,debt relief,,,,,,,,,,,,,,,
09-06-26,Desc (Downtown Emergency Service Center),desc.org,Chief Financial Officer,United States,Recognizing Burnout in Healthcare Staff and Ideas for Addressing It,N,N,N,No,payment plan,1,,,,,,,,,,,payment plan,,,,,,,,
09-06-26,Easterseals,easterseals.com,Chief Financial Officer,United States,Recognizing Burnout in Healthcare Staff and Ideas for Addressing It,N,N,N,No,paypal (pypl),8,patient payments,paypal (pypl),,,,,sezzle,,,,,credit Management,payment solutions,medical billing,,,paypal pay in 4,,wells fargo (wfc)
09-06-26,Ecri,ecri.org,Chief Financial Officer,United States,Recognizing Burnout in Healthcare Staff and Ideas for Addressing It,N,N,N,No,paypal (pypl),2,,paypal (pypl),,,,klarna,,,,,,,,,,,,,
09-06-26,Elkhart Clinic,elkhartclinic.com,Chief Executive Officer,United States,Recognizing Burnout in Healthcare Staff and Ideas for Addressing It,N,N,N,No,debt relief,2,,paypal (pypl),,debt relief,,,,,,,,,,,,,,,
09-06-26,Eōs Fitness,eosfitness.com,Chief Financial Officer,United States,How Cost Impacts the Patient and Provider Journey,N,N,N,No,patient payments,4,patient payments,paypal (pypl),,,,,,,,,payment plan,,,,,,paypal pay in 4,,
09-06-26,Eōs Fitness,eosfitness.com,Chief Executive Officer,United States,Recognizing Burnout in Healthcare Staff and Ideas for Addressing It,N,N,N,No,patient payments,4,patient payments,paypal (pypl),,,,,,,,,payment plan,,,,,,paypal pay in 4,,
09-06-26,Equitas Health,equitashealth.com,Chief Executive Officer,United States,How Cost Impacts the Patient and Provider Journey,N,N,N,No,debt relief,3,,,,debt relief,,klarna,,paypal pay later,,,,,,,,,,,
09-06-26,"Familylinks, Inc.",familylinks.org,Chief Financial Officer,United States,Recognizing Burnout in Healthcare Staff and Ideas for Addressing It,N,N,N,No,paypal (pypl),5,,paypal (pypl),,debt relief,,,,,,,payment plan,,,,,,paypal pay in 4,,wells fargo (wfc)
09-06-26,Home Instead,homeinstead.com,Chief Executive Officer,United States,The Role of Third-Party  Financing in the Health and  Wellness Payment Landscape,N,N,N,No,medical billing,11,,paypal (pypl),,debt relief,,klarna,sezzle,,afterpay,affirm,,,payment solutions,medical billing,Affirm,,paypal pay in 4,,wells fargo (wfc)
09-06-26,Hopebridge,hopebridge.com,"Revenue Cycle Leader (VP, Director, Manager)",United States,How Cost Impacts the Patient and Provider Journey,N,N,N,No,paypal pay in 4,2,,,,,,,,,,,,,,,,,paypal pay in 4,,wells fargo (wfc)
09-06-26,Iha,ihacares.com,Nurse Practitioner,United States,The Role of Third-Party  Financing in the Health and  Wellness Payment Landscape,N,N,N,No,paypal (pypl),4,,paypal (pypl),,,,klarna,,paypal pay later,,,,,,medical billing,,,,,
09-06-26,"Independence Plus, Inc.",independenceplus.com,Chief Financial Officer,United States,Recognizing Burnout in Healthcare Staff and Ideas for Addressing It,N,N,N,No,paypal (pypl),3,,paypal (pypl),,,,,,paypal pay later,,,,,,,,,paypal pay in 4,,
09-06-26,Institute For Integrative Nutrition,integrativenutrition.com,Chief Executive Officer,United States,How Cost Impacts the Patient and Provider Journey,N,N,N,No,paypal (pypl),7,patient payments,paypal (pypl),,,,,,paypal pay later,,,payment plan,,,medical billing,,paypal credit,paypal pay in 4,,
09-06-26,Island Health,islandhospital.org,Chief Executive Officer,United States,The Role of Third-Party  Financing in the Health and  Wellness Payment Landscape,N,N,N,No,paypal (pypl),3,,paypal (pypl),,debt relief,,,,,,,payment plan,,,,,,,,
09-06-26,Indiana University Health,iuhealth.org,Nurse Practitioner,United States,Lifetime of Healthcare Costs in the U.S.,N,N,N,No,paypal (pypl),9,patient payments,paypal (pypl),,debt relief,,,,,afterpay,,payment plan,credit Management,payment solutions,medical billing,,,,,wells fargo (wfc)
09-06-26,Life Link Iii,lifelinkiii.com,Chief Financial Officer,United States,The Role of Third-Party  Financing in the Health and  Wellness Payment Landscape,N,N,N,No,paypal (pypl),3,,paypal (pypl),,,,,,,,,,,,,,,paypal pay in 4,,wells fargo (wfc)
09-06-26,Medminder,medminder.com,Chief Financial Officer,United States,Lifetime of Healthcare Costs in the U.S.,N,N,N,No,debt relief,1,,,,debt relief,,,,,,,,,,,,,,,
09-06-26,met council,metcouncil.org,Chief Executive Officer,United States,Recognizing Burnout in Healthcare Staff and Ideas for Addressing It,N,N,N,No,patient payments,5,patient payments,paypal (pypl),,,,,,,afterpay,,,,payment solutions,,,,paypal pay in 4,,
09-06-26,Methodist Le Bonheur Healthcare.,mlh.org,Physician Assistant,United States,How Cost Impacts the Patient and Provider Journey,N,N,N,No,patient payments,6,patient payments,paypal (pypl),,debt relief,,,,paypal pay later,,,,,,,,,paypal pay in 4,,wells fargo (wfc)
09-06-26,Positive Education Program,pepcleve.org,Chief Executive Officer,United States,How Cost Impacts the Patient and Provider Journey,N,N,N,No,debt relief,3,patient payments,,,debt relief,,,,,,,,,,,,,paypal pay in 4,,
09-06-26,The Renfrew Center,renfrewcenter.com,Chief Financial Officer,United States,How Cost Impacts the Patient and Provider Journey,N,N,N,No,paypal (pypl),4,,paypal (pypl),,debt relief,,,,,,,,credit Management,,,,,paypal pay in 4,,
09-06-26,River Edge Behavioral Health,river-edge.org,Chief Financial Officer,United States,Recognizing Burnout in Healthcare Staff and Ideas for Addressing It,N,N,N,No,wells fargo (wfc),1,,,,,,,,,,,,,,,,,,,wells fargo (wfc)
09-06-26,Soulcycle Inc.,soul-cycle.com,Chief Executive Officer,United States,Recognizing Burnout in Healthcare Staff and Ideas for Addressing It,N,N,N,No,patient payments,5,patient payments,paypal (pypl),,,,klarna,,,,,,,,,,,paypal pay in 4,,wells fargo (wfc)
09-06-26,Sound Physicians,soundphysicians.com,Nurse Practitioner,United States,The Role of Third-Party  Financing in the Health and  Wellness Payment Landscape,N,N,N,No,paypal (pypl),7,patient payments,paypal (pypl),,,zippay,,,,,,,,payment solutions,medical billing,,paypal credit,paypal pay in 4,,
09-06-26,Sound Physicians,soundphysicians.com,Nurse Practitioner,United States,Lifetime of Healthcare Costs in the U.S.,N,N,N,No,paypal (pypl),7,patient payments,paypal (pypl),,,zippay,,,,,,,,payment solutions,medical billing,,paypal credit,paypal pay in 4,,
09-06-26,"Stone Belt Arc, Inc.",stonebelt.org,Chief Executive Officer,United States,How Cost Impacts the Patient and Provider Journey,N,N,N,No,klarna,1,,,,,,klarna,,,,,,,,,,,,,
09-06-26,Sunrider International,sunrider.com,Chief Executive Officer,United States,The Role of Third-Party  Financing in the Health and  Wellness Payment Landscape,N,N,N,No,paypal (pypl),4,,paypal (pypl),,debt relief,,,,,,,payment plan,,,,,,paypal pay in 4,,
09-06-26,Sunrider International,sunrider.com,Chief Financial Officer,United States,Lifetime of Healthcare Costs in the U.S.,N,N,N,No,paypal (pypl),4,,paypal (pypl),,debt relief,,,,,,,payment plan,,,,,,paypal pay in 4,,
09-06-26,Sunrise Senior Living,sunriseseniorliving.com,Chief Executive Officer,United States,Recognizing Burnout in Healthcare Staff and Ideas for Addressing It,N,N,N,No,afterpay,9,patient payments,paypal (pypl),,debt relief,,,,paypal pay later,afterpay,,,,payment solutions,,,paypal credit,paypal pay in 4,,wells fargo (wfc)
09-06-26,Southwest Human Development,swhd.org,Chief Financial Officer,United States,How Cost Impacts the Patient and Provider Journey,N,N,N,No,paypal (pypl),3,,paypal (pypl),,,,,,,,,payment plan,,,,,,paypal pay in 4,,
09-06-26,Tenet Healthcare,tenethealth.com,Chief Executive Officer,United States,The Role of Third-Party  Financing in the Health and  Wellness Payment Landscape,N,N,N,No,medical billing,6,patient payments,,,,,,sezzle,,afterpay,,payment plan,,payment solutions,medical billing,,,,,
09-06-26,Union Settlement,unionsettlement.org,Chief Executive Officer,United States,Lifetime of Healthcare Costs in the U.S.,N,N,N,No,paypal pay in 4,3,,paypal (pypl),,debt relief,,,,,,,,,,,,,paypal pay in 4,,
09-06-26,Westcare,westcare.com,Chief Executive Officer,United States,Lifetime of Healthcare Costs in the U.S.,N,N,N,No,patient payments,9,patient payments,paypal (pypl),,,zippay,klarna,,,afterpay,,,credit Management,payment solutions,medical billing,,,paypal pay in 4,,
13-06-26,Beachbody,beachbody.com,"Financial Leader (VP, Analyst, Counselor)",United States,Lifetime of Healthcare Costs in the U.S.,N,N,N,No,medical billing,8,patient payments,paypal (pypl),,,,klarna,,,afterpay,,,credit Management,,medical billing,,paypal credit,,,wells fargo (wfc)
13-06-26,Beachbody,beachbody.com,"Financial Leader (VP, Analyst, Counselor)",United States,Recognizing Burnout in Healthcare Staff and Ideas for Addressing It,N,N,N,No,medical billing,8,patient payments,paypal (pypl),,,,klarna,,,afterpay,,,credit Management,,medical billing,,paypal credit,,,wells fargo (wfc)
13-06-26,Carecentrix,carecentrix.com,Vice President,United States,The Role of Third-Party  Financing in the Health and  Wellness Payment Landscape,N,N,N,No,patient payments,3,patient payments,,,,,,,,afterpay,,,,,,,,,,wells fargo (wfc)
13-06-26,Carecentrix,carecentrix.com,Vice President,United States,How Cost Impacts the Patient and Provider Journey,N,N,N,No,patient payments,3,patient payments,,,,,,,,afterpay,,,,,,,,,,wells fargo (wfc)
13-06-26,Cedar,cedar.com,Chief Executive Officer,United States,Recognizing Burnout in Healthcare Staff and Ideas for Addressing It,N,N,N,No,paypal pay later,4,patient payments,,,,,klarna,,paypal pay later,,,,,,,,,paypal pay in 4,,
13-06-26,Centerstone,centerstone.org,President,United States,Lifetime of Healthcare Costs in the U.S.,N,N,N,No,paypal credit,7,patient payments,paypal (pypl),,,,,,,afterpay,,payment plan,,payment solutions,,,paypal credit,paypal pay in 4,,
13-06-26,Compassus,compassus.com,Vice President,United States,Lifetime of Healthcare Costs in the U.S.,N,N,N,No,paypal (pypl),4,patient payments,paypal (pypl),,,,klarna,,,,,,,,medical billing,,,,,
13-06-26,Concentra,concentra.com,Chief Executive Officer,United States,How Cost Impacts the Patient and Provider Journey,N,N,N,No,patient payments,7,patient payments,,,debt relief,,,,,afterpay,affirm,,,,medical billing,Affirm,,,,wells fargo (wfc)
13-06-26,Cps,cps.com,"Financial Leader (VP, Analyst, Counselor)",United States,How Cost Impacts the Patient and Provider Journey,N,N,N,No,paypal (pypl),4,,paypal (pypl),,debt relief,,,,,,,payment plan,,,medical billing,,,,,
13-06-26,Curaleaf,curaleaf.com,Chief Executive Officer,United States,The Role of Third-Party  Financing in the Health and  Wellness Payment Landscape,N,N,N,No,paypal (pypl),5,,paypal (pypl),,,,klarna,,paypal pay later,afterpay,,,,payment solutions,,,,,,
13-06-26,Davita Kidney Care,davita.com,"Revenue Cycle Leader (VP, Director, Manager)",United States,How Cost Impacts the Patient and Provider Journey,N,N,N,No,medical billing,4,patient payments,,,,,,sezzle,,afterpay,,,,,medical billing,,,,,
13-06-26,Davita Kidney Care,davita.com,"Revenue Cycle Leader (VP, Director, Manager)",United States,Lifetime of Healthcare Costs in the U.S.,N,N,N,No,medical billing,4,patient payments,,,,,,sezzle,,afterpay,,,,,medical billing,,,,,
13-06-26,Davita Kidney Care,davita.com,"Revenue Cycle Leader (VP, Director, Manager)",United States,Recognizing Burnout in Healthcare Staff and Ideas for Addressing It,N,N,N,No,medical billing,4,patient payments,,,,,,sezzle,,afterpay,,,,,medical billing,,,,,
13-06-26,Equinox,equinox.com,Vice President,United States,Recognizing Burnout in Healthcare Staff and Ideas for Addressing It,N,N,N,No,afterpay,8,patient payments,,,,,,sezzle,,afterpay,affirm,payment plan,,payment solutions,medical billing,Affirm,,,,
13-06-26,Equinox,equinox.com,Vice President,United States,The Role of Third-Party  Financing in the Health and  Wellness Payment Landscape,N,N,N,No,afterpay,8,patient payments,,,,,,sezzle,,afterpay,affirm,payment plan,,payment solutions,medical billing,Affirm,,,,
13-06-26,Equinox,equinox.com,Vice President,United States,Lifetime of Healthcare Costs in the U.S.,N,N,N,No,afterpay,8,patient payments,,,,,,sezzle,,afterpay,affirm,payment plan,,payment solutions,medical billing,Affirm,,,,
13-06-26,Evergreenhealth,evergreenhealth.com,Physician Assistant,United States,How Cost Impacts the Patient and Provider Journey,N,N,N,No,afterpay,8,patient payments,paypal (pypl),,,,,,paypal pay later,afterpay,,,,,medical billing,,paypal credit,paypal pay in 4,,wells fargo (wfc)
13-06-26,Finthrive,finthrive.com,Chief Executive Officer,United States,The Role of Third-Party  Financing in the Health and  Wellness Payment Landscape,N,N,N,No,debt relief,3,patient payments,,,debt relief,,klarna,,,,,,,,,,,,,
13-06-26,Freedomcare,freedomcare.com,Vice President,United States,How Cost Impacts the Patient and Provider Journey,N,N,N,No,wells fargo (wfc),3,,paypal (pypl),,,,,,,,,,,,,,,paypal pay in 4,,wells fargo (wfc)
13-06-26,Guthrie,guthrie.org,Vice President,United States,Recognizing Burnout in Healthcare Staff and Ideas for Addressing It,N,N,N,No,paypal (pypl),5,patient payments,paypal (pypl),,,,,,,afterpay,,,,,,,paypal credit,,,wells fargo (wfc)
13-06-26,Healthfirst,healthfirst.org,"Financial Leader (VP, Analyst, Counselor)",United States,How Cost Impacts the Patient and Provider Journey,N,N,N,No,patient payments,7,patient payments,paypal (pypl),,,,klarna,,,,,,,,medical billing,,paypal credit,paypal pay in 4,,wells fargo (wfc)
13-06-26,Healthfirst,healthfirst.org,Chief Financial Officer,United States,Lifetime of Healthcare Costs in the U.S.,N,N,N,No,patient payments,7,patient payments,paypal (pypl),,,,klarna,,,,,,,,medical billing,,paypal credit,paypal pay in 4,,wells fargo (wfc)
13-06-26,Healthpartners,healthpartners.com,"Revenue Cycle Leader (VP, Director, Manager)",United States,The Role of Third-Party  Financing in the Health and  Wellness Payment Landscape,N,N,N,No,medical billing,6,patient payments,,,,,,,,afterpay,,payment plan,,,medical billing,,paypal credit,,,wells fargo (wfc)
15-06-26,Addus Homecare,addus.com,Nurse Practitioner,United States,How Cost Impacts the Patient and Provider Journey,N,N,N,No,medical billing,7,patient payments,paypal (pypl),,,,,,paypal pay later,afterpay,,payment plan,,payment solutions,medical billing,,,,,
15-06-26,Addus Homecare,addus.com,Chief Financial Officer,United States,The Role of Third-Party  Financing in the Health and  Wellness Payment Landscape,N,N,N,No,medical billing,7,patient payments,paypal (pypl),,,,,,paypal pay later,afterpay,,payment plan,,payment solutions,medical billing,,,,,
15-06-26,Adventhealth,adventhealth.com,Chief Financial Officer,United States,Lifetime of Healthcare Costs in the U.S.,N,N,N,No,medical billing,6,patient payments,,,,,,sezzle,paypal pay later,afterpay,,,,,medical billing,,paypal credit,,,
15-06-26,Advocate Health,advocatehealth.org,"Financial Leader (VP, Analyst, Counselor)",United States,Recognizing Burnout in Healthcare Staff and Ideas for Addressing It,N,N,N,No,afterpay,6,patient payments,,,,,,,,afterpay,,,,payment solutions,medical billing,,paypal credit,paypal pay in 4,,
15-06-26,Altamed Health Services,altamed.org,"Financial Leader (VP, Analyst, Counselor)",United States,How Cost Impacts the Patient and Provider Journey,N,N,N,No,afterpay,4,patient payments,paypal (pypl),,,,,,,afterpay,,,,,,,,,,wells fargo (wfc)
15-06-26,Aveanna Healthcare,aveanna.com,"Financial Leader (VP, Analyst, Counselor)",United States,Lifetime of Healthcare Costs in the U.S.,N,N,N,No,payment solutions,5,,,,,,klarna,,,afterpay,,,credit Management,payment solutions,,,,,,wells fargo (wfc)
15-06-26,Balance Health,balancehealth.com,Vice President,United States,How Cost Impacts the Patient and Provider Journey,N,N,N,No,wells fargo (wfc),3,,paypal (pypl),,debt relief,,,,,,,,,,,,,,,wells fargo (wfc)
15-06-26,Beacon Specialized Living,beaconspecialized.org,Assistant Vice President,United States,Lifetime of Healthcare Costs in the U.S.,N,N,N,No,patient payments,3,patient payments,,,debt relief,,klarna,,,,,,,,,,,,,
15-06-26,Bradford Health Services,bradfordhealth.com,Vice President,United States,Recognizing Burnout in Healthcare Staff and Ideas for Addressing It,N,N,N,No,paypal (pypl),2,,paypal (pypl),,debt relief,,,,,,,,,,,,,,,
15-06-26,Caregivers America,caregiversamerica.com,Vice President,United States,Lifetime of Healthcare Costs in the U.S.,N,N,N,No,credit Management,8,patient payments,paypal (pypl),,,,klarna,,paypal pay later,,,,credit Management,,medical billing,,,paypal pay in 4,,wells fargo (wfc)
15-06-26,Centers For Dialysis Care,cdcare.org,President,United States,Recognizing Burnout in Healthcare Staff and Ideas for Addressing It,N,N,N,No,paypal (pypl),6,,paypal (pypl),,,,,,paypal pay later,afterpay,,payment plan,,,,,,paypal pay in 4,,wells fargo (wfc)
15-06-26,The Doe Fund,doe.org,Vice President,United States,Lifetime of Healthcare Costs in the U.S.,N,N,N,No,klarna,3,patient payments,paypal (pypl),,,,klarna,,,,,,,,,,,,,
15-06-26,Lincare,lincare.com,"Financial Leader (VP, Analyst, Counselor)",United States,Lifetime of Healthcare Costs in the U.S.,N,N,N,No,afterpay,7,patient payments,paypal (pypl),,debt relief,,,sezzle,,afterpay,,,,,medical billing,,,paypal pay in 4,,
15-06-26,Licking Memorial Health Systems,lmhealth.org,Assistant Vice President,United States,Lifetime of Healthcare Costs in the U.S.,N,N,N,No,patient payments,6,patient payments,paypal (pypl),,debt relief,zippay,,,,,,,,,,,,paypal pay in 4,,wells fargo (wfc)
15-06-26,Maine Medical Center,mainehealth.org,Chief Executive Officer,United States,The Role of Third-Party  Financing in the Health and  Wellness Payment Landscape,N,N,N,No,Affirm,13,patient payments,paypal (pypl),laybuy,,zippay,klarna,,,afterpay,affirm,payment plan,,,medical billing,Affirm,paypal credit,paypal pay in 4,,wells fargo (wfc)
15-06-26,Mcdonough District Hospital,mdh.org,Vice President,United States,The Role of Third-Party  Financing in the Health and  Wellness Payment Landscape,N,N,N,No,paypal pay later,7,,paypal (pypl),,debt relief,,,,paypal pay later,,,payment plan,,,,,paypal credit,paypal pay in 4,,wells fargo (wfc)
15-06-26,Mcdonough District Hospital,mdh.org,Vice President,United States,Recognizing Burnout in Healthcare Staff and Ideas for Addressing It,N,N,N,No,paypal pay later,7,,paypal (pypl),,debt relief,,,,paypal pay later,,,payment plan,,,,,paypal credit,paypal pay in 4,,wells fargo (wfc)
15-06-26,Memorialcare,memorialcare.org,Physician Assistant,United States,How Cost Impacts the Patient and Provider Journey,N,N,N,No,afterpay,11,patient payments,,,debt relief,,klarna,sezzle,,afterpay,affirm,,,payment solutions,medical billing,Affirm,paypal credit,,,wells fargo (wfc)
15-06-26,Memorialcare,memorialcare.org,Vice President,United States,The Role of Third-Party  Financing in the Health and  Wellness Payment Landscape,N,N,N,No,afterpay,11,patient payments,,,debt relief,,klarna,sezzle,,afterpay,affirm,,,payment solutions,medical billing,Affirm,paypal credit,,,wells fargo (wfc)
15-06-26,Otterbein Seniorlife,otterbein.org,Assistant Vice President,United States,How Cost Impacts the Patient and Provider Journey,N,N,N,No,paypal (pypl),4,,paypal (pypl),,,,klarna,,paypal pay later,,,,,,,,,paypal pay in 4,,
15-06-26,Parallon,parallon.com,Chief Executive Officer,United States,Lifetime of Healthcare Costs in the U.S.,N,N,N,No,medical billing,6,patient payments,,,,,,sezzle,,afterpay,,,,payment solutions,medical billing,,,paypal pay in 4,,
15-06-26,Parallon,parallon.com,Chief Financial Officer,United States,Recognizing Burnout in Healthcare Staff and Ideas for Addressing It,N,N,N,No,medical billing,6,patient payments,,,,,,sezzle,,afterpay,,,,payment solutions,medical billing,,,paypal pay in 4,,
15-06-26,Pathgroup,pathgroup.com,Vice President,United States,Lifetime of Healthcare Costs in the U.S.,N,N,N,No,patient payments,8,patient payments,paypal (pypl),,debt relief,,klarna,,,afterpay,,,,payment solutions,medical billing,,,,,wells fargo (wfc)
15-06-26,Pathgroup,pathgroup.com,Assistant Vice President,United States,How Cost Impacts the Patient and Provider Journey,N,N,N,No,patient payments,8,patient payments,paypal (pypl),,debt relief,,klarna,,,afterpay,,,,payment solutions,medical billing,,,,,wells fargo (wfc)
15-06-26,Philips,philips.com,Vice President,United States,The Role of Third-Party  Financing in the Health and  Wellness Payment Landscape,N,N,N,No,paypal pay in 4,6,patient payments,paypal (pypl),,,,,,,afterpay,,payment plan,,,medical billing,,,paypal pay in 4,,
15-06-26,Press Ganey,pressganey.com,Vice President,United States,The Role of Third-Party  Financing in the Health and  Wellness Payment Landscape,N,N,N,No,paypal (pypl),7,patient payments,paypal (pypl),,,,,,,,,payment plan,credit Management,,medical billing,,,paypal pay in 4,,wells fargo (wfc)
15-06-26,Pruitthealth,pruitthealth.com,Vice President,United States,Lifetime of Healthcare Costs in the U.S.,N,N,N,No,paypal (pypl),10,patient payments,paypal (pypl),,debt relief,,klarna,,,afterpay,affirm,,credit Management,payment solutions,,Affirm,paypal credit,,,
15-06-26,Pruitthealth,pruitthealth.com,Vice President,United States,How Cost Impacts the Patient and Provider Journey,N,N,N,No,paypal (pypl),10,patient payments,paypal (pypl),,debt relief,,klarna,,,afterpay,affirm,,credit Management,payment solutions,,Affirm,paypal credit,,,
15-06-26,Personal Touch Home Care,pthomecare.com,Chief Financial Officer,United States,Lifetime of Healthcare Costs in the U.S.,N,N,N,No,patient payments,6,patient payments,,,debt relief,,,,,afterpay,,payment plan,,payment solutions,,,,paypal pay in 4,,
15-06-26,Radnet,radnet.com,Assistant Vice President,United States,The Role of Third-Party  Financing in the Health and  Wellness Payment Landscape,N,N,N,No,afterpay,7,patient payments,paypal (pypl),,,,,,paypal pay later,afterpay,,,,,medical billing,,paypal credit,paypal pay in 4,,
15-06-26,Radnet,radnet.com,"Revenue Cycle Leader (VP, Director, Manager)",United States,Lifetime of Healthcare Costs in the U.S.,N,N,N,No,afterpay,7,patient payments,paypal (pypl),,,,,,paypal pay later,afterpay,,,,,medical billing,,paypal credit,paypal pay in 4,,
15-06-26,Rady Children's Hospital-San Diego,rchsd.org,Nurse Practitioner,United States,Recognizing Burnout in Healthcare Staff and Ideas for Addressing It,N,N,N,No,patient payments,8,patient payments,paypal (pypl),,,,,,paypal pay later,afterpay,,,,payment solutions,medical billing,,paypal credit,paypal pay in 4,,
15-06-26,Ro,ro.co,Vice President,United States,How Cost Impacts the Patient and Provider Journey,N,N,N,No,debt relief,2,,paypal (pypl),,debt relief,,,,,,,,,,,,,,,
15-06-26,Sightlife,sightlife.org,Chief Executive Officer,United States,The Role of Third-Party  Financing in the Health and  Wellness Payment Landscape,N,N,N,No,payment plan,4,,,,debt relief,,,,,,,payment plan,credit Management,,,,,,,wells fargo (wfc)
15-06-26,Sam Stokes Md,sih.net,"Financial Leader (VP, Analyst, Counselor)",United States,The Role of Third-Party  Financing in the Health and  Wellness Payment Landscape,N,N,N,No,credit Management,4,,paypal (pypl),,,,,,paypal pay later,,,payment plan,credit Management,,,,,,,
15-06-26,Sinai Chicago,sinai.org,"Financial Leader (VP, Analyst, Counselor)",United States,Lifetime of Healthcare Costs in the U.S.,N,N,N,No,patient payments,8,patient payments,paypal (pypl),,debt relief,,,,,afterpay,,payment plan,,,medical billing,,paypal credit,,,wells fargo (wfc)
15-06-26,Sinai Chicago,sinai.org,"Financial Leader (VP, Analyst, Counselor)",United States,The Role of Third-Party  Financing in the Health and  Wellness Payment Landscape,N,N,N,No,patient payments,8,patient payments,paypal (pypl),,debt relief,,,,,afterpay,,payment plan,,,medical billing,,paypal credit,,,wells fargo (wfc)
15-06-26,Skagit Regional Health,skagitregionalhealth.org,Physician Assistant,United States,How Cost Impacts the Patient and Provider Journey,N,N,N,No,debt relief,4,patient payments,paypal (pypl),,debt relief,,,,,afterpay,,,,,,,,,,
15-06-26,"Surgery Partners, Inc",surgerypartners.com,Vice President,United States,Lifetime of Healthcare Costs in the U.S.,N,N,N,No,payment solutions,5,patient payments,,,,,,,,afterpay,,payment plan,,payment solutions,,,,,,wells fargo (wfc)
15-06-26,Teamhealth,teamhealth.com,Vice President,United States,Lifetime of Healthcare Costs in the U.S.,N,N,N,No,afterpay,8,patient payments,paypal (pypl),,,,klarna,,,afterpay,,payment plan,,,medical billing,,paypal credit,,,wells fargo (wfc)
15-06-26,The Christ Hospital Health Network,thechristhospital.com,"Financial Leader (VP, Analyst, Counselor)",United States,Lifetime of Healthcare Costs in the U.S.,N,N,N,No,patient payments,8,patient payments,paypal (pypl),,,,,,,afterpay,affirm,,,,medical billing,Affirm,paypal credit,paypal pay in 4,,
15-06-26,Touching Hearts At Home,touchinghearts.com,Vice President,United States,The Role of Third-Party  Financing in the Health and  Wellness Payment Landscape,N,N,N,No,paypal (pypl),2,patient payments,paypal (pypl),,,,,,,,,,,,,,,,,
15-06-26,Uhs,uhsinc.com,Chief Financial Officer,United States,The Role of Third-Party  Financing in the Health and  Wellness Payment Landscape,N,N,N,No,patient payments,5,patient payments,paypal (pypl),,,,,,,,,,credit Management,,medical billing,,paypal credit,,,
15-06-26,Upmc,upmc.com,Chief Financial Officer,United States,Lifetime of Healthcare Costs in the U.S.,N,N,N,No,patient payments,11,patient payments,paypal (pypl),,,zippay,,sezzle,paypal pay later,afterpay,,payment plan,,,medical billing,,,paypal pay in 4,greensky,wells fargo (wfc)
15-06-26,Upmc,upmc.com,Vice President,United States,The Role of Third-Party  Financing in the Health and  Wellness Payment Landscape,N,N,N,No,patient payments,11,patient payments,paypal (pypl),,,zippay,,sezzle,paypal pay later,afterpay,,payment plan,,,medical billing,,,paypal pay in 4,greensky,wells fargo (wfc)
15-06-26,Valley Health,valleyhealthlink.com,"Financial Leader (VP, Analyst, Counselor)",United States,Lifetime of Healthcare Costs in the U.S.,N,N,N,No,wells fargo (wfc),7,patient payments,paypal (pypl),,,,,,,,,payment plan,,payment solutions,medical billing,,paypal credit,,,wells fargo (wfc)
15-06-26,Visalus,vi.com,Chief Executive Officer,United States,Recognizing Burnout in Healthcare Staff and Ideas for Addressing It,N,N,N,No,patient payments,5,patient payments,,,,,klarna,,,,,payment plan,,,,,,paypal pay in 4,,wells fargo (wfc)
15-06-26,"Vizient, Inc",vizientinc.com,Vice President,United States,How Cost Impacts the Patient and Provider Journey,N,N,N,No,afterpay,7,patient payments,,,,,klarna,,paypal pay later,afterpay,,,,,medical billing,,,paypal pay in 4,,wells fargo (wfc)
15-06-26,"Vizient, Inc",vizientinc.com,Assistant Vice President,United States,Recognizing Burnout in Healthcare Staff and Ideas for Addressing It,N,N,N,No,afterpay,7,patient payments,,,,,klarna,,paypal pay later,afterpay,,,,,medical billing,,,paypal pay in 4,,wells fargo (wfc)
15-06-26,Welldyne,welldyne.com,Chief Executive Officer,United States,How Cost Impacts the Patient and Provider Journey,N,N,N,No,patient payments,2,patient payments,paypal (pypl),,,,,,,,,,,,,,,,,
15-06-26,Westcare,westcare.com,Vice President,United States,Recognizing Burnout in Healthcare Staff and Ideas for Addressing It,N,N,N,No,patient payments,9,patient payments,paypal (pypl),,,zippay,klarna,,,afterpay,,,credit Management,payment solutions,medical billing,,,paypal pay in 4,,
15-06-26,Westcare,westcare.com,Vice President,United States,Lifetime of Healthcare Costs in the U.S.,N,N,N,No,patient payments,9,patient payments,paypal (pypl),,,zippay,klarna,,,afterpay,,,credit Management,payment solutions,medical billing,,,paypal pay in 4,,
15-06-26,Wisconsin Diagnostic Laboratories,wisconsindiagnostic.com,President,United States,How Cost Impacts the Patient and Provider Journey,N,N,N,No,,0,,,,,,,,,,,,,,,,,,,
22-06-26,Ablelight,ablelight.org,Chief Financial Officer,United States,Lifetime of Healthcare Costs in the U.S.,N,N,N,No,wells fargo (wfc),2,,,,,,klarna,,,,,,,,,,,,,wells fargo (wfc)
22-06-26,Adena Health System,adena.org,Physician Assistant,United States,Recognizing Burnout in Healthcare Staff and Ideas for Addressing It,N,N,N,No,wells fargo (wfc),6,patient payments,,,,,klarna,sezzle,,afterpay,,payment plan,,,,,,,,wells fargo (wfc)
22-06-26,Afc Urgent Care,afcurgentcare.com,Physician Assistant,United States,The Role of Third-Party  Financing in the Health and  Wellness Payment Landscape,N,N,N,No,payment plan,2,,,,,,,,,,,payment plan,,payment solutions,,,,,,
22-06-26,Afc Urgent Care,afcurgentcare.com,Physician Assistant,United States,Lifetime of Healthcare Costs in the U.S.,N,N,N,No,payment plan,2,,,,,,,,,,,payment plan,,payment solutions,,,,,,
22-06-26,Atrius Health,atriushealth.org,Nurse Practitioner,United States,How Cost Impacts the Patient and Provider Journey,N,N,N,No,patient payments,6,patient payments,paypal (pypl),,,,klarna,,paypal pay later,,,,,,,,,paypal pay in 4,,wells fargo (wfc)
22-06-26,Atrius Health,atriushealth.org,Nurse Practitioner,United States,Lifetime of Healthcare Costs in the U.S.,N,N,N,No,patient payments,6,patient payments,paypal (pypl),,,,klarna,,paypal pay later,,,,,,,,,paypal pay in 4,,wells fargo (wfc)
22-06-26,"Behavioral Health Network, Inc (Bhn)",bhninc.org,Nurse Practitioner,United States,Recognizing Burnout in Healthcare Staff and Ideas for Addressing It,N,N,N,No,patient payments,4,patient payments,,,,,,,paypal pay later,,,payment plan,,,,,,,,wells fargo (wfc)
22-06-26,"Behavioral Health Network, Inc (Bhn)",bhninc.org,Nurse Practitioner,United States,The Role of Third-Party  Financing in the Health and  Wellness Payment Landscape,N,N,N,No,patient payments,4,patient payments,,,,,,,paypal pay later,,,payment plan,,,,,,,,wells fargo (wfc)
22-06-26,Campbell Clinic Orthopaedics,campbellclinic.com,Nurse Practitioner,United States,The Role of Third-Party  Financing in the Health and  Wellness Payment Landscape,N,N,N,No,klarna,6,patient payments,paypal (pypl),,,,klarna,,paypal pay later,,,payment plan,,,,,,paypal pay in 4,,
22-06-26,Caromont Health,caromonthealth.org,Physician Assistant,United States,Recognizing Burnout in Healthcare Staff and Ideas for Addressing It,N,N,N,No,patient payments,10,patient payments,,,debt relief,,,,paypal pay later,afterpay,affirm,,credit Management,payment solutions,medical billing,Affirm,,paypal pay in 4,,
22-06-26,Cone Health,conehealth.com,Physician Assistant,United States,Lifetime of Healthcare Costs in the U.S.,N,N,N,No,patient payments,11,patient payments,paypal (pypl),,,,klarna,,,,affirm,payment plan,credit Management,,medical billing,Affirm,paypal credit,paypal pay in 4,,wells fargo (wfc)
22-06-26,Eisenhower Health,eisenhowerhealth.org,Physician Assistant,United States,Recognizing Burnout in Healthcare Staff and Ideas for Addressing It,N,N,N,No,medical billing,4,patient payments,paypal (pypl),,,,klarna,,,,,,,,medical billing,,,,,
22-06-26,Eisenhower Health,eisenhowerhealth.org,Nurse Practitioner,United States,Lifetime of Healthcare Costs in the U.S.,N,N,N,No,medical billing,4,patient payments,paypal (pypl),,,,klarna,,,,,,,,medical billing,,,,,
22-06-26,Envision,envisionhealth.com,Nurse Practitioner,United States,The Role of Third-Party  Financing in the Health and  Wellness Payment Landscape,N,N,N,No,paypal (pypl),5,patient payments,paypal (pypl),,,,,,,afterpay,,payment plan,,,,,,paypal pay in 4,,
22-06-26,Equinox,equinox.com,Vice President,United States,Recognizing Burnout in Healthcare Staff and Ideas for Addressing It,N,N,N,No,afterpay,8,patient payments,,,,,,sezzle,,afterpay,affirm,payment plan,,payment solutions,medical billing,Affirm,,,,
22-06-26,East Tennessee Children's Hospital,etch.com,Physician Assistant,United States,How Cost Impacts the Patient and Provider Journey,N,N,N,No,paypal credit,6,,paypal (pypl),,debt relief,,,,paypal pay later,,,payment plan,,,,,paypal credit,paypal pay in 4,,
22-06-26,"Family Residences And Essential Enterprises, Inc. (Free)",familyres.org,Vice President,United States,Lifetime of Healthcare Costs in the U.S.,N,N,N,No,wells fargo (wfc),5,,paypal (pypl),,debt relief,,,,,afterpay,,payment plan,,,,,,,,wells fargo (wfc)
22-06-26,Fair Haven Community Health Care,fhchc.org,Nurse Practitioner,United States,Lifetime of Healthcare Costs in the U.S.,N,N,N,No,wells fargo (wfc),2,,,,debt relief,,,,,,,,,,,,,,,wells fargo (wfc)
22-06-26,Florida Cancer Specialists & Research Institute,flcancer.com,Physician Assistant,United States,Lifetime of Healthcare Costs in the U.S.,N,N,N,No,patient payments,9,patient payments,paypal (pypl),,debt relief,,klarna,sezzle,,afterpay,,payment plan,,,medical billing,,paypal credit,,,
22-06-26,Florida Cancer Specialists & Research Institute,flcancer.com,Nurse Practitioner,United States,How Cost Impacts the Patient and Provider Journey,N,N,N,No,patient payments,9,patient payments,paypal (pypl),,debt relief,,klarna,sezzle,,afterpay,,payment plan,,,medical billing,,paypal credit,,,
22-06-26,Fmol Health,fmolhs.org,Nurse Practitioner,United States,How Cost Impacts the Patient and Provider Journey,N,N,N,No,afterpay,6,patient payments,,,,,,,,afterpay,,,credit Management,payment solutions,medical billing,,,,,wells fargo (wfc)
22-06-26,"Franciscan Alliance, Inc.",franciscanalliance.org,Physician Assistant,United States,How Cost Impacts the Patient and Provider Journey,N,N,N,No,medical billing,10,patient payments,paypal (pypl),laybuy,,zippay,klarna,,,afterpay,,,,payment solutions,medical billing,,,paypal pay in 4,,wells fargo (wfc)
22-06-26,Freeman Health System,freemanhealth.com,Nurse Practitioner,United States,The Role of Third-Party  Financing in the Health and  Wellness Payment Landscape,N,N,N,No,wells fargo (wfc),7,patient payments,,,,,klarna,,,,,payment plan,,,medical billing,,paypal credit,paypal pay in 4,,wells fargo (wfc)
22-06-26,Gastro Health,gastrohealth.com,Physician Assistant,United States,The Role of Third-Party  Financing in the Health and  Wellness Payment Landscape,N,N,N,No,afterpay,5,patient payments,paypal (pypl),,debt relief,,,,paypal pay later,afterpay,,,,,,,,,,
22-06-26,Gbmc Healthcare,gbmc.org,Physician Assistant,United States,The Role of Third-Party  Financing in the Health and  Wellness Payment Landscape,N,N,N,No,medical billing,6,patient payments,,,,,klarna,,paypal pay later,afterpay,,,,,medical billing,,,paypal pay in 4,,
22-06-26,Health Care Logistics,gohcl.com,President,United States,Lifetime of Healthcare Costs in the U.S.,N,N,N,No,wells fargo (wfc),3,,paypal (pypl),,debt relief,,,,,,,,,,,,,,,wells fargo (wfc)
22-06-26,Health Care Logistics,gohcl.com,President,United States,Lifetime of Healthcare Costs in the U.S.,N,N,N,No,wells fargo (wfc),3,,paypal (pypl),,debt relief,,,,,,,,,,,,,,,wells fargo (wfc)
22-06-26,Greeley,greeley.com,President,United States,Recognizing Burnout in Healthcare Staff and Ideas for Addressing It,N,N,N,No,paypal (pypl),2,,paypal (pypl),,debt relief,,,,,,,,,,,,,,,
22-06-26,"Hanger, Inc.",hanger.com,"Financial Leader (VP, Analyst, Counselor)",United States,The Role of Third-Party  Financing in the Health and  Wellness Payment Landscape,N,N,N,No,wells fargo (wfc),3,,,,,,,,,,,,,payment solutions,medical billing,,,,,wells fargo (wfc)
22-06-26,Hms,hms.com,Vice President,United States,How Cost Impacts the Patient and Provider Journey,N,N,N,No,debt relief,5,patient payments,paypal (pypl),,debt relief,,,,,,,payment plan,,payment solutions,,,,,,
22-06-26,Homewatch Caregivers,homewatchcaregivers.com,President,United States,Lifetime of Healthcare Costs in the U.S.,N,N,N,No,afterpay,6,patient payments,,,,,klarna,,,afterpay,,,,payment solutions,,,,paypal pay in 4,,wells fargo (wfc)
22-06-26,Hosparus Health,hosparus.org,President,United States,How Cost Impacts the Patient and Provider Journey,N,N,N,No,debt relief,1,,,,debt relief,,,,,,,,,,,,,,,
22-06-26,"Health Services Advisory Group, Inc. (Hsag)",hsag.com,Vice President,United States,Lifetime of Healthcare Costs in the U.S.,N,N,N,No,klarna,5,,paypal (pypl),,,,klarna,,,afterpay,,payment plan,,,,,,,,wells fargo (wfc)
22-06-26,John Muir Health,johnmuirhealth.com,Physician Assistant,United States,The Role of Third-Party  Financing in the Health and  Wellness Payment Landscape,N,N,N,No,patient payments,7,patient payments,paypal (pypl),,,zippay,klarna,sezzle,,,,,credit Management,,medical billing,,,,,
22-06-26,Jupiter Medical Center,jupitermed.com,Physician Assistant,United States,The Role of Third-Party  Financing in the Health and  Wellness Payment Landscape,N,N,N,No,afterpay,7,patient payments,,,,,,,,afterpay,affirm,payment plan,,,,Affirm,,paypal pay in 4,,wells fargo (wfc)
22-06-26,Kennedy Krieger Institute,kennedykrieger.org,Nurse Practitioner,United States,Recognizing Burnout in Healthcare Staff and Ideas for Addressing It,N,N,N,No,afterpay,6,,,,,,,sezzle,paypal pay later,afterpay,,,,payment solutions,medical billing,,,paypal pay in 4,,
22-06-26,Kennedy Krieger Institute,kennedykrieger.org,Nurse Practitioner,United States,The Role of Third-Party  Financing in the Health and  Wellness Payment Landscape,N,N,N,No,afterpay,6,,,,,,,sezzle,paypal pay later,afterpay,,,,payment solutions,medical billing,,,paypal pay in 4,,
22-06-26,Lcmc Health,lcmchealth.org,Nurse Practitioner,United States,The Role of Third-Party  Financing in the Health and  Wellness Payment Landscape,N,N,N,No,payment solutions,5,patient payments,paypal (pypl),,,,,,,afterpay,,,,payment solutions,medical billing,,,,,
22-06-26,Licking Memorial Health Systems,lmhealth.org,Nurse Practitioner,United States,The Role of Third-Party  Financing in the Health and  Wellness Payment Landscape,N,N,N,No,patient payments,6,patient payments,paypal (pypl),,debt relief,zippay,,,,,,,,,,,,paypal pay in 4,,wells fargo (wfc)
22-06-26,Luminis Health,luminishealth.org,Physician Assistant,United States,Recognizing Burnout in Healthcare Staff and Ideas for Addressing It,N,N,N,No,patient payments,3,patient payments,paypal (pypl),,,,,,,,,,,,medical billing,,,,,
22-06-26,Oakwood Village,oakwoodvillage.net,Chief Financial Officer,United States,The Role of Third-Party  Financing in the Health and  Wellness Payment Landscape,N,N,N,No,debt relief,2,,,,debt relief,,,,,,,,,,,,,,,wells fargo (wfc)
22-06-26,Renown Health,renown.org,Nurse Practitioner,United States,Lifetime of Healthcare Costs in the U.S.,N,N,N,No,patient payments,9,patient payments,paypal (pypl),,,,,,paypal pay later,afterpay,,,,payment solutions,medical billing,,paypal credit,paypal pay in 4,,wells fargo (wfc)
22-06-26,Ro,ro.co,Nurse Practitioner,United States,Recognizing Burnout in Healthcare Staff and Ideas for Addressing It,N,N,N,No,debt relief,2,,paypal (pypl),,debt relief,,,,,,,,,,,,,,,
22-06-26,Rogers Behavioral Health,rogersbh.org,Nurse Practitioner,United States,Lifetime of Healthcare Costs in the U.S.,N,N,N,No,patient payments,4,patient payments,paypal (pypl),,,,,,paypal pay later,,,,,,,,,,,wells fargo (wfc)
22-06-26,Roper St. Francis Healthcare,rsfh.com,Nurse Practitioner,United States,Lifetime of Healthcare Costs in the U.S.,N,N,N,No,afterpay,4,patient payments,,,,,,,,afterpay,,,,,medical billing,,paypal credit,,,
22-06-26,Roper St. Francis Healthcare,rsfh.com,Physician Assistant,United States,The Role of Third-Party  Financing in the Health and  Wellness Payment Landscape,N,N,N,No,afterpay,4,patient payments,,,,,,,,afterpay,,,,,medical billing,,paypal credit,,,
22-06-26,Saint Francis Health System,saintfrancis.com,Physician Assistant,United States,Lifetime of Healthcare Costs in the U.S.,N,N,N,No,medical billing,5,patient payments,,,,,,,,afterpay,,,credit Management,,medical billing,,paypal credit,,,
22-06-26,Saint Francis Health System,saintfrancis.com,Nurse Practitioner,United States,The Role of Third-Party  Financing in the Health and  Wellness Payment Landscape,N,N,N,No,medical billing,5,patient payments,,,,,,,,afterpay,,,credit Management,,medical billing,,paypal credit,,,
22-06-26,Samaritan Health Services,samhealth.org,Physician Assistant,United States,Lifetime of Healthcare Costs in the U.S.,N,N,N,No,patient payments,7,patient payments,paypal (pypl),,,,klarna,,,,,,,payment solutions,medical billing,,,paypal pay in 4,,wells fargo (wfc)
22-06-26,Southern Ohio Medical Center,somc.org,Nurse Practitioner,United States,The Role of Third-Party  Financing in the Health and  Wellness Payment Landscape,N,N,N,No,klarna,5,patient payments,paypal (pypl),,,,klarna,,paypal pay later,,,,,,,,,paypal pay in 4,,
22-06-26,Sound Physicians,soundphysicians.com,Physician Assistant,United States,The Role of Third-Party  Financing in the Health and  Wellness Payment Landscape,N,N,N,No,paypal (pypl),7,patient payments,paypal (pypl),,,zippay,,,,,,,,payment solutions,medical billing,,paypal credit,paypal pay in 4,,
22-06-26,Thresholds,thresholds.org,Nurse Practitioner,United States,Recognizing Burnout in Healthcare Staff and Ideas for Addressing It,N,N,N,No,paypal (pypl),6,patient payments,paypal (pypl),,debt relief,,klarna,,,,,,,,,,,paypal pay in 4,,wells fargo (wfc)
22-06-26,"Vizient, Inc",vizientinc.com,Assistant Vice President,United States,The Role of Third-Party  Financing in the Health and  Wellness Payment Landscape,N,N,N,No,afterpay,7,patient payments,,,,,klarna,,paypal pay later,afterpay,,,,,medical billing,,,paypal pay in 4,,wells fargo (wfc)
23-06-26,Adventhealth,adventhealth.com,Physician Assistant,United States,Lifetime of Healthcare Costs in the U.S.,N,N,N,No,medical billing,6,patient payments,,,,,,sezzle,paypal pay later,afterpay,,,,,medical billing,,paypal credit,,,
23-06-26,Advocate Health,advocatehealth.org,Physician Assistant,United States,The Role of Third-Party  Financing in the Health and  Wellness Payment Landscape,N,N,N,No,afterpay,6,patient payments,,,,,,,,afterpay,,,,payment solutions,medical billing,,paypal credit,paypal pay in 4,,
23-06-26,Advocate Health,advocatehealth.org,Physician Assistant,United States,Recognizing Burnout in Healthcare Staff and Ideas for Addressing It,N,N,N,No,afterpay,6,patient payments,,,,,,,,afterpay,,,,payment solutions,medical billing,,paypal credit,paypal pay in 4,,
23-06-26,Athletico,athletico.com,Vice President,United States,Lifetime of Healthcare Costs in the U.S.,N,N,N,No,paypal pay in 4,5,patient payments,,,,,,sezzle,paypal pay later,afterpay,,,,,,,,paypal pay in 4,,
23-06-26,Athletico,athletico.com,Vice President,United States,Recognizing Burnout in Healthcare Staff and Ideas for Addressing It,N,N,N,No,paypal pay in 4,5,patient payments,,,,,,sezzle,paypal pay later,afterpay,,,,,,,,paypal pay in 4,,
23-06-26,Carilion Clinic,carilionclinic.org,Physician Assistant,United States,The Role of Third-Party  Financing in the Health and  Wellness Payment Landscape,N,N,N,No,patient payments,5,patient payments,,,,,,,paypal pay later,,,,,payment solutions,medical billing,,paypal credit,,,
23-06-26,Carilion Clinic,carilionclinic.org,Physician Assistant,United States,How Cost Impacts the Patient and Provider Journey,N,N,N,No,patient payments,5,patient payments,,,,,,,paypal pay later,,,,,payment solutions,medical billing,,paypal credit,,,
23-06-26,Community Healthcare Network,chnnyc.org,Nurse Practitioner,United States,The Role of Third-Party  Financing in the Health and  Wellness Payment Landscape,N,N,N,No,patient payments,6,patient payments,paypal (pypl),,debt relief,,,,,,,,,,,,paypal credit,paypal pay in 4,,wells fargo (wfc)
23-06-26,Catholic Health,chsli.org,Nurse Practitioner,United States,The Role of Third-Party  Financing in the Health and  Wellness Payment Landscape,N,N,N,No,afterpay,3,patient payments,,,,,,,,afterpay,,,,payment solutions,,,,,,
23-06-26,Coastal Orthopedics,coastalorthopedics.com,Physician Assistant,United States,How Cost Impacts the Patient and Provider Journey,N,N,N,No,debt relief,1,,,,debt relief,,,,,,,,,,,,,,,
23-06-26,Cone Health,conehealth.com,Physician Assistant,United States,Lifetime of Healthcare Costs in the U.S.,N,N,N,No,patient payments,11,patient payments,paypal (pypl),,,,klarna,,,,affirm,payment plan,credit Management,,medical billing,Affirm,paypal credit,paypal pay in 4,,wells fargo (wfc)
23-06-26,Cook Children's Health Care System,cookchildrens.org,Physician Assistant,United States,How Cost Impacts the Patient and Provider Journey,N,N,N,No,patient payments,3,patient payments,,,,,,,,,,,,payment solutions,medical billing,,,,,
23-06-26,Cornell Scott - Hill Health Center,cornellscott.org,Physician Assistant,United States,How Cost Impacts the Patient and Provider Journey,N,N,N,No,payment plan,2,patient payments,,,,,,,,,,payment plan,,,,,,,,
23-06-26,Cottage Hospital,cottagehospital.org,Nurse Practitioner,United States,The Role of Third-Party  Financing in the Health and  Wellness Payment Landscape,N,N,N,No,paypal (pypl),3,patient payments,paypal (pypl),,debt relief,,,,,,,,,,,,,,,
23-06-26,Vidant Health,ecuhealth.org,Nurse Practitioner,United States,Lifetime of Healthcare Costs in the U.S.,N,N,N,No,medical billing,1,,,,,,,,,,,,,,medical billing,,,,,
23-06-26,Envision,envisionhealth.com,Nurse Practitioner,United States,Lifetime of Healthcare Costs in the U.S.,N,N,N,No,paypal (pypl),5,patient payments,paypal (pypl),,,,,,,afterpay,,payment plan,,,,,,paypal pay in 4,,
23-06-26,Finger Lakes Health,flhealth.org,Physician Assistant,United States,The Role of Third-Party  Financing in the Health and  Wellness Payment Landscape,N,N,N,No,paypal (pypl),4,,paypal (pypl),,,,,,paypal pay later,,,,,,medical billing,,,,,wells fargo (wfc)
23-06-26,Edward M. Kennedy Community Health Center,kennedychc.org,Physician Assistant,United States,Lifetime of Healthcare Costs in the U.S.,N,N,N,No,wells fargo (wfc),4,,paypal (pypl),,,,,,,afterpay,,payment plan,,,,,,,,wells fargo (wfc)
23-06-26,Kettering Health,ketteringhealth.org,Nurse Practitioner,United States,How Cost Impacts the Patient and Provider Journey,N,N,N,No,afterpay,8,patient payments,paypal (pypl),,,,,sezzle,,afterpay,,,,payment solutions,medical billing,,,paypal pay in 4,,wells fargo (wfc)
23-06-26,Maine Medical Center,mainehealth.org,Physician Assistant,United States,Lifetime of Healthcare Costs in the U.S.,N,N,N,No,Affirm,13,patient payments,paypal (pypl),laybuy,,zippay,klarna,,,afterpay,affirm,payment plan,,,medical billing,Affirm,paypal credit,paypal pay in 4,,wells fargo (wfc)
23-06-26,Memorialcare,memorialcare.org,Nurse Practitioner,United States,Recognizing Burnout in Healthcare Staff and Ideas for Addressing It,N,N,N,No,afterpay,11,patient payments,,,debt relief,,klarna,sezzle,,afterpay,affirm,,,payment solutions,medical billing,Affirm,paypal credit,,,wells fargo (wfc)
23-06-26,Memorialcare,memorialcare.org,Nurse Practitioner,United States,Lifetime of Healthcare Costs in the U.S.,N,N,N,No,afterpay,11,patient payments,,,debt relief,,klarna,sezzle,,afterpay,affirm,,,payment solutions,medical billing,Affirm,paypal credit,,,wells fargo (wfc)
23-06-26,Memorial Sloan Kettering Cancer Center,mskcc.org,Nurse Practitioner,United States,How Cost Impacts the Patient and Provider Journey,N,N,N,No,patient payments,6,patient payments,,,,zippay,,,,afterpay,,payment plan,,,medical billing,,,paypal pay in 4,,
23-06-26,Ochsner Health,ochsner.org,Nurse Practitioner,United States,The Role of Third-Party  Financing in the Health and  Wellness Payment Landscape,N,N,N,No,medical billing,8,patient payments,,laybuy,,,klarna,,,afterpay,,,credit Management,,medical billing,,paypal credit,paypal pay in 4,,
23-06-26,Ochsner Lsu Health,ochsnerlsuhs.org,Physician Assistant,United States,How Cost Impacts the Patient and Provider Journey,N,N,N,No,wells fargo (wfc),3,,paypal (pypl),,,,,,paypal pay later,,,,,,,,,,,wells fargo (wfc)
23-06-26,Neumann Jane L Md,phci.org,Nurse Practitioner,United States,The Role of Third-Party  Financing in the Health and  Wellness Payment Landscape,N,N,N,No,wells fargo (wfc),1,,,,,,,,,,,,,,,,,,,wells fargo (wfc)
23-06-26,Premier Health Partners,premierhealth.com,Physician Assistant,United States,The Role of Third-Party  Financing in the Health and  Wellness Payment Landscape,N,N,N,No,medical billing,6,patient payments,,,debt relief,,klarna,,,afterpay,,,,payment solutions,medical billing,,,,,
23-06-26,Tidalhealth,tidalhealth.org,Physician Assistant,United States,Lifetime of Healthcare Costs in the U.S.,N,N,N,No,patient payments,2,patient payments,,,,,,,,,,,,,,,,,,wells fargo (wfc)
23-06-26,Tidelands Health,tidelandshealth.org,Physician Assistant,United States,Recognizing Burnout in Healthcare Staff and Ideas for Addressing It,N,N,N,No,afterpay,5,patient payments,,,debt relief,,klarna,,,afterpay,,,,,,,,paypal pay in 4,,
23-06-26,Tidelands Health,tidelandshealth.org,Physician Assistant,United States,Lifetime of Healthcare Costs in the U.S.,N,N,N,No,afterpay,5,patient payments,,,debt relief,,klarna,,,afterpay,,,,,,,,paypal pay in 4,,
23-06-26,University Medical Center Of Southern Nevada (Umc),umcsn.com,Nurse Practitioner,United States,Recognizing Burnout in Healthcare Staff and Ideas for Addressing It,N,N,N,No,patient payments,7,patient payments,paypal (pypl),,,,,sezzle,paypal pay later,,,payment plan,,,,,,paypal pay in 4,,wells fargo (wfc)
23-06-26,U.S. Renal Care,usrenalcare.com,Nurse Practitioner,United States,The Role of Third-Party  Financing in the Health and  Wellness Payment Landscape,N,N,N,No,afterpay,6,,paypal (pypl),,,,klarna,,,afterpay,,payment plan,,,medical billing,,paypal credit,,,
23-06-26,U.S. Renal Care,usrenalcare.com,Nurse Practitioner,United States,Lifetime of Healthcare Costs in the U.S.,N,N,N,No,afterpay,6,,paypal (pypl),,,,klarna,,,afterpay,,payment plan,,,medical billing,,paypal credit,,,
24-06-26,Penn Medicine Princeton Health,princetonhcs.org,"Patient Access Leader (Director, Specialist)",United States,Lifetime of Healthcare Costs in the U.S.,N,N,N,No,medical billing,5,patient payments,,,,zippay,,,,,,,,,medical billing,,paypal credit,paypal pay in 4,,
02-07-26,Athletico,athletico.com,"Revenue Cycle Leader (VP, Director, Manager)",United States,The Role of Third-Party  Financing in the Health and  Wellness Payment Landscape,N,N,N,No,paypal pay in 4,5,patient payments,,,,,,sezzle,paypal pay later,afterpay,,,,,,,,paypal pay in 4,,
02-07-26,Centerstone,centerstone.org,Nurse Practitioner,United States,How Cost Impacts the Patient and Provider Journey,N,N,N,No,paypal credit,7,patient payments,paypal (pypl),,,,,,,afterpay,,payment plan,,payment solutions,,,paypal credit,paypal pay in 4,,
02-07-26,Guthrie,guthrie.org,Nurse Practitioner,United States,The Role of Third-Party  Financing in the Health and  Wellness Payment Landscape,N,N,N,No,paypal (pypl),5,patient payments,paypal (pypl),,,,,,,afterpay,,,,,,,paypal credit,,,wells fargo (wfc)
02-07-26,Home Instead,homeinstead.com,President,United States,How Cost Impacts the Patient and Provider Journey,N,N,N,No,medical billing,11,,paypal (pypl),,debt relief,,klarna,sezzle,,afterpay,affirm,,,payment solutions,medical billing,Affirm,,paypal pay in 4,,wells fargo (wfc)
02-07-26,Home Instead,homeinstead.com,President,United States,Recognizing Burnout in Healthcare Staff and Ideas for Addressing It,N,N,N,No,medical billing,11,,paypal (pypl),,debt relief,,klarna,sezzle,,afterpay,affirm,,,payment solutions,medical billing,Affirm,,paypal pay in 4,,wells fargo (wfc)
02-07-26,Kadlec,kadlec.org,Nurse Practitioner,United States,Lifetime of Healthcare Costs in the U.S.,N,N,N,No,paypal (pypl),4,,paypal (pypl),,,,,,,,,,,,medical billing,,,paypal pay in 4,,wells fargo (wfc)
02-07-26,Legacy Healthcare Services,legacyinc.com,"Financial Leader (VP, Analyst, Counselor)",United States,How Cost Impacts the Patient and Provider Journey,N,N,N,No,patient payments,5,patient payments,paypal (pypl),,debt relief,,,,paypal pay later,,,,,,,,,paypal pay in 4,,
02-07-26,Legacy Healthcare Services,legacyinc.com,Chief Executive Officer,United States,Recognizing Burnout in Healthcare Staff and Ideas for Addressing It,N,N,N,No,patient payments,5,patient payments,paypal (pypl),,debt relief,,,,paypal pay later,,,,,,,,,paypal pay in 4,,
02-07-26,"Luther Manor, A Life Plan Community",luthermanor.org,Chief Financial Officer,United States,How Cost Impacts the Patient and Provider Journey,N,N,N,No,paypal pay in 4,3,,paypal (pypl),,,,,,paypal pay later,,,,,,,,,paypal pay in 4,,
02-07-26,Medical Service Company,medicalserviceco.com,"Financial Leader (VP, Analyst, Counselor)",United States,Recognizing Burnout in Healthcare Staff and Ideas for Addressing It,N,N,N,No,debt relief,1,,,,debt relief,,,,,,,,,,,,,,,
02-07-26,Mount Sinai Health System,mountsinai.org,Physician Assistant,United States,The Role of Third-Party  Financing in the Health and  Wellness Payment Landscape,N,N,N,No,paypal (pypl),11,patient payments,paypal (pypl),,,,,sezzle,,afterpay,affirm,payment plan,credit Management,,medical billing,Affirm,,paypal pay in 4,greensky,
02-07-26,Memorial Sloan Kettering Cancer Center,mskcc.org,"Financial Leader (VP, Analyst, Counselor)",United States,Recognizing Burnout in Healthcare Staff and Ideas for Addressing It,N,N,N,No,patient payments,6,patient payments,,,,zippay,,,,afterpay,,payment plan,,,medical billing,,,paypal pay in 4,,
02-07-26,Mt. Washington Pediatric Hospital,mwph.org,Nurse Practitioner,United States,The Role of Third-Party  Financing in the Health and  Wellness Payment Landscape,N,N,N,No,paypal (pypl),6,,paypal (pypl),,,,klarna,,paypal pay later,,,,,,medical billing,,,paypal pay in 4,,wells fargo (wfc)
02-07-26,Planned Parenthood North Central States,ppmns.org,Chief Financial Officer,United States,How Cost Impacts the Patient and Provider Journey,N,N,N,No,,0,,,,,,,,,,,,,,,,,,,
02-07-26,"Surgery Partners, Inc",surgerypartners.com,Chief Financial Officer,United States,Lifetime of Healthcare Costs in the U.S.,N,N,N,No,payment solutions,5,patient payments,,,,,,,,afterpay,,payment plan,,payment solutions,,,,,,wells fargo (wfc)
02-07-26,Tidelands Health,tidelandshealth.org,Nurse Practitioner,United States,Recognizing Burnout in Healthcare Staff and Ideas for Addressing It,N,N,N,No,afterpay,5,patient payments,,,debt relief,,klarna,,,afterpay,,,,,,,,paypal pay in 4,,
02-07-26,"Unity Healthcare, Llc",unityhc.com,Nurse Practitioner,United States,Lifetime of Healthcare Costs in the U.S.,N,N,N,No,debt relief,1,,,,debt relief,,,,,,,,,,,,,,,
